"MapFile.java","13"
"RecordInput.java","32"
"TestTFileNoneCodecsByteArrays.java","247"
"ContainerSimulator.java","0"
"Chunk.java","15"
"MD5MD5CRC32GzipFileChecksum.java","4"
"Path.java","8"
"ParsedConfigFile.java","1"
"Decompressor.java","14"
"ProtocolProxy.java","25"
"TestChRootedFileSystem.java","152"
"CopyListing.java","0"
"CompareUtils.java","15"
"AccessPrivilege.java","0"
"CapacitySchedulerMetrics.java","0"
"GangliaMetricsTestHelper.java","268"
"JobSubmitter.java","0"
"RoundRobinUserResolver.java","0"
"TestCachingKeyProvider.java","64"
"TestLocalFSContractOpen.java","147"
"TestTFileComparator2.java","247"
"SLSConfiguration.java","0"
"VerifierGSS.java","0"
"CompressionEmulationUtil.java","5"
"TestPrint0.java","150"
"TestIOUtils.java","187"
"LoadTypedBytes.java","2"
"FailureInjectingJavaKeyStoreProvider.java","64"
"DataInputBuffer.java","14"
"IdentityProvider.java","20"
"DelegationTokenAuthenticationHandler.java","44"
"ServletUtil.java","47"
"FilterExpression.java","12"
"TestGlobPattern.java","69"
"TestCompositeGroupMapping.java","273"
"BadFencingConfigurationException.java","12"
"TrashPolicy.java","10"
"RpcAuthInfo.java","0"
"GridmixTestUtils.java","6"
"QueueName.java","2"
"RpcNoSuchMethodException.java","22"
"ContextFactory.java","25"
"ParsedJob.java","2"
"SslSocketConnectorSecure.java","43"
"CanSetReadahead.java","10"
"NullContext.java","25"
"HarFileSystem.java","7"
"TestAsyncDiskService.java","312"
"TestClassWithNoPackage.java","4"
"PathIsNotDirectoryException.java","4"
"JMXJsonServlet.java","25"
"LocalDirAllocator.java","6"
"TestFilterFs.java","104"
"TestUserResolve.java","6"
"TestStaticMapping.java","268"
"ClassLoaderCheckMain.java","309"
"GangliaContext31.java","25"
"JBuffer.java","33"
"FileContextCreateMkdirBaseTest.java","144"
"TestWebDelegationToken.java","292"
"NativeAzureFileSystem.java","2"
"TestSwiftFileSystemBasicOps.java","13"
"DataOutputOutputStream.java","12"
"RefreshCallQueueProtocol.java","21"
"StressJobFactory.java","5"
"XMLUtils.java","47"
"Globber.java","4"
"GenericWritable.java","14"
"PlatformName.java","1"
"TestHostsFileReader.java","309"
"Display.java","11"
"TestConfigurationDeprecation.java","50"
"MachineNode.java","1"
"ComparableVersion.java","50"
"TestSocketIOWithTimeout.java","271"
"ProxyUsers.java","42"
"TestFairCallQueue.java","259"
"RetryPolicies.java","16"
"TestLocalFSContractSeek.java","147"
"MapWritable.java","12"
"ClientId.java","21"
"NativeFileSystemStore.java","2"
"GridmixJobSubmissionPolicy.java","6"
"CipherSuite.java","1"
"ThrottledInputStream.java","0"
"Tail.java","12"
"Signer.java","1"
"WhoServlet.java","0"
"ExceptionDiags.java","0"
"RMDIR3Request.java","0"
"TestTypedBytesStreaming.java","4"
"TestGroupsCaching.java","276"
"ProtocolInfo.java","25"
"TestFailoverProxy.java","258"
"FSDataInputStream.java","10"
"MockFileSystem.java","152"
"KeyProviderException.java","3"
"StringSignerSecretProviderCreator.java","7"
"TestRandomSignerSecretProvider.java","7"
"DirectDecompressor.java","14"
"CryptoFSDataInputStream.java","10"
"RefreshCallQueueProtocolPB.java","25"
"SleepJob.java","5"
"Task20LineHistoryEventEmitter.java","1"
"TextOutputReader.java","3"
"TestNetUtils.java","271"
"TestRpcReply.java","0"
"JobFactory.java","5"
"TestGenericOptionsParser.java","312"
"FileUtil.java","10"
"HealthCheckFailedException.java","12"
"VIntWritable.java","13"
"TestTFileUnsortedByteArrays.java","219"
"MetricsLongValue.java","28"
"CompressionCodecFactory.java","14"
"TestStringSignerSecretProvider.java","7"
"IndexedSorter.java","47"
"JarFinder.java","312"
"JobBase.java","1"
"AvroSerialization.java","16"
"GangliaContext.java","25"
"TestCLI.java","50"
"ContractOptions.java","147"
"XDR.java","0"
"TestVersionedWritable.java","180"
"TestFsPermission.java","148"
"Filter.java","50"
"TestTFileLzoCodecsByteArrays.java","247"
"TestNativeAzureFileSystemConcurrency.java","10"
"RandomSeedGenerator.java","1"
"ServletUtils.java","44"
"WasbFsck.java","2"
"DoubleWritable.java","12"
"AbstractFSContract.java","146"
"FSMainOperationsBaseTest.java","140"
"ServiceFailedException.java","12"
"TestUniqNames.java","268"
"SwiftContract.java","14"
"NodeName.java","2"
"FileSignerSecretProvider.java","1"
"MetricsTag.java","28"
"FsUrlStreamHandler.java","8"
"INode.java","0"
"SimpleTcpServer.java","0"
"TestLocalDirAllocator.java","145"
"SimpleUdpServer.java","0"
"SaslInputStream.java","37"
"FairSchedulerMetrics.java","0"
"CompressorStream.java","14"
"TestBandwidthGaugeUpdater.java","15"
"Lz4Compressor.java","14"
"TestAvroSerialization.java","258"
"DecayRpcScheduler.java","22"
"SimpleTcpClient.java","0"
"Ls.java","10"
"DeepCompare.java","1"
"AzureFileSystemInstrumentation.java","3"
"ShellCommandFencer.java","12"
"RawBytesMapApp.java","3"
"KeySampler.java","247"
"JsonObjectMapperParser.java","1"
"KMSServerJSONUtils.java","0"
"TestHttpExceptionUtils.java","311"
"TestJets3tNativeFileSystemStore.java","6"
"MetricsSink.java","28"
"GenerateDistCacheData.java","0"
"AzureBlobStorageTestAccount.java","5"
"SecurityInfo.java","36"
"TestHistograms.java","3"
"FSOutputSummer.java","7"
"TestArrayFile.java","180"
"TypedBytesInputWriter.java","3"
"TestWritable.java","186"
"PositionedReadable.java","10"
"DistCh.java","0"
"IpcException.java","22"
"TestStreamingBadRecords.java","3"
"LocalFSContract.java","147"
"DefaultDataType.java","2"
"OptionsParser.java","0"
"XAttrCodec.java","10"
"TypeID.java","36"
"RefreshUserMappingsProtocolPB.java","42"
"ViewFileSystem.java","12"
"FileAlreadyExistsException.java","6"
"SimpleUdpClient.java","0"
"MRAMSimulator.java","0"
"KMSAudit.java","0"
"RENAME3Response.java","0"
"ChunkedArrayList.java","47"
"ApiKeyAuthenticationRequest.java","0"
"READDIRPLUS3Request.java","0"
"TestMetricsAnnotations.java","268"
"RecordFactory.java","6"
"TreePath.java","1"
"OsSecureRandom.java","4"
"DecayRpcSchedulerMXBean.java","20"
"LightWeightCache.java","47"
"DNS.java","30"
"AbstractContractConcatTest.java","147"
"MD5MD5CRC32FileChecksum.java","10"
"MetricType.java","28"
"Reconfigurable.java","0"
"GSetByHashMap.java","47"
"XAttrCommands.java","10"
"GETATTR3Response.java","0"
"TestFileQueue.java","10"
"S3FileSystemContractBaseTest.java","5"
"S3InMemoryFileSystem.java","5"
"TestRetryCache.java","258"
"RegistrationClient.java","0"
"TestShellDecryptionKeyProvider.java","7"
"TestFailoverController.java","170"
"MutableCounter.java","28"
"HostsFileReader.java","47"
"SignalLogger.java","48"
"Verifier.java","0"
"TestDU.java","117"
"TestTFileComparators.java","235"
"FsUrlStreamHandlerFactory.java","7"
"TestFsShellCopy.java","140"
"MutableMetricsFactory.java","28"
"RecordTypeInfo.java","36"
"SaslPlainServer.java","36"
"ByteWritable.java","14"
"SimpleCharStream.java","36"
"MutableCounterLong.java","28"
"HttpServer2.java","12"
"BZip2Codec.java","14"
"TestDecayRpcScheduler.java","265"
"ChildReaper.java","50"
"TestSwiftContractOpen.java","14"
"Pair.java","2"
"TestPureJavaCrc32.java","311"
"BuiltInZlibInflater.java","15"
"AuthenticationFilter.java","0"
"CompositeGroupsMapping.java","39"
"BZip2DummyDecompressor.java","14"
"SequenceFile.java","14"
"S3NInMemoryFileSystem.java","6"
"TestMultipleArchiveFiles.java","3"
"TestProxyUserFromEnv.java","276"
"FilterFileSystem.java","4"
"FileEncryptionInfo.java","10"
"MetaBlockDoesNotExist.java","15"
"DelegationTokenAuthenticationFilter.java","44"
"FileName.java","2"
"GenericOptionsParser.java","49"
"TestRpcCallCache.java","0"
"StorageType.java","4"
"TestViewFsWithAuthorityLocalFs.java","153"
"DataOutputByteBuffer.java","13"
"ACCESS3Request.java","0"
"DebugJobFactory.java","6"
"NodeUpdateSchedulerEventWrapper.java","0"
"SwiftInvalidResponseException.java","0"
"SwiftBadRequestException.java","0"
"HAServiceProtocolClientSideTranslatorPB.java","12"
"TestPatternFilter.java","268"
"RetryCacheMetrics.java","25"
"CompressionInputStream.java","14"
"TestStreamingFailure.java","3"
"TestKerberosUtil.java","9"
"FileBasedKeyStoresFactory.java","42"
"TestFsOptions.java","122"
"MetricsRecords.java","268"
"ViewFsTestSetup.java","153"
"TestLocalFSFileContextCreateMkdir.java","104"
"StringInterner.java","48"
"ValueCountReduce.java","4"
"LoadSplit.java","0"
"TestBooleanWritable.java","175"
"TestGangliaContext.java","268"
"RetriableDirectoryCreateCommand.java","0"
"CryptoInputStream.java","2"
"DirectDecompressionCodec.java","14"
"TestAzureFileSystemInstrumentation.java","15"
"SwiftTestConstants.java","4"
"ReflectionUtils.java","46"
"VersionUtil.java","45"
"NetworkTopologyWithNodeGroup.java","29"
"TestConfiguration.java","57"
"Options.java","45"
"LocalFileSystemConfigKeys.java","4"
"S3AFileStatus.java","3"
"TestLineReader.java","311"
"PipeMapRunner.java","1"
"CryptoFSDataOutputStream.java","10"
"FSInputStream.java","9"
"AvroTestUtil.java","175"
"FileContextPermissionBase.java","141"
"NativeS3FileSystemContractBaseTest.java","5"
"TestS3AContractSeek.java","5"
"TestOptions.java","312"
"TestNfsTime.java","0"
"RollingWindowAverage.java","3"
"Compressor.java","14"
"TestIndexedSort.java","312"
"TestCodecFactory.java","187"
"ByteArray.java","15"
"MBeans.java","28"
"TestS3NContractSeek.java","5"
"AbstractClusterStory.java","1"
"TestTableMapping.java","268"
"TestShellBasedIdMapping.java","277"
"TestWritableUtils.java","180"
"TestDataChecksum.java","311"
"RetryCache.java","25"
"CLITestHelper.java","50"
"ChecksumException.java","10"
"NativeS3Contract.java","5"
"AbstractBondedFSContract.java","145"
"AbstractFSContractTestBase.java","147"
"OpensslSecureRandom.java","4"
"TestSwiftFileSystemDirectoriesHdfs2.java","14"
"FTPInputStream.java","10"
"TestS3AFastOutputStream.java","5"
"TokenMgrError.java","33"
"ClassLoaderCheckThird.java","311"
"CommonConfigurationKeys.java","10"
"LdapGroupsMapping.java","36"
"Writable.java","13"
"SequentialNumber.java","47"
"RefreshAuthorizationPolicyProtocolPB.java","42"
"TestAzureFileSystemErrorConditions.java","12"
"IdGenerator.java","47"
"SwiftThrottledRequestException.java","0"
"SwiftFileSystemBaseTest.java","2"
"Job20LineHistoryEventEmitter.java","1"
"TestNativeAzureFileSystemMocked.java","15"
"NotInMountpointException.java","12"
"JvmMetrics.java","28"
"MetricsSource.java","28"
"TestTFileByteArrays.java","235"
"TestDistCpSync.java","13"
"SwiftRestClient.java","0"
"WritableRpcEngine.java","22"
"FSWrapper.java","69"
"RackNode.java","1"
"TestStringInterner.java","309"
"Nfs3Interface.java","0"
"RawLocalFileSystem.java","9"
"TestChangeOrgNameAndDomain.java","0"
"TestS3NContractRootDir.java","5"
"AnnotatedSecurityInfo.java","37"
"DefaultJobPropertiesParser.java","3"
"LocatedFileStatus.java","10"
"MultipleIOException.java","12"
"UnreliableImplementation.java","256"
"CopyListingFileStatus.java","0"
"ConfigBuilder.java","268"
"MetricGaugeInt.java","28"
"VectorTypeID.java","36"
"TestHelper.java","152"
"DNSToSwitchMapping.java","29"
"JerseyResource.java","172"
"TestDumpTypedBytes.java","15"
"TestSocketFactory.java","259"
"LocalConfigKeys.java","10"
"TestShutdownThreadsHelper.java","311"
"TestCodecPool.java","187"
"Endpoint.java","0"
"RootDocProcessor.java","0"
"TestFileSystemInitialization.java","145"
"DelegateToFileSystem.java","10"
"SnapshotCommands.java","12"
"FileSystemTestHelper.java","103"
"TestSaslRPC.java","259"
"TokenComparator.java","50"
"PseudoDelegationTokenAuthenticationHandler.java","44"
"NfsFileType.java","0"
"PortmapMapping.java","0"
"DefaultFailoverProxyProvider.java","16"
"TestWasbFsck.java","15"
"TestHealthMonitor.java","158"
"FileSystemLinkResolver.java","4"
"HAServiceTarget.java","12"
"PipeMapper.java","1"
"DelegationTokenAuthenticator.java","44"
"FileContextUtilBase.java","69"
"TestSymlinkLocalFS.java","73"
"SecretManager.java","44"
"ObjectWritable.java","14"
"HttpInputStreamWithRelease.java","0"
"CLICommandTypes.java","50"
"FileBasedIPList.java","47"
"HarFs.java","4"
"TestRolloverSignerSecretProvider.java","7"
"CodeGenerator.java","33"
"Token.java","44"
"BloomMapFile.java","14"
"TestCacheableIPList.java","314"
"DistributedCacheEmulator.java","6"
"Closeable.java","12"
"FailoverProxyProvider.java","16"
"ResourceUsageMatcher.java","6"
"AtMostOnce.java","16"
"TestFilterFileSystem.java","103"
"JsonObjectMapperWriter.java","2"
"HAServiceProtocolHelper.java","12"
"TestVLong.java","217"
"TypedBytesReduceApp.java","10"
"JavaSerializationComparator.java","16"
"TestLoadBalancingKMSClientProvider.java","64"
"MetricGaugeLong.java","28"
"FilterFs.java","10"
"FastByteComparisons.java","14"
"JavaGenerator.java","33"
"GenericRefreshProtocolClientSideTranslatorPB.java","25"
"MD5MD5CRC32CastagnoliFileChecksum.java","8"
"TestFilePool.java","6"
"ArrayWritable.java","14"
"MapTaskAttemptInfo.java","1"
"Outputter.java","2"
"StatListener.java","0"
"ChRootedFileSystem.java","12"
"ComparatorData.java","50"
"AcceptAllFilter.java","11"
"MetricsException.java","28"
"TestDeprecatedKeys.java","57"
"UnreliableInterface.java","258"
"TestRollingWindowAverage.java","15"
"ExcludePrivateAnnotationsStandardDoclet.java","0"
"HttpRequestLog.java","12"
"Key.java","50"
"CGenerator.java","33"
"TestWeightedRoundRobinMultiplexer.java","258"
"FileContext.java","8"
"Idempotent.java","16"
"Tool.java","47"
"BoundedRangeFileInputStream.java","15"
"AbstractDelegationTokenIdentifier.java","44"
"MetricsSourceBuilder.java","28"
"ReadRecordFactory.java","0"
"And.java","12"
"RpcScheduler.java","21"
"DefaultOutputter.java","2"
"TestReconfiguration.java","60"
"TestJMXJsonServlet.java","268"
"TestSwiftConfig.java","2"
"TestStopWatch.java","311"
"FSINFO3Response.java","0"
"TestRawlocalContractMkdir.java","147"
"KeyShell.java","2"
"SecurityUtil.java","42"
"TestAzureConcurrentOutOfBandIo.java","7"
"Daemon.java","47"
"TestTextNonUTF8.java","180"
"ResourceUsageEmulatorPlugin.java","6"
"RccTask.java","33"
"SaslRpcServer.java","38"
"CopyOutputFormat.java","0"
"TestSwiftContractDelete.java","14"
"HAServiceProtocolServerSideTranslatorPB.java","12"
"S3AInputStream.java","1"
"GlobExpander.java","4"
"S3FileSystem.java","0"
"MetricsTimeVaryingRate.java","28"
"TestCryptoCodec.java","60"
"WordList.java","2"
"TestSequenceFileSerialization.java","180"
"TestCopyCommitter.java","13"
"COMMIT3Response.java","0"
"READDIR3Response.java","0"
"TestAuthenticationFilter.java","273"
"JFloat.java","33"
"TestS3InMemoryFileSystem.java","5"
"TestDefaultStringifier.java","175"
"TestTFileLzoCodecsStreams.java","214"
"TestJNIGroupsMapping.java","274"
"DistCpSync.java","0"
"ClientBaseWithFixes.java","157"
"EchoUserResolver.java","6"
"MsInfo.java","28"
"TestCredentialProviderFactory.java","277"
"TrApp.java","4"
"TaskInfo.java","1"
"AutoInputFormat.java","1"
"HadoopIllegalArgumentException.java","0"
"KMSAuthenticationFilter.java","0"
"IndexedSortable.java","49"
"TestGenericWritable.java","183"
"TestSecureIOUtils.java","182"
"GetUserMappingsProtocol.java","44"
"PseudoLocalFs.java","5"
"TestPath.java","142"
"MutableGauge.java","28"
"RccConstants.java","33"
"SaslPropertiesResolver.java","36"
"TestGraphiteMetrics.java","268"
"SwiftConfigurationException.java","0"
"TestReloadingX509TrustManager.java","285"
"AbstractContractOpenTest.java","147"
"TestStreamingExitStatus.java","4"
"ParsedLine.java","1"
"PageBlobOutputStream.java","3"
"TestFSMainOperationsSwift.java","4"
"OutputOnlyApp.java","4"
"CountingBloomFilter.java","50"
"TestSwiftContractMkdir.java","14"
"PipeMapRed.java","2"
"SpanReceiverInfoBuilder.java","45"
"StructureGenerator.java","147"
"LocalFs.java","10"
"MetricsFilter.java","28"
"TFileDumper.java","16"
"ChmodParser.java","10"
"TestTrash.java","69"
"TypedBytesOutputReader.java","3"
"ValueQueue.java","3"
"CanSetDropBehind.java","4"
"FSExceptionMessages.java","10"
"TestSwiftRestClient.java","18"
"TestS3NContractDelete.java","5"
"TestViewFileSystemDelegation.java","152"
"ByteBufferPool.java","12"
"FsAction.java","10"
"IOUtils.java","14"
"TestTFileSeek.java","217"
"TestUTF8.java","180"
"TestLog4Json.java","268"
"SecurityUtilTestHelper.java","273"
"HAServiceProtocol.java","12"
"MutableCounterInt.java","28"
"TestAltKerberosAuthenticationHandler.java","4"
"AzureFileSystemMetricsSystem.java","5"
"ManualTestKeytabLogins.java","273"
"SYMLINK3Request.java","0"
"JCompType.java","33"
"ZKUtil.java","48"
"TestLocalFSContractMkdir.java","147"
"MoreAsserts.java","306"
"AzureLinkedStack.java","3"
"TrashPolicyDefault.java","4"
"RpcServerException.java","21"
"RMNodeWrapper.java","0"
"IntWritable.java","13"
"TestFcCreateMkdirLocalFs.java","152"
"ObjectStringSerializer.java","3"
"CREATE3Response.java","0"
"TestCompressorDecompressor.java","187"
"MetricsSystemImpl.java","28"
"IdMappingServiceProvider.java","37"
"TestSerializationFactory.java","258"
"TestRetriableCommand.java","17"
"AzureException.java","2"
"FileContextURIBase.java","103"
"TestLocalFSContractCreate.java","147"
"DefaultInputDemuxer.java","1"
"TestLocalFsFCStatistics.java","122"
"RumenToSLSConverter.java","0"
"BCFile.java","16"
"DecompressorStream.java","14"
"TestKMS.java","10"
"StrictBufferedFSInputStream.java","1"
"IdentityHashStore.java","48"
"FileSystemStore.java","0"
"CredentialShell.java","42"
"PerformanceAdvisory.java","45"
"AbstractMetric.java","28"
"JvmPauseMonitor.java","49"
"TestLocalFileSystem.java","121"
"TestWriteManySmallFiles.java","18"
"TestS3NContractMkdir.java","5"
"TestRandomTextDataGenerator.java","6"
"UserName.java","2"
"TestCryptoStreamsWithOpensslAesCtrCryptoCodec.java","62"
"TestZKFailoverControllerStress.java","157"
"HAServiceProtocolPB.java","12"
"BloomFilter.java","50"
"RawlocalFSContract.java","147"
"TestReflectionUtils.java","311"
"Rcc.java","36"
"InputDemuxer.java","1"
"CompressDecompressTester.java","189"
"MetricsLists.java","268"
"FileChecksum.java","4"
"TestCopyFiles.java","0"
"MutableRates.java","28"
"TestOsSecureRandom.java","64"
"TestZKSignerSecretProvider.java","7"
"ZlibCompressor.java","15"
"TestHttpServerLifecycle.java","172"
"TestPseudoLocalFs.java","6"
"InvalidPathException.java","10"
"FailoverController.java","12"
"TestSortedMapWritable.java","186"
"MapAttempt20LineHistoryEventEmitter.java","1"
"TestViewFileSystemDelegationTokenSupport.java","153"
"S3AScaleTestBase.java","5"
"OpensslAesCtrCryptoCodec.java","2"
"TestLogLevel.java","268"
"RemoteIterator.java","10"
"TestShutdownHookManager.java","314"
"TestCredentialProvider.java","277"
"TestStreamingKeyValue.java","11"
"SwiftUtils.java","2"
"Command.java","10"
"DistCpConstants.java","0"
"PasswordAuthenticationRequest.java","0"
"TestSwiftObjectPath.java","2"
"JLong.java","33"
"ClassLoaderCheck.java","312"
"HttpExceptionUtils.java","50"
"Lz4Decompressor.java","14"
"RegexpAcrossOutputComparator.java","50"
"MetricCounterLong.java","28"
"MergeSort.java","47"
"Text.java","12"
"Wasb.java","3"
"NanoTimer.java","214"
"TestDistCpViewFs.java","13"
"FSTestWrapper.java","145"
"Folder.java","1"
"MKNOD3Response.java","0"
"PortmapResponse.java","0"
"TestHarFileSystem.java","124"
"ZombieCluster.java","2"
"RpcInvocationHandler.java","22"
"DynamicBloomFilter.java","50"
"MachineList.java","48"
"TestTFileSeqFileComparison.java","235"
"PathData.java","10"
"ElasticByteBufferPool.java","12"
"HashFunction.java","50"
"TestStreamJob.java","4"
"MetricsBufferBuilder.java","28"
"TestKeyProviderCryptoExtension.java","64"
"TestBlobMetadata.java","15"
"AvgRecordFactory.java","5"
"MutableStat.java","28"
"TotalHeapUsageEmulatorPlugin.java","6"
"Mkdir.java","12"
"ProtoUtil.java","45"
"KeyProviderExtension.java","2"
"KeyOnlyTextOutputReader.java","3"
"AvroFSInput.java","10"
"FSCmdExecutor.java","50"
"NodeInfo.java","0"
"TestNMSimulator.java","0"
"DfsTask.java","0"
"JvmMetricsInfo.java","28"
"AuthorizationException.java","42"
"StubContext.java","0"
"LineReader.java","49"
"HasFileDescriptor.java","10"
"TypedBytesRecordOutput.java","3"
"ParentNotDirectoryException.java","10"
"TestMove.java","149"
"LifecycleEvent.java","44"
"TestFilterExpression.java","150"
"TestLightWeightCache.java","316"
"GenerateData.java","5"
"ExpressionFactory.java","12"
"AvroSpecificSerialization.java","16"
"TestMetricsCache.java","268"
"TestGenericsUtil.java","311"
"S3Exception.java","0"
"IntrusiveCollection.java","47"
"ByteBufferReadable.java","5"
"TestAutoInputFormat.java","14"
"TestKerberosName.java","17"
"TestSymLink.java","14"
"TestS3NContractRename.java","5"
"QuickSort.java","48"
"TestDistCpWithXAttrs.java","0"
"PseudoDelegationTokenAuthenticator.java","44"
"ZKFCProtocol.java","12"
"TestS3ADeleteManyFiles.java","5"
"RpcProgram.java","0"
"CompressionOutputStream.java","14"
"Metrics.java","28"
"MutableGaugeLong.java","28"
"CLICommand.java","50"
"Portmap.java","0"
"PureJavaCrc32.java","49"
"SpanReceiverInfo.java","45"
"GroupMappingServiceProvider.java","42"
"TestKeyProviderDelegationTokenExtension.java","62"
"Service.java","44"
"SetFile.java","12"
"KeystoneApiKeyCredentials.java","0"
"TestFileUtil.java","78"
"ProxyServers.java","42"
"TestServletFilter.java","172"
"TestSwiftContractRootDir.java","14"
"TypedBytesWritableInput.java","3"
"CachingKeyProvider.java","2"
"TestLocal_S3FileContextURI.java","69"
"TestGetFileBlockLocations.java","79"
"TestSnappyCompressorDecompressor.java","209"
"TestChRootedFs.java","154"
"VersionInfo.java","48"
"TestViewfsFileStatus.java","154"
"UserIdentityProvider.java","21"
"TestIntegration.java","0"
"PseudoAuthenticationHandler.java","0"
"TestDistCacheEmulation.java","7"
"CopyMethod.java","0"
"TestWritableName.java","180"
"EventCounter.java","25"
"TestCodec.java","189"
"MigrationTool.java","0"
"KeyProviderCryptoExtension.java","2"
"ConfigUtil.java","268"
"FTPFileSystem.java","10"
"RpcClientUtil.java","20"
"UserResolver.java","0"
"TestSwitchMapping.java","271"
"DfsZeroLen.java","0"
"AclCommands.java","12"
"MBeanInfoBuilder.java","28"
"TestPseudoAuthenticationHandler.java","4"
"READ3Response.java","0"
"ClassName.java","2"
"TestViewFsConfig.java","152"
"TestHadoopArchives.java","2"
"TestLz4CompressorDecompressor.java","199"
"DomainSocketWatcher.java","32"
"PossiblyDecompressedInputStream.java","1"
"CombinedIPWhiteList.java","47"
"TestUniformSizeInputFormat.java","17"
"KeyAuthorizationKeyProvider.java","0"
"TestS3AContractOpen.java","5"
"Syncable.java","6"
"RawBytesInputWriter.java","3"
"FileQueue.java","0"
"Delete.java","11"
"TestGSet.java","306"
"TestSharedFileDescriptorFactory.java","249"
"Contracts.java","28"
"CREATE3Request.java","0"
"JobHistoryParserFactory.java","1"
"ChecksumFileSystem.java","4"
"UniqApp.java","10"
"Environment.java","0"
"TestGridmixRecord.java","6"
"RpcReply.java","0"
"ErrorMetricUpdater.java","3"
"DummyResourceCalculatorPlugin.java","10"
"KMSACLs.java","0"
"TraceAdminProtocol.java","45"
"JobPropertyParser.java","3"
"TestMD5Hash.java","184"
"DumpTypedBytes.java","0"
"ConnectionConfigurator.java","0"
"BlockCompressorStream.java","14"
"TestFrameDecoder.java","0"
"TestAclCommands.java","149"
"TestRpcAuthInfo.java","0"
"NetUtils.java","32"
"DataJoinMapperBase.java","1"
"JniBasedUnixGroupsNetgroupMapping.java","36"
"GSet.java","47"
"TestRawlocalContractRename.java","147"
"AuthenticationWrapper.java","0"
"KerberosAuthenticator.java","0"
"CLITestData.java","50"
"TrAppReduce.java","11"
"TestReadAndSeekPageBlobAfterWrite.java","7"
"TestScriptBasedMappingWithDependency.java","268"
"TestDynamicInputFormat.java","17"
"BinaryComparable.java","13"
"DNSToSwitchMappingWithDependency.java","29"
"PageBlobInputStream.java","2"
"AzureMetricsTestUtil.java","15"
"WccAttr.java","0"
"JVector.java","33"
"Waitable.java","47"
"PathIOException.java","10"
"TraceAdminProtocolTranslatorPB.java","44"
"TaggedMapOutput.java","1"
"TestSwiftFileSystemContract.java","6"
"SwiftNativeFileSystemStore.java","1"
"Node.java","2"
"TestDFVariations.java","116"
"UmaskParser.java","10"
"SaslOutputStream.java","38"
"PageBlobFormatHelpers.java","3"
"JField.java","33"
"InMemoryFileSystemStore.java","5"
"Version20LogInterfaceUtils.java","2"
"TestSLSWebApp.java","0"
"JarBuilder.java","0"
"TestS3AContractRootDir.java","5"
"Gridmix.java","5"
"TestDistCpWithRawXAttrs.java","0"
"TestINode.java","5"
"ReplayJobFactory.java","6"
"PathFinder.java","0"
"TestNodeFencer.java","155"
"TemporarySocketDirectory.java","273"
"GridmixSplit.java","0"
"TypedBytesInput.java","3"
"TestFsShellReturnCode.java","122"
"TestGetInstances.java","52"
"DfsBaseConditional.java","0"
"CommandFormat.java","11"
"TestRpcCall.java","0"
"TestFcLocalFsUtil.java","104"
"TestSequenceFile.java","186"
"LimitInputStream.java","47"
"S3ATestUtils.java","5"
"TestToken.java","285"
"Record.java","258"
"JniBasedUnixGroupsMappingWithFallback.java","42"
"TestS3AContractCreate.java","5"
"IdentifierResolver.java","3"
"JMap.java","33"
"WritableName.java","14"
"ShutdownHookManager.java","47"
"Seekable.java","10"
"FilterInitializer.java","12"
"KeyProvider.java","2"
"InputWriter.java","3"
"WritableSerialization.java","16"
"DefaultImpersonationProvider.java","42"
"TestHighRamJob.java","6"
"TestFileArgs.java","4"
"DeskewedJobTraceReader.java","1"
"CryptoProtocolVersion.java","2"
"ReadaheadPool.java","14"
"TestFileBasedCopyListing.java","0"
"TestRawBytesStreaming.java","8"
"FakeTimer.java","306"
"RpcMessage.java","0"
"TestSwiftFileSystemDirectories.java","10"
"SwiftConnectionClosedException.java","0"
"AuthenticationToken.java","0"
"TestMiniRPCBenchmark.java","258"
"TestConfServlet.java","51"
"TestBlobTypeSpeedDifference.java","10"
"CsvRecordInput.java","33"
"FileStatus.java","10"
"AbstractService.java","44"
"TestNetworkTopologyWithNodeGroup.java","271"
"MetricsSystem.java","28"
"WhitelistBasedResolver.java","42"
"Anonymizer.java","1"
"ThreadUtil.java","47"
"TestSwiftFileSystemExtendedContract.java","11"
"ComparatorBase.java","50"
"TestNativeAzureFileSystemFileNameCheck.java","10"
"DefaultStringifier.java","12"
"TestArrayPrimitiveWritable.java","175"
"RpcInfo.java","0"
"DUHelper.java","10"
"TimedOutTestsListener.java","306"
"CompositeContext.java","25"
"HadoopKerberosName.java","42"
"PermissionParser.java","10"
"BaseExpression.java","12"
"TestHardLink.java","142"
"RawBytesReduceApp.java","4"
"User.java","0"
"TestFcMainOperationsLocalFs.java","152"
"Groups.java","36"
"HttpRequestLogAppender.java","12"
"CommandFactory.java","12"
"TestIdentityHashStore.java","312"
"BlobMaterialization.java","3"
"Lz4Codec.java","14"
"GETATTR3Request.java","0"
"AbstractContractDeleteTest.java","146"
"TestRpcDeniedReply.java","0"
"TestSwiftContractCreate.java","14"
"TestPathFilter.java","171"
"TestKeyShell.java","62"
"KMSWebApp.java","0"
"JobBuilder.java","1"
"TestFind.java","152"
"RpcCall.java","0"
"UtilTest.java","9"
"TestApplicationClassLoader.java","311"
"Errno.java","16"
"CredentialsGSS.java","0"
"DfsExists.java","0"
"TestLightWeightGSet.java","311"
"TestFileSystemCaching.java","103"
"MountResponse.java","0"
"CredentialsNone.java","0"
"S3Credentials.java","1"
"TestGetGroups.java","0"
"SwiftAuthenticationFailedException.java","0"
"PathExistsException.java","10"
"KMSRESTConstants.java","4"
"ParseException.java","34"
"TestContainerChecks.java","7"
"MountInterface.java","0"
"TestKMSACLs.java","10"
"TestS3ABlocksize.java","5"
"LogAdapter.java","47"
"TestPortmap.java","0"
"DummySharedResource.java","158"
"FairCallQueueMXBean.java","22"
"FsShell.java","6"
"ShellBasedUnixGroupsNetgroupMapping.java","36"
"NativeCrc32.java","49"
"BreakableStateChangeListener.java","292"
"TaskRunner.java","0"
"DistTool.java","0"
"AbstractContractMkdirTest.java","147"
"RolloverSignerSecretProvider.java","0"
"TestScriptBasedMapping.java","271"
"TestRawlocalContractDelete.java","147"
"TestDomainSocketWatcher.java","273"
"EagerKeyGeneratorKeyProviderCryptoExtension.java","0"
"SimpleBufferedOutputStream.java","16"
"TestWasbUriAndConfiguration.java","15"
"SampleQuantiles.java","28"
"RetriableCommand.java","0"
"TestFTPContractRename.java","147"
"RpcCallCache.java","0"
"GridmixJob.java","5"
"SetAttr3.java","0"
"TestIPC.java","263"
"TFile.java","15"
"LoggingStateChangeListener.java","44"
"CommonConfigurationKeysPublic.java","10"
"HttpUserGroupInformation.java","44"
"TestActiveStandbyElector.java","155"
"KerberosUtil.java","1"
"TestResourceUsageEmulators.java","10"
"FtpConfigKeys.java","10"
"TestZlibCompressorDecompressor.java","214"
"Find.java","12"
"MetricsConfig.java","28"
"TokenInfo.java","44"
"TestPathExceptions.java","150"
"TestText.java","175"
"SaslRpcClient.java","36"
"TestCallQueueManager.java","259"
"GangliaMetricVisitor.java","28"
"WritableFactory.java","12"
"Duration.java","1"
"SwiftScaleTestBase.java","18"
"StreamAggregate.java","10"
"PipeReducer.java","1"
"ResponseReceivedMetricUpdater.java","5"
"PathNotFoundException.java","5"
"KeyOnlyTextInputWriter.java","3"
"UnexpectedServerException.java","22"
"JobMonitor.java","5"
"MetricsSystemMXBean.java","28"
"TestXDR.java","0"
"BZip2Constants.java","14"
"TestS3AFileSystemContract.java","5"
"MetaBlockAlreadyExists.java","15"
"SwiftOperationFailedException.java","0"
"TestSSLFactory.java","285"
"OpensslCipher.java","1"
"Bzip2Factory.java","14"
"DefaultRumenSerializer.java","3"
"HeapSort.java","49"
"DefaultAnonymizableDataType.java","2"
"BandwidthGaugeUpdater.java","5"
"TestSSLHttpServer.java","170"
"StorageInterfaceImpl.java","3"
"InvalidRequestException.java","10"
"CallQueueManager.java","21"
"TestMetricsCollectorImpl.java","268"
"TestServiceLifecycle.java","297"
"FifoSchedulerMetrics.java","0"
"UTF8.java","12"
"TestAuthToken.java","15"
"MetricsDynamicMBeanBase.java","28"
"CopyCommitter.java","0"
"MetricsRecordBuilderImpl.java","28"
"CommandExecutor.java","50"
"TestStreamingStatus.java","7"
"TestProxyUsers.java","285"
"TestAuthenticationToken.java","7"
"AuthenticationResponse.java","0"
"BatchedRemoteIterator.java","10"
"ReduceTaskAttemptInfo.java","1"
"TestSLSRunner.java","0"
"CryptoOutputStream.java","1"
"OutputRecord.java","25"
"BinaryRecordInput.java","32"
"MiniRPCBenchmark.java","259"
"TestNetgroupCache.java","274"
"WRITE3Response.java","0"
"CanUnbuffer.java","8"
"Schedulable.java","22"
"TestCommandFactory.java","148"
"PartialListing.java","2"
"WordListAnonymizerUtility.java","2"
"LossyRetryInvocationHandler.java","16"
"FileSystemTestWrapper.java","122"
"TestSequenceFileSync.java","180"
"RpcDeniedReply.java","0"
"Test.java","12"
"CloseableReferenceCount.java","47"
"TestLocalFSContractAppend.java","147"
"TestTextCommand.java","149"
"TestSampleStat.java","268"
"TestFsShell.java","117"
"TestDiskChecker.java","311"
"FenceMethod.java","12"
"LoggedTaskAttempt.java","1"
"TestMultipleCachefiles.java","3"
"NoCacheFilter.java","12"
"CopyMapper.java","0"
"TestSleepJob.java","6"
"MetricsBuffer.java","28"
"AbstractContractRootDirectoryTest.java","147"
"TestSecurityUtil.java","277"
"NativeCodeLoader.java","48"
"InterfaceStability.java","0"
"DefaultAnonymizingRumenSerializer.java","3"
"TestArrayWritable.java","180"
"TypedBytesWritable.java","3"
"StreamPumper.java","12"
"TestJaasConfiguration.java","15"
"TestInterns.java","268"
"AbstractContractSeekTest.java","146"
"DataType.java","2"
"BloomFilterCommonTester.java","320"
"GridmixKey.java","0"
"JobConfigurationParser.java","2"
"MetricsRegistry.java","28"
"TestV2LsOperations.java","14"
"CBZip2OutputStream.java","14"
"TestS3_LocalFileContextURI.java","104"
"TestNativeCodeLoader.java","311"
"PATHCONF3Response.java","0"
"MetricsInfoImpl.java","28"
"TypedBytesWritableOutput.java","3"
"NativeIOException.java","16"
"MetricGaugeDouble.java","28"
"GetUserMappingsProtocolClientSideTranslatorPB.java","44"
"TestMachineList.java","307"
"TestKeyAuthorizationKeyProvider.java","15"
"KeyProviderFactory.java","2"
"NFS3Request.java","0"
"TestAuthenticatedURL.java","1"
"TestNativeAzureFileSystemOperationsMocked.java","5"
"FsConstants.java","6"
"Bzip2Decompressor.java","14"
"TestFileContextResolveAfs.java","69"
"DelegationTokenManager.java","44"
"SampleTaggedMapOutput.java","1"
"DelegationTokenIdentifier.java","44"
"DefaultCodec.java","14"
"TestRetriableFileCopyCommand.java","13"
"TestSLSUtils.java","0"
"AuthenticationRequestWrapper.java","0"
"TestStreamXmlMultipleRecords.java","14"
"Client.java","25"
"WhoClient.java","0"
"Stringifier.java","12"
"TestCredShell.java","277"
"GenericRefreshProtocol.java","21"
"TestAccessControlList.java","283"
"TestStreamXmlRecordReader.java","14"
"TestViewFsURIs.java","152"
"SampleDataJoinMapper.java","1"
"GzipCodec.java","14"
"TestClassUtil.java","312"
"KMSJSONReader.java","0"
"RequestWithHandle.java","0"
"Interns.java","28"
"RegexpComparator.java","50"
"RemoteException.java","22"
"ReconfigurableBase.java","1"
"CoreTestDriver.java","306"
"GlobbedCopyListing.java","0"
"ImpersonationProvider.java","42"
"InMemoryNativeFileSystemStore.java","5"
"TestRandomSeedGenerator.java","3"
"LongWritable.java","12"
"TestDNS.java","269"
"SocksSocketFactory.java","30"
"S3AContract.java","5"
"RequestLoggerFilter.java","0"
"TestTaskRunner.java","0"
"InMemoryBlockBlobStore.java","5"
"FSLinkResolver.java","4"
"MetricsRecordFiltered.java","28"
"LoggedNetworkTopology.java","1"
"TestRestClientBindings.java","17"
"BuiltInGzipDecompressor.java","15"
"TestOutOfBandAzureBlobOperationsLive.java","7"
"SocketOutputStream.java","30"
"CDFPiecewiseLinearRandomGenerator.java","2"
"LoadGenerator.java","148"
"TestDataJoin.java","1"
"ReconfigurationTaskStatus.java","0"
"TestViewFsLocalFs.java","153"
"AzureNativeFileSystemStore.java","3"
"SelfRenewingLease.java","3"
"TestCryptoStreams.java","60"
"TestLocalFSFileContextMainOperations.java","103"
"TestWhitelistBasedResolver.java","274"
"LoggedTask.java","2"
"FtpFs.java","10"
"TestFcLocalFsPermission.java","104"
"CreateFlag.java","10"
"DurationStats.java","1"
"ParsedTask.java","1"
"SecureIOUtils.java","13"
"MetricsConfigException.java","28"
"TaskAttempt20LineEventEmitter.java","2"
"ReconfigurationServlet.java","0"
"HadoopStreaming.java","1"
"CRC.java","14"
"HtmlQuoting.java","12"
"DynamicInputFormat.java","0"
"Histogram.java","1"
"RandomTextDataGenerator.java","0"
"ReloadingX509TrustManager.java","43"
"FSError.java","7"
"RpcDetailedMetrics.java","25"
"MD5Hash.java","14"
"NoEmitMetricsContext.java","26"
"TestKMSWithZK.java","15"
"MetricsBase.java","26"
"CompressionCodec.java","14"
"TestSwiftFileSystemBlocksize.java","2"
"JobConfPropertyNames.java","1"
"SimpleKeyProvider.java","3"
"TestCount.java","149"
"FileSystem.java","10"
"RetryProxy.java","16"
"ScriptBasedMappingWithDependency.java","29"
"TestGridmixMemoryEmulation.java","7"
"CBZip2InputStream.java","14"
"IdMappingConstant.java","37"
"TestMultipleProtocolServer.java","263"
"ExcludePrivateAnnotationsJDiffDoclet.java","0"
"SinkQueue.java","28"
"BZip2DummyCompressor.java","14"
"SwiftNativeInputStream.java","1"
"MoveCommands.java","12"
"TestStat.java","119"
"TestEnumSetWritable.java","183"
"GetUserMappingsProtocolPB.java","44"
"TestLocalFileSystemPermission.java","145"
"Shell.java","49"
"TestNfsExports.java","0"
"TestExternalCall.java","0"
"RefreshCallQueueProtocolClientSideTranslatorPB.java","25"
"FsShellPermissions.java","10"
"InputBuffer.java","13"
"TestDelegationTokenRenewer.java","122"
"RpcClientException.java","21"
"TestBloomMapFile.java","175"
"BlockDecompressorStream.java","14"
"DelegationKey.java","44"
"RetouchedBloomFilter.java","50"
"ServiceOperations.java","44"
"HadoopArchives.java","0"
"KMSConfiguration.java","0"
"SYMLINK3Response.java","0"
"TestNativeAzureFSPageBlobLive.java","5"
"DynamicInputChunk.java","0"
"TestSeek.java","9"
"BreakableService.java","292"
"TestIname.java","152"
"TestObjectWritableProtos.java","180"
"InputStriper.java","6"
"PathIsDirectoryException.java","10"
"AbstractDNSToSwitchMapping.java","28"
"FileContextTestWrapper.java","69"
"Encryptor.java","2"
"MetricsSinkAdapter.java","28"
"TraceAdmin.java","44"
"SshFenceByTcpPort.java","12"
"RpcMetrics.java","25"
"RegexFilter.java","28"
"TestRawlocalContractCreate.java","147"
"NativeLibraryChecker.java","49"
"PortmapRequest.java","0"
"Jets3tFileSystemStore.java","1"
"SnappyDecompressor.java","14"
"TestTimedOutTestsListener.java","306"
"TestFTPContractMkdir.java","147"
"ZKDelegationTokenSecretManager.java","44"
"KerberosSecurityTestcase.java","0"
"NfsExports.java","0"
"TestXAttrCommands.java","150"
"TestRetryProxy.java","256"
"AuthenticationRequest.java","0"
"Deserializer.java","16"
"TestTypedBytesWritable.java","15"
"ShellBasedIdMapping.java","41"
"TestCompressionEmulationUtils.java","6"
"SharedFileDescriptorFactory.java","16"
"TestCryptoStreamsNormal.java","62"
"ReadOption.java","9"
"ProtocolMetaInfoPB.java","21"
"ApiKeyCredentials.java","0"
"Consts.java","33"
"ServiceStateChangeListener.java","44"
"TestName.java","152"
"TestUserFromEnv.java","273"
"MetricGaugeFloat.java","28"
"SimpleTcpClientHandler.java","0"
"UnresolvedLinkException.java","7"
"TestLogResources.java","14"
"RpcEngine.java","20"
"Progressable.java","47"
"TestStaticUserWebFilter.java","172"
"TestBoundedByteArrayOutputStream.java","180"
"ShellDecryptionKeyProvider.java","2"
"AuthenticatorTestCase.java","3"
"FsUrlConnection.java","4"
"RpcException.java","22"
"SwiftObjectPath.java","2"
"AbstractPatternFilter.java","28"
"TestAvroFSInput.java","104"
"Stat.java","10"
"TestStreamDataProtocol.java","5"
"Index.java","33"
"TestMetricsServlet.java","268"
"AdminAuthorizedServlet.java","12"
"DefaultMetricsFactory.java","28"
"KMSExceptionsProvider.java","0"
"SwiftProtocolConstants.java","0"
"Expression.java","12"
"RefreshRegistry.java","21"
"Servers.java","28"
"TestBlockLocation.java","104"
"AnonymousAWSCredentialsProvider.java","1"
"MBeanUtil.java","28"
"TestZKUtil.java","311"
"TestS3Credentials.java","5"
"Nfs3FileAttributes.java","0"
"S3FileSystemException.java","0"
"ZlibDecompressor.java","15"
"TestOutOfBandAzureBlobOperations.java","5"
"LoggedDiscreteCDF.java","1"
"StreamKeyValUtil.java","2"
"TestChunkedArrayList.java","309"
"Count.java","12"
"TestFileSink.java","268"
"FloatWritable.java","12"
"DataAnonymizer.java","2"
"UnsupportedFileSystemException.java","9"
"WritableUtils.java","12"
"SerializationFactory.java","16"
"JniBasedUnixGroupsNetgroupMappingWithFallback.java","36"
"TestViewFileSystemWithAuthorityLocalFileSystem.java","153"
"TestSwiftContractRename.java","14"
"CodeBuffer.java","33"
"TestFileStatus.java","104"
"ProviderUtils.java","39"
"CryptoStreamsTestBase.java","61"
"TestMultithreadedTestUtil.java","302"
"JobTraceReader.java","1"
"TestLocalFSContractDelete.java","147"
"Name.java","12"
"ZKFCTestUtil.java","157"
"MetricsCache.java","28"
"TestSignalLogger.java","310"
"JobHistoryUtils.java","2"
"RetryUtils.java","16"
"TestCompressorStream.java","189"
"TestGlobalStateChangeListener.java","302"
"SecurityHandler.java","0"
"TestKeyOnlyTextOutputReader.java","15"
"MockStorageInterface.java","5"
"RetriableException.java","20"
"MetricsCollector.java","28"
"WccData.java","0"
"DurationStatsTable.java","2"
"TestSshFenceByTcpPort.java","159"
"AbstractContractAppendTest.java","147"
"ConfServlet.java","0"
"ParsedTaskAttempt.java","1"
"CsvRecordOutput.java","32"
"TestRawLocalContractUnderlyingFileBehavior.java","147"
"LogLevel.java","25"
"BasicAWSCredentialsProvider.java","1"
"DirectBufferPool.java","48"
"AccessControlList.java","42"
"MountEntry.java","0"
"TestDelegateToFileSystem.java","145"
"SerializationTestUtil.java","258"
"TestReadPastBuffer.java","9"
"ReconfigurationUtil.java","0"
"AbstractDelegationTokenSelector.java","44"
"XAttrSetFlag.java","5"
"ProgramDriver.java","48"
"PathPermissionException.java","10"
"PolicyProvider.java","42"
"TestTFileStreams.java","247"
"DataJoinJob.java","1"
"TestNativeAzureFileSystemMetricsSystem.java","15"
"FsPermission.java","10"
"BytesWritable.java","14"
"KerberosInfo.java","36"
"FileContextMainOperationsBaseTest.java","116"
"READLINK3Response.java","0"
"TestFTPContractDelete.java","147"
"NMSimulator.java","0"
"SingleEventEmitter.java","1"
"KeyProviderDelegationTokenExtension.java","2"
"FCStatisticsBaseTest.java","142"
"TestUGIWithExternalKdc.java","273"
"TestStringUtils.java","312"
"SwiftFileStatus.java","0"
"JobProperties.java","2"
"AclEntry.java","10"
"InterfaceAudience.java","0"
"MiniKMS.java","0"
"LOOKUP3Response.java","0"
"CumulativeCpuUsageEmulatorPlugin.java","6"
"RpcProgramPortmap.java","0"
"TestStreamingOutputKeyValueTypes.java","4"
"RetryPolicy.java","16"
"TestAnd.java","152"
"ClassLoaderCheckSecond.java","310"
"READDIRPLUS3Response.java","0"
"TestTraceUtils.java","306"
"JceAesCtrCryptoCodec.java","1"
"KerberosTestUtils.java","1"
"TestProgress.java","307"
"TestClusterTopology.java","268"
"TestHttpCookieFlag.java","170"
"GetUserMappingsProtocolServerSideTranslatorPB.java","44"
"AltKerberosAuthenticationHandler.java","0"
"TestS3NContractCreate.java","5"
"TestMapWritable.java","180"
"AsyncDiskService.java","48"
"TopologyBuilder.java","1"
"NfsTime.java","0"
"Configured.java","0"
"RawComparator.java","14"
"BinaryRecordOutput.java","32"
"ProtobufRpcEngine.java","22"
"ServicePlugin.java","47"
"CryptoStreamUtils.java","1"
"package-info.java","1"
"SubmitterUserResolver.java","5"
"AbstractFileSystem.java","10"
"AnonymizableDataType.java","2"
"HttpConfig.java","12"
"LINK3Request.java","0"
"MiniKdc.java","0"
"RefreshHandler.java","25"
"TestHttpRequestLog.java","172"
"TestKeyProvider.java","62"
"Metric.java","28"
"TestContentSummary.java","69"
"StreamBaseRecordReader.java","1"
"S3NativeFileSystemConfigKeys.java","5"
"TestOptionsParser.java","10"
"TestKMSAudit.java","0"
"ClusterSummarizer.java","5"
"StandbyException.java","22"
"MapReduceJobPropertiesParser.java","3"
"AbstractMapWritable.java","12"
"Classpath.java","48"
"DelayEchoApp.java","6"
"TraceAdminProtocolPB.java","45"
"DirectoryListingStartAfterNotFoundException.java","10"
"FTPContract.java","147"
"TestViewFsTrash.java","153"
"TestDistCpUtils.java","17"
"DebugJobProducer.java","6"
"TestSigner.java","13"
"SnappyCodec.java","14"
"RemoveScheme.java","50"
"TestSampleQuantiles.java","268"
"TestTFile.java","217"
"TestNativeAzureFileSystemContractMocked.java","15"
"TestClasspath.java","309"
"HttpServer.java","12"
"TestFcPermissionsLocalFs.java","154"
"BoundedByteArrayOutputStream.java","13"
"FileHandle.java","0"
"HadoopLogsAnalyzer.java","1"
"GangliaSink31.java","28"
"TestDataByteBuffers.java","186"
"TypedBytesRecordInput.java","3"
"NullContextWithUpdateThread.java","25"
"TestProtoUtil.java","311"
"TestDistCpWithAcls.java","0"
"TestSwiftFileSystemLsOperations.java","5"
"TraceBuilder.java","1"
"TestUnconsumedInput.java","12"
"AclUtil.java","10"
"RecordOutput.java","33"
"TestCopy.java","149"
"KMSClientProvider.java","4"
"Hadoop20JHParser.java","1"
"RetryInvocationHandler.java","16"
"MutableQuantiles.java","28"
"TestPiecewiseLinearInterpolation.java","3"
"DeflateCodec.java","14"
"MutableGaugeInt.java","28"
"UnitTestcaseTimeLimit.java","302"
"GenericRefreshProtocolServerSideTranslatorPB.java","25"
"ServiceAssert.java","292"
"TestShell.java","316"
"AvroReflectSerializable.java","16"
"TestRpcAcceptedReply.java","0"
"TestGangliaSink.java","268"
"SwiftException.java","0"
"SnappyCompressor.java","14"
"ServiceStateModel.java","44"
"TestMetricsSourceAdapter.java","268"
"TestDelegationTokenAuthenticationHandlerWithMocks.java","291"
"JenkinsHash.java","50"
"TestCopyPreserveFlag.java","149"
"LogRecordType.java","2"
"READDIR3Request.java","0"
"DataGenerator.java","148"
"VersionInfoMojo.java","0"
"TestCommandFormat.java","104"
"TestFTPContractOpen.java","147"
"TestLogalyzer.java","0"
"StopWatch.java","48"
"SwiftInternalStateException.java","0"
"TestCredentials.java","274"
"SwiftNativeFileSystem.java","1"
"CredentialProviderFactory.java","42"
"ScopedAclEntries.java","10"
"TestSetFile.java","180"
"Serializer.java","16"
"ProtocolTranslator.java","21"
"JString.java","33"
"DiskChecker.java","45"
"SelfThrottlingIntercept.java","2"
"ZeroCopyUnavailableException.java","10"
"SETATTR3Response.java","0"
"IntermediateRecordFactory.java","0"
"FsStatus.java","10"
"MetricsRecordImpl.java","28"
"MetricsInfo.java","28"
"SymlinkBaseTest.java","98"
"WeightedRoundRobinMultiplexer.java","21"
"StatePool.java","3"
"HardLink.java","5"
"NetgroupCache.java","42"
"DataOutputBuffer.java","14"
"S3AFastOutputStream.java","3"
"AclStatus.java","10"
"StandardSocketFactory.java","32"
"TestHttpServerWebapps.java","170"
"TestCopyListing.java","13"
"DF.java","4"
"DeepInequalityException.java","1"
"MethodMetric.java","28"
"NativeIO.java","16"
"FilterContainer.java","12"
"FsServerDefaults.java","7"
"TestUserGroupInformation.java","274"
"RefreshUserMappingsProtocolServerSideTranslatorPB.java","42"
"KeyStoreTestUtil.java","285"
"DeserializerComparator.java","16"
"ZKFCProtocolClientSideTranslatorPB.java","12"
"TestAcl.java","148"
"TraceUtils.java","45"
"FsUsage.java","10"
"ViewFsBaseTest.java","153"
"RMDIR3Response.java","0"
"RPCCallBenchmark.java","265"
"FTPException.java","10"
"Utils.java","36"
"RPC.java","21"
"DistCpOptionSwitch.java","0"
"TestHttpServer.java","172"
"RecordComparator.java","32"
"TestHarFileSystemBasics.java","128"
"Logalyzer.java","0"
"Type.java","3"
"TestTruncatedInputBug.java","105"
"TestZKFailoverController.java","155"
"TestOutputRecord.java","268"
"StderrApp.java","10"
"Authenticator.java","0"
"AbstractMetricsContext.java","26"
"RandomDatum.java","186"
"OutputReader.java","3"
"CommonJobTest.java","6"
"ProtocolSignature.java","20"
"RefreshUserMappingsProtocolClientSideTranslatorPB.java","42"
"RawLocalFs.java","10"
"ZKFCProtocolServerSideTranslatorPB.java","12"
"SampleDataJoinReducer.java","1"
"DomainSocket.java","32"
"JType.java","33"
"AMSimulator.java","0"
"TestResult.java","152"
"Block.java","0"
"FSINFO3Request.java","0"
"TestNativeAzureFileSystemContractLive.java","7"
"AbstractGangliaSink.java","28"
"TestBlobDataValidation.java","15"
"COMMIT3Request.java","0"
"Truncate.java","12"
"AuthenticationHandler.java","0"
"ContentSummary.java","4"
"TestMetricsConfig.java","268"
"GlobPattern.java","4"
"VLongWritable.java","12"
"CodecPool.java","14"
"SimpleCopyListing.java","0"
"AclEntryType.java","10"
"DistCp.java","0"
"PathAccessDeniedException.java","10"
"TestStreamingCounters.java","3"
"JavaSerialization.java","16"
"CompressedWritable.java","12"
"KeyStoneAuthRequest.java","0"
"TestCopyOutputFormat.java","17"
"SysSecurityHandler.java","0"
"State.java","3"
"VersionedProtocol.java","20"
"LightWeightGSet.java","47"
"REMOVE3Response.java","0"
"BooleanWritable.java","13"
"TestRunJar.java","314"
"TestStreamingCombiner.java","7"
"CppGenerator.java","33"
"Progressive.java","6"
"ServiceAuthorizationManager.java","42"
"TestFTPContractCreate.java","147"
"TestFileHandle.java","0"
"S3AOutputStream.java","3"
"Statistics.java","6"
"TestThrottledInputStream.java","17"
"TestSwiftFileSystemDelete.java","2"
"BlockingSerializer.java","3"
"TestAfsCheckPath.java","122"
"TestOpensslSecureRandom.java","64"
"MetricsRecordBuilder.java","28"
"UserGroupInformation.java","36"
"SSLHostnameVerifier.java","42"
"TestJUnitSetup.java","306"
"SplitCompressionInputStream.java","14"
"READLINK3Request.java","0"
"WritableComparable.java","13"
"RandomAlgorithms.java","0"
"TestSwiftFileSystemConcurrency.java","5"
"TestNativeCrc32.java","316"
"MetricsSourceAdapter.java","28"
"ActiveStandbyElector.java","12"
"TestRPCCallBenchmark.java","258"
"RpcNoSuchProtocolException.java","25"
"GangliaConf.java","28"
"DistCpUtils.java","0"
"KerberosDelegationTokenAuthenticationHandler.java","44"
"TestPrint.java","150"
"Touchz.java","11"
"Credentials.java","0"
"TestFileSystemCanonicalization.java","140"
"Catalog.java","0"
"TestRawlocalContractOpen.java","147"
"Serialization.java","16"
"MockitoMaker.java","302"
"TestGzipInput.java","6"
"TestSymlinkLocalFSFileSystem.java","104"
"Timer.java","219"
"BufferedFSInputStream.java","4"
"ClientCache.java","20"
"TestRandomAlgorithm.java","6"
"DistCpTestUtils.java","17"
"CommandUtils.java","11"
"TokenIdentifier.java","44"
"ProtocolMetaInterface.java","20"
"TestDistCh.java","0"
"Print.java","12"
"TestHtmlQuoting.java","170"
"PasswordCredentials.java","0"
"FSSTAT3Response.java","0"
"TestNativeIO.java","248"
"AbstractContractCreateTest.java","146"
"TestServer.java","268"
"FileSink.java","28"
"TestHttpRequestLogAppender.java","170"
"ByteBufferUtil.java","10"
"TestGlobbedCopyListing.java","0"
"HttpServerFunctionalTest.java","171"
"DynamicRecordReader.java","0"
"MutableMetric.java","28"
"DfsIsDir.java","0"
"TestOpensslCipher.java","62"
"TestServiceAuthorization.java","283"
"TestViewFileSystemLocalFileSystem.java","152"
"TestS3AContractDelete.java","5"
"HistoryEventEmitter.java","2"
"SocketInputStream.java","29"
"FileMetadata.java","2"
"FileBasedCopyListing.java","0"
"ArrayPrimitiveWritable.java","12"
"WRITE3Request.java","0"
"HistogramRawTestData.java","3"
"ContractTestUtils.java","147"
"TestKeyProviderFactory.java","64"
"ACCESS3Response.java","0"
"CachedDNSToSwitchMapping.java","32"
"DataJoinReducerBase.java","1"
"IncludePublicAnnotationsStandardDoclet.java","0"
"ApplicationClassLoader.java","47"
"RpcAcceptedReply.java","0"
"TestIdentityProviders.java","268"
"RpcConstants.java","21"
"LoggedJob.java","2"
"TestSwiftFileSystemRename.java","14"
"ParsedHost.java","1"
"ConnectTimeoutException.java","28"
"RetriableFileCopyCommand.java","0"
"RandomDistribution.java","247"
"TestDistCpSystem.java","0"
"SplittableCompressionCodec.java","14"
"TestTFileJClassComparatorByteArrays.java","214"
"TestInMemoryS3FileSystemContract.java","5"
"MockitoUtil.java","302"
"TestMutableMetrics.java","268"
"DataChecksum.java","45"
"ZombieJob.java","1"
"TestJarFinder.java","306"
"FindOptions.java","12"
"AbstractContractRenameTest.java","146"
"JobCreator.java","0"
"TestRPC.java","268"
"MountdBase.java","0"
"TestGridMixClasses.java","7"
"ZKFCRpcServer.java","12"
"TestS3AConfiguration.java","5"
"TestStreamAggregate.java","9"
"TestLoadTypedBytes.java","14"
"ResourceSchedulerWrapper.java","0"
"JavaKeyStoreProvider.java","42"
"ProtocMojo.java","0"
"Compression.java","16"
"TestFileSignerSecretProvider.java","7"
"MKDIR3Response.java","0"
"SwiftUnsupportedFeatureException.java","0"
"GenericTestUtils.java","306"
"ZKFCProtocolPB.java","12"
"TestStreamReduceNone.java","13"
"TestMetricsRegistry.java","268"
"CopyCommands.java","12"
"CommandWithDestination.java","12"
"TableMapping.java","32"
"StateDeserializer.java","3"
"TestFileContextDeleteOnExit.java","122"
"SwiftConnectionException.java","0"
"RENAME3Request.java","0"
"TestMRFramework.java","4"
"S3InputStream.java","0"
"DefaultMetricsSystem.java","28"
"StabilityOptions.java","0"
"ExitUtil.java","49"
"KMSJMXServlet.java","0"
"StreamInputFormat.java","0"
"PathIsNotEmptyDirectoryException.java","6"
"TestHash.java","320"
"LINK3Response.java","0"
"AbstractMetricsRecord.java","28"
"SortedMapWritable.java","12"
"SwiftTestUtils.java","2"
"ZombieJobProducer.java","1"
"ResetableIterator.java","1"
"StaticUserWebFilter.java","12"
"CredentialsSys.java","0"
"TestInMemoryNativeS3FileSystemContract.java","5"
"CipherOption.java","2"
"SpanReceiverHost.java","45"
"LoggedSingleRelativeRanking.java","1"
"RefreshAuthorizationPolicyProtocol.java","42"
"TestRPCWaitForProxy.java","263"
"GangliaSink30.java","28"
"Buffer.java","33"
"MutableRate.java","28"
"KMSMDCFilter.java","0"
"ArrayFile.java","12"
"RefreshUserMappingsProtocol.java","36"
"TestWinUtils.java","312"
"TestMiniKdc.java","0"
"TestRawlocalContractSeek.java","147"
"SetReplication.java","11"
"ShutdownThreadsHelper.java","50"
"TestChildReaper.java","320"
"TestCompositeService.java","302"
"MetricsServlet.java","25"
"TestMetricsSystemImpl.java","268"
"MetricsCollectorImpl.java","28"
"TestJvmMetrics.java","268"
"Nfs3Status.java","0"
"AvroReflectSerialization.java","16"
"TestBloomFilters.java","316"
"DiffInfo.java","0"
"MetricsTimeVaryingLong.java","26"
"FSInputChecker.java","10"
"Tenant.java","0"
"EnumSetWritable.java","14"
"ViewFs.java","12"
"TextInputWriter.java","3"
"S3AFileSystem.java","3"
"ClusterStory.java","1"
"TestWritableSerialization.java","258"
"PathFilter.java","10"
"FileSystemContractBaseTest.java","69"
"MKDIR3Request.java","0"
"TestProxyServers.java","277"
"Jets3tNativeFileSystemStore.java","3"
"Result.java","12"
"TwoDArrayWritable.java","14"
"DummyHAService.java","155"
"TestRetryCacheMetrics.java","265"
"MetricsRecord.java","28"
"ClassWithNoPackage.java","3"
"Jets3tNativeS3FileSystemContractTest.java","5"
"UserProvider.java","42"
"S3FileSystemConfigKeys.java","0"
"ResourceUsageMetrics.java","1"
"BlockLocation.java","10"
"OutputBuffer.java","13"
"JFile.java","33"
"Constants.java","12"
"CLICommandFS.java","50"
"JByte.java","33"
"TestDelegationToken.java","290"
"LoadBalancingKMSClientProvider.java","4"
"TestGangliaMetrics.java","268"
"DU.java","10"
"TestConfigurationFieldsBase.java","52"
"CompositeService.java","44"
"Trash.java","10"
"JInt.java","33"
"ZKFailoverController.java","12"
"MurmurHash.java","50"
"TestLdapGroupsMapping.java","274"
"TestNativeAzureFileSystemContractEmulator.java","5"
"TestDoAsEffectiveUser.java","273"
"WritableComparator.java","13"
"ConcatenatedInputFilesDemuxer.java","3"
"SyncableDataOutputStream.java","3"
"MetricsIntValue.java","28"
"TestMapFile.java","179"
"ScriptBasedMapping.java","29"
"NetUtilsTestResolver.java","274"
"StreamXmlRecordReader.java","1"
"SwiftObjectFileStatus.java","1"
"Hash.java","50"
"FairCallQueue.java","21"
"PipeCombiner.java","2"
"AesCtrCryptoCodec.java","1"
"TestDirectBufferPool.java","309"
"VersionedWritable.java","13"
"FailApp.java","9"
"AuthenticationException.java","0"
"ProtobufHelper.java","21"
"RpcUtil.java","0"
"LoggedLocation.java","1"
"MetricsUtil.java","25"
"SerialJobFactory.java","3"
"MetricsVisitor.java","28"
"AuthenticatedURL.java","0"
"NativeAzureFileSystemBaseTest.java","11"
"UTF8ByteArrayUtils.java","49"
"RpcMultiplexer.java","20"
"TestDelegationTokenManager.java","292"
"TestListFiles.java","128"
"TestFileSystemTokens.java","140"
"ArrayListBackedIterator.java","1"
"StreamJob.java","0"
"MiniZKFCCluster.java","158"
"PureJavaCrc32C.java","45"
"ChRootedFs.java","12"
"TestIPCServerResponder.java","265"
"FailoverFailedException.java","12"
"FileContextTestHelper.java","64"
"TestStreamingSeparator.java","4"
"Pre21JobHistoryConstants.java","1"
"TestProtoBufRpc.java","264"
"GenericsUtil.java","45"
"GenericRefreshProtocolPB.java","25"
"TestSwiftFileSystemBlockLocation.java","4"
"JobHistoryParser.java","1"
"HAAdmin.java","12"
"HttpBodyContent.java","0"
"AuthToken.java","1"
"HealthMonitor.java","12"
"TestFTPFileSystem.java","147"
"KMS.java","0"
"ReduceAttempt20LineHistoryEventEmitter.java","2"
"TaskAttemptInfo.java","1"
"PriorityQueue.java","45"
"TestRPCCompatibility.java","259"
"TestKerberosAuthenticationHandler.java","7"
"TestNativeLibraryChecker.java","306"
"Nfs3Constant.java","0"
"PermissionStatus.java","10"
"TestSwiftFileSystemRead.java","11"
"MultithreadedTestUtil.java","306"
"Jets3tS3FileSystemContractTest.java","5"
"TestGlobalFilter.java","172"
"KeyStoresFactory.java","42"
"FSDataOutputStream.java","4"
"KerberosName.java","0"
"S3OutputStream.java","0"
"DoNotPool.java","14"
"SendRequestIntercept.java","2"
"TestLoadJob.java","6"
"TestCredentialsSys.java","0"
"ProtocolMetaInfoServerSideTranslatorPB.java","25"
"TestSwiftFileSystemPartitionedUploads.java","14"
"TestNativeAzureFileSystemUploadLogic.java","15"
"RefreshResponse.java","25"
"ServiceStateException.java","44"
"NetworkTopology.java","29"
"ChecksumFs.java","7"
"Progress.java","47"
"RefreshAuthorizationPolicyProtocolServerSideTranslatorPB.java","42"
"ExactComparator.java","50"
"SignerSecretProvider.java","0"
"CDFRandomGenerator.java","1"
"LocalFileSystem.java","4"
"Util.java","25"
"JobStory.java","2"
"GetGroupsTestBase.java","306"
"SSLFactory.java","43"
"PATHCONF3Request.java","0"
"XmlRecordInput.java","32"
"JRecord.java","33"
"Time.java","48"
"StringSignerSecretProvider.java","7"
"RunJar.java","49"
"JobName.java","2"
"StaticMapping.java","268"
"TestHAAdmin.java","159"
"ActiveStandbyElectorTestUtil.java","157"
"FilePool.java","6"
"JobStoryProducer.java","2"
"SETATTR3Request.java","0"
"ClassUtil.java","47"
"TableListing.java","44"
"DataInputByteBuffer.java","12"
"TestS3NContractOpen.java","5"
"Updater.java","25"
"Nfs3Base.java","0"
"SampleStat.java","28"
"NativeS3FileSystem.java","5"
"JBoolean.java","33"
"PrintJarMainClass.java","47"
"SocketInputWrapper.java","29"
"TestRecordFactory.java","6"
"Decryptor.java","2"
"RccTokenManager.java","34"
"TestCryptoStreamsForLocalFS.java","61"
"TestActiveStandbyElectorRealZK.java","157"
"ToolRunner.java","47"
"TestRawlocalContractAppend.java","147"
"Configurable.java","0"
"Server.java","20"
"MapTypeID.java","36"
"ShellBasedUnixGroupsMapping.java","36"
"TestStreamingOutputOnlyKeys.java","11"
"GridmixRecord.java","0"
"KMSJSONWriter.java","0"
"ViewFileSystemTestSetup.java","152"
"DelegationTokenRenewer.java","6"
"TestTFileSplit.java","217"
"TestFSMainOperationsLocalFileSystem.java","152"
"TestMetricsVisitor.java","268"
"TestNativeAzureFileSystemLive.java","15"
"JDouble.java","33"
"ZlibFactory.java","15"
"TestValueQueue.java","62"
"TypedBytesOutput.java","3"
"TestFileContext.java","104"
"TypedBytesMapApp.java","6"
"CacheableIPList.java","47"
"UnsupportedCodecException.java","2"
"TestSymlinkLocalFSFileContext.java","98"
"GetGroups.java","0"
"SwiftNativeOutputStream.java","0"
"TokenRenewer.java","44"
"StreamUtil.java","3"
"TestPseudoAuthenticator.java","3"
"StorageInterface.java","2"
"HAServiceStatus.java","12"
"FieldTypeInfo.java","36"
"TestCopyMapper.java","16"
"TestSwiftContractSeek.java","14"
"VerifierNone.java","0"
"TestBytesWritable.java","179"
"DelegationTokenAuthenticatedURL.java","44"
"MetricsPlugin.java","28"
"VersionMismatchException.java","12"
"MetricValue.java","25"
"TestConfigurationSubclass.java","51"
"JniBasedUnixGroupsMapping.java","42"
"ViewFsFileStatus.java","12"
"Configuration.java","0"
"MetricCounterInt.java","28"
"GetGroupsBase.java","44"
"ReconfigurationException.java","0"
"JSONUtil.java","1"
"ViewFileSystemBaseTest.java","153"
"READ3Request.java","0"
"TestSinkQueue.java","268"
"ExecutionSummarizer.java","5"
"Roles.java","0"
"TestTFileNoneCodecsStreams.java","247"
"UniqueNames.java","28"
"StringUtils.java","49"
"AclEntryScope.java","10"
"RestClientBindings.java","0"
"AbstractDelegationTokenSecretManager.java","44"
"StructTypeID.java","36"
"RawComparable.java","15"
"Exec.java","0"
"RefreshCallQueueProtocolServerSideTranslatorPB.java","25"
"MetricsContext.java","25"
"TraceAdminProtocolServerSideTranslatorPB.java","44"
"NFS3Response.java","0"
"RefreshAuthorizationPolicyProtocolClientSideTranslatorPB.java","42"
"KerberosAuthenticationHandler.java","0"
"NodeFencer.java","12"
"CLITestCmd.java","50"
"TestLocalFSContractRename.java","147"
"SwiftJsonMarshallingException.java","0"
"TestShellCommandFencer.java","155"
"XmlRecordOutput.java","33"
"TestRpcMessage.java","0"
"BuiltInZlibDeflater.java","15"
"FsCommand.java","12"
"MKNOD3Request.java","0"
"KVGenerator.java","235"
"InodeTree.java","12"
"SocketIOWithTimeout.java","29"
"SignerException.java","1"
"FileSetUtils.java","0"
"TestFileBasedIPList.java","314"
"TestStreamingStderr.java","4"
"MetricsTimeVaryingInt.java","26"
"TestDomainSocket.java","273"
"TestChecksumFileSystem.java","104"
"RewindableInputStream.java","1"
"MetricsAnnotations.java","28"
"TestNativeAzureFileSystemBlockLocations.java","5"
"RandomSignerSecretProvider.java","1"
"CredentialProvider.java","42"
"MetricsAsserts.java","302"
"TestAMSimulator.java","0"
"ShortWritable.java","13"
"LOOKUP3Request.java","0"
"Quantile.java","28"
"SchedulerMetrics.java","0"
"TestGroupFallback.java","273"
"TestTFileNoneCodecsJClassComparatorByteArrays.java","214"
"TestStreamingBackground.java","3"
"SubstringComparator.java","50"
"TestKerberosAuthenticator.java","3"
"PathOperationException.java","5"
"TestUGILoginFromKeytab.java","273"
"ZKSignerSecretProvider.java","1"
"TestPathData.java","150"
"TestS3AContractRename.java","5"
"LoadJob.java","3"
"TokenSelector.java","44"
"KerberosDelegationTokenAuthenticator.java","44"
"AccessToken.java","0"
"DistCpOptions.java","0"
"TestGridmixSummary.java","7"
"NodeBase.java","30"
"TestVersionUtil.java","311"
"DistCpV1.java","0"
"REMOVE3Request.java","0"
"WritableFactories.java","13"
"CryptoCodec.java","2"
"TestStreaming.java","11"
"RawBytesOutputReader.java","3"
"Log4Json.java","25"
"CurrentJHParser.java","1"
"HasEnhancedByteBufferAccess.java","10"
"RpcResponse.java","0"
"Summarizer.java","0"
"TestLocalFSContractLoaded.java","147"
"GlobFilter.java","28"
"SLSWebApp.java","0"
"TestS3FileSystem.java","5"
"PseudoAuthenticator.java","0"
"TestZKDelegationTokenSecretManager.java","287"
"AuthenticationFilterInitializer.java","38"
"Bzip2Compressor.java","14"
"SLSUtils.java","0"
"TestS3AContractMkdir.java","5"
"NullWritable.java","14"
"TestBlockDecompressorStream.java","189"
"FSSTAT3Request.java","0"
"AccessControlException.java","36"
"UniformSizeInputFormat.java","0"
"ClusterTopologyReader.java","1"
"SLSRunner.java","0"
"IPList.java","47"
"GraphiteSink.java","28"
"TestGridmixSubmission.java","6"
"TestGridmixStatistics.java","6"
"TestGlobExpander.java","140"
"TestS3NInMemoryFileSystem.java","6"
