"MapFile.java","73"
"RecordInput.java","0"
"TestTFileNoneCodecsByteArrays.java","0"
"ContainerSimulator.java","0"
"Chunk.java","32"
"MD5MD5CRC32GzipFileChecksum.java","0"
"Path.java","6"
"ParsedConfigFile.java","14"
"Decompressor.java","0"
"ProtocolProxy.java","8"
"TestChRootedFileSystem.java","132"
"CopyListing.java","21"
"CompareUtils.java","0"
"AccessPrivilege.java","0"
"CapacitySchedulerMetrics.java","0"
"GangliaMetricsTestHelper.java","0"
"JobSubmitter.java","19"
"RoundRobinUserResolver.java","12"
"TestCachingKeyProvider.java","103"
"TestLocalFSContractOpen.java","0"
"TestTFileComparator2.java","20"
"SLSConfiguration.java","0"
"VerifierGSS.java","0"
"CompressionEmulationUtil.java","23"
"TestPrint0.java","4"
"TestIOUtils.java","63"
"LoadTypedBytes.java","9"
"FailureInjectingJavaKeyStoreProvider.java","2"
"DataInputBuffer.java","0"
"IdentityProvider.java","0"
"DelegationTokenAuthenticationHandler.java","38"
"ServletUtil.java","8"
"FilterExpression.java","4"
"TestGlobPattern.java","1"
"TestCompositeGroupMapping.java","25"
"BadFencingConfigurationException.java","0"
"TrashPolicy.java","0"
"RpcAuthInfo.java","0"
"GridmixTestUtils.java","15"
"QueueName.java","0"
"RpcNoSuchMethodException.java","0"
"ContextFactory.java","10"
"ParsedJob.java","1"
"SslSocketConnectorSecure.java","0"
"CanSetReadahead.java","0"
"NullContext.java","0"
"HarFileSystem.java","76"
"TestAsyncDiskService.java","3"
"TestClassWithNoPackage.java","3"
"PathIsNotDirectoryException.java","0"
"JMXJsonServlet.java","110"
"LocalDirAllocator.java","30"
"TestFilterFs.java","8"
"TestUserResolve.java","17"
"TestStaticMapping.java","1"
"ClassLoaderCheckMain.java","0"
"GangliaContext31.java","5"
"JBuffer.java","0"
"FileContextCreateMkdirBaseTest.java","52"
"TestWebDelegationToken.java","293"
"NativeAzureFileSystem.java","162"
"TestSwiftFileSystemBasicOps.java","53"
"DataOutputOutputStream.java","3"
"RefreshCallQueueProtocol.java","0"
"StressJobFactory.java","19"
"XMLUtils.java","3"
"Globber.java","35"
"GenericWritable.java","5"
"PlatformName.java","0"
"TestHostsFileReader.java","45"
"Display.java","37"
"TestConfigurationDeprecation.java","57"
"MachineNode.java","0"
"ComparableVersion.java","0"
"TestSocketIOWithTimeout.java","27"
"ProxyUsers.java","2"
"TestFairCallQueue.java","24"
"RetryPolicies.java","6"
"TestLocalFSContractSeek.java","0"
"MapWritable.java","14"
"ClientId.java","0"
"NativeFileSystemStore.java","0"
"GridmixJobSubmissionPolicy.java","0"
"CipherSuite.java","0"
"ThrottledInputStream.java","11"
"Tail.java","11"
"Signer.java","3"
"WhoServlet.java","4"
"ExceptionDiags.java","8"
"RMDIR3Request.java","1"
"TestTypedBytesStreaming.java","8"
"TestGroupsCaching.java","77"
"ProtocolInfo.java","0"
"TestFailoverProxy.java","98"
"FSDataInputStream.java","23"
"MockFileSystem.java","1"
"KeyProviderException.java","0"
"StringSignerSecretProviderCreator.java","0"
"TestRandomSignerSecretProvider.java","4"
"DirectDecompressor.java","0"
"CryptoFSDataInputStream.java","0"
"RefreshCallQueueProtocolPB.java","0"
"SleepJob.java","59"
"Task20LineHistoryEventEmitter.java","8"
"TextOutputReader.java","5"
"TestNetUtils.java","76"
"TestRpcReply.java","0"
"JobFactory.java","5"
"TestGenericOptionsParser.java","29"
"FileUtil.java","149"
"HealthCheckFailedException.java","0"
"VIntWritable.java","2"
"TestTFileUnsortedByteArrays.java","86"
"MetricsLongValue.java","0"
"CompressionCodecFactory.java","13"
"TestStringSignerSecretProvider.java","1"
"IndexedSorter.java","0"
"JarFinder.java","24"
"JobBase.java","1"
"AvroSerialization.java","5"
"GangliaContext.java","8"
"TestCLI.java","3"
"ContractOptions.java","0"
"XDR.java","0"
"TestVersionedWritable.java","19"
"TestFsPermission.java","2"
"Filter.java","8"
"TestTFileLzoCodecsByteArrays.java","0"
"TestNativeAzureFileSystemConcurrency.java","26"
"RandomSeedGenerator.java","3"
"ServletUtils.java","0"
"WasbFsck.java","10"
"DoubleWritable.java","2"
"AbstractFSContract.java","2"
"FSMainOperationsBaseTest.java","354"
"ServiceFailedException.java","0"
"TestUniqNames.java","0"
"SwiftContract.java","0"
"NodeName.java","0"
"FileSignerSecretProvider.java","6"
"MetricsTag.java","0"
"FsUrlStreamHandler.java","0"
"INode.java","11"
"SimpleTcpServer.java","1"
"TestLocalDirAllocator.java","87"
"SimpleUdpServer.java","1"
"SaslInputStream.java","23"
"FairSchedulerMetrics.java","26"
"CompressorStream.java","7"
"TestBandwidthGaugeUpdater.java","1"
"Lz4Compressor.java","2"
"TestAvroSerialization.java","4"
"DecayRpcScheduler.java","11"
"SimpleTcpClient.java","0"
"Ls.java","1"
"DeepCompare.java","0"
"AzureFileSystemInstrumentation.java","0"
"ShellCommandFencer.java","15"
"RawBytesMapApp.java","9"
"KeySampler.java","2"
"JsonObjectMapperParser.java","9"
"KMSServerJSONUtils.java","0"
"TestHttpExceptionUtils.java","45"
"TestJets3tNativeFileSystemStore.java","22"
"MetricsSink.java","0"
"GenerateDistCacheData.java","34"
"AzureBlobStorageTestAccount.java","91"
"SecurityInfo.java","0"
"TestHistograms.java","21"
"FSOutputSummer.java","9"
"TestArrayFile.java","33"
"TypedBytesInputWriter.java","4"
"TestWritable.java","10"
"PositionedReadable.java","0"
"DistCh.java","63"
"IpcException.java","0"
"TestStreamingBadRecords.java","29"
"LocalFSContract.java","2"
"DefaultDataType.java","0"
"OptionsParser.java","11"
"XAttrCodec.java","4"
"TypeID.java","1"
"RefreshUserMappingsProtocolPB.java","0"
"ViewFileSystem.java","106"
"FileAlreadyExistsException.java","0"
"SimpleUdpClient.java","4"
"MRAMSimulator.java","29"
"KMSAudit.java","2"
"RENAME3Response.java","0"
"ChunkedArrayList.java","0"
"ApiKeyAuthenticationRequest.java","0"
"READDIRPLUS3Request.java","1"
"TestMetricsAnnotations.java","0"
"RecordFactory.java","0"
"TreePath.java","0"
"OsSecureRandom.java","5"
"DecayRpcSchedulerMXBean.java","0"
"LightWeightCache.java","0"
"DNS.java","33"
"AbstractContractConcatTest.java","17"
"MD5MD5CRC32FileChecksum.java","28"
"MetricType.java","0"
"Reconfigurable.java","0"
"GSetByHashMap.java","0"
"XAttrCommands.java","15"
"GETATTR3Response.java","0"
"TestFileQueue.java","16"
"S3FileSystemContractBaseTest.java","3"
"S3InMemoryFileSystem.java","0"
"TestRetryCache.java","28"
"RegistrationClient.java","1"
"TestShellDecryptionKeyProvider.java","5"
"TestFailoverController.java","97"
"MutableCounter.java","0"
"HostsFileReader.java","11"
"SignalLogger.java","2"
"Verifier.java","0"
"TestDU.java","21"
"TestTFileComparators.java","11"
"FsUrlStreamHandlerFactory.java","4"
"TestFsShellCopy.java","214"
"MutableMetricsFactory.java","1"
"RecordTypeInfo.java","8"
"SaslPlainServer.java","5"
"ByteWritable.java","2"
"SimpleCharStream.java","8"
"MutableCounterLong.java","0"
"HttpServer2.java","43"
"BZip2Codec.java","28"
"TestDecayRpcScheduler.java","1"
"ChildReaper.java","8"
"TestSwiftContractOpen.java","0"
"Pair.java","0"
"TestPureJavaCrc32.java","15"
"BuiltInZlibInflater.java","1"
"AuthenticationFilter.java","40"
"CompositeGroupsMapping.java","3"
"BZip2DummyDecompressor.java","0"
"SequenceFile.java","412"
"S3NInMemoryFileSystem.java","0"
"TestMultipleArchiveFiles.java","30"
"TestProxyUserFromEnv.java","4"
"FilterFileSystem.java","72"
"FileEncryptionInfo.java","0"
"MetaBlockDoesNotExist.java","0"
"DelegationTokenAuthenticationFilter.java","4"
"FileName.java","1"
"GenericOptionsParser.java","42"
"TestRpcCallCache.java","6"
"StorageType.java","0"
"TestViewFsWithAuthorityLocalFs.java","2"
"DataOutputByteBuffer.java","0"
"ACCESS3Request.java","1"
"DebugJobFactory.java","0"
"NodeUpdateSchedulerEventWrapper.java","0"
"SwiftInvalidResponseException.java","2"
"SwiftBadRequestException.java","0"
"HAServiceProtocolClientSideTranslatorPB.java","8"
"TestPatternFilter.java","0"
"RetryCacheMetrics.java","1"
"CompressionInputStream.java","4"
"TestStreamingFailure.java","1"
"TestKerberosUtil.java","21"
"FileBasedKeyStoresFactory.java","15"
"TestFsOptions.java","0"
"MetricsRecords.java","0"
"ViewFsTestSetup.java","18"
"TestLocalFSFileContextCreateMkdir.java","1"
"StringInterner.java","0"
"ValueCountReduce.java","1"
"LoadSplit.java","30"
"TestBooleanWritable.java","4"
"TestGangliaContext.java","11"
"RetriableDirectoryCreateCommand.java","2"
"CryptoInputStream.java","76"
"DirectDecompressionCodec.java","0"
"TestAzureFileSystemInstrumentation.java","45"
"SwiftTestConstants.java","0"
"ReflectionUtils.java","24"
"VersionUtil.java","0"
"NetworkTopologyWithNodeGroup.java","0"
"TestConfiguration.java","227"
"Options.java","0"
"LocalFileSystemConfigKeys.java","0"
"S3AFileStatus.java","0"
"TestLineReader.java","9"
"PipeMapRunner.java","1"
"CryptoFSDataOutputStream.java","5"
"FSInputStream.java","6"
"AvroTestUtil.java","3"
"FileContextPermissionBase.java","126"
"NativeS3FileSystemContractBaseTest.java","69"
"TestS3AContractSeek.java","0"
"TestOptions.java","10"
"TestNfsTime.java","0"
"RollingWindowAverage.java","0"
"Compressor.java","0"
"TestIndexedSort.java","15"
"TestCodecFactory.java","1"
"ByteArray.java","0"
"MBeans.java","10"
"TestS3NContractSeek.java","0"
"AbstractClusterStory.java","0"
"TestTableMapping.java","17"
"TestShellBasedIdMapping.java","22"
"TestWritableUtils.java","27"
"TestDataChecksum.java","12"
"RetryCache.java","3"
"CLITestHelper.java","14"
"ChecksumException.java","0"
"NativeS3Contract.java","0"
"AbstractBondedFSContract.java","4"
"AbstractFSContractTestBase.java","19"
"OpensslSecureRandom.java","2"
"TestSwiftFileSystemDirectoriesHdfs2.java","0"
"FTPInputStream.java","5"
"TestS3AFastOutputStream.java","4"
"TokenMgrError.java","0"
"ClassLoaderCheckThird.java","0"
"CommonConfigurationKeys.java","0"
"LdapGroupsMapping.java","18"
"Writable.java","0"
"SequentialNumber.java","0"
"RefreshAuthorizationPolicyProtocolPB.java","0"
"TestAzureFileSystemErrorConditions.java","33"
"IdGenerator.java","0"
"SwiftThrottledRequestException.java","0"
"SwiftFileSystemBaseTest.java","38"
"Job20LineHistoryEventEmitter.java","20"
"TestNativeAzureFileSystemMocked.java","1"
"NotInMountpointException.java","0"
"JvmMetrics.java","0"
"MetricsSource.java","0"
"TestTFileByteArrays.java","303"
"TestDistCpSync.java","116"
"SwiftRestClient.java","187"
"WritableRpcEngine.java","27"
"FSWrapper.java","0"
"RackNode.java","0"
"TestStringInterner.java","0"
"Nfs3Interface.java","0"
"RawLocalFileSystem.java","80"
"TestChangeOrgNameAndDomain.java","0"
"TestS3NContractRootDir.java","0"
"AnnotatedSecurityInfo.java","0"
"DefaultJobPropertiesParser.java","0"
"LocatedFileStatus.java","2"
"MultipleIOException.java","0"
"UnreliableImplementation.java","15"
"CopyListingFileStatus.java","39"
"ConfigBuilder.java","2"
"MetricGaugeInt.java","0"
"VectorTypeID.java","2"
"TestHelper.java","0"
"DNSToSwitchMapping.java","0"
"JerseyResource.java","1"
"TestDumpTypedBytes.java","18"
"TestSocketFactory.java","0"
"LocalConfigKeys.java","0"
"TestShutdownThreadsHelper.java","3"
"TestCodecPool.java","6"
"Endpoint.java","0"
"RootDocProcessor.java","11"
"TestFileSystemInitialization.java","2"
"DelegateToFileSystem.java","35"
"SnapshotCommands.java","3"
"FileSystemTestHelper.java","31"
"TestSaslRPC.java","211"
"TokenComparator.java","0"
"PseudoDelegationTokenAuthenticationHandler.java","0"
"NfsFileType.java","0"
"PortmapMapping.java","0"
"DefaultFailoverProxyProvider.java","0"
"TestWasbFsck.java","18"
"TestHealthMonitor.java","12"
"FileSystemLinkResolver.java","8"
"HAServiceTarget.java","0"
"PipeMapper.java","9"
"DelegationTokenAuthenticator.java","31"
"FileContextUtilBase.java","61"
"TestSymlinkLocalFS.java","107"
"SecretManager.java","8"
"ObjectWritable.java","76"
"HttpInputStreamWithRelease.java","22"
"CLICommandTypes.java","0"
"FileBasedIPList.java","5"
"HarFs.java","0"
"TestRolloverSignerSecretProvider.java","4"
"CodeGenerator.java","0"
"Token.java","32"
"BloomMapFile.java","18"
"TestCacheableIPList.java","10"
"DistributedCacheEmulator.java","31"
"Closeable.java","0"
"FailoverProxyProvider.java","0"
"ResourceUsageMatcher.java","2"
"AtMostOnce.java","0"
"TestFilterFileSystem.java","20"
"JsonObjectMapperWriter.java","4"
"HAServiceProtocolHelper.java","12"
"TestVLong.java","40"
"TypedBytesReduceApp.java","8"
"JavaSerializationComparator.java","0"
"TestLoadBalancingKMSClientProvider.java","121"
"MetricGaugeLong.java","0"
"FilterFs.java","112"
"FastByteComparisons.java","13"
"JavaGenerator.java","1"
"GenericRefreshProtocolClientSideTranslatorPB.java","2"
"MD5MD5CRC32CastagnoliFileChecksum.java","0"
"TestFilePool.java","38"
"ArrayWritable.java","7"
"MapTaskAttemptInfo.java","0"
"Outputter.java","0"
"StatListener.java","0"
"ChRootedFileSystem.java","5"
"ComparatorData.java","0"
"AcceptAllFilter.java","0"
"MetricsException.java","0"
"TestDeprecatedKeys.java","2"
"UnreliableInterface.java","0"
"TestRollingWindowAverage.java","3"
"ExcludePrivateAnnotationsStandardDoclet.java","0"
"HttpRequestLog.java","4"
"Key.java","6"
"CGenerator.java","8"
"TestWeightedRoundRobinMultiplexer.java","1"
"FileContext.java","465"
"Idempotent.java","0"
"Tool.java","0"
"BoundedRangeFileInputStream.java","5"
"AbstractDelegationTokenIdentifier.java","19"
"MetricsSourceBuilder.java","10"
"ReadRecordFactory.java","4"
"And.java","3"
"RpcScheduler.java","0"
"DefaultOutputter.java","7"
"TestReconfiguration.java","43"
"TestJMXJsonServlet.java","10"
"TestSwiftConfig.java","31"
"TestStopWatch.java","2"
"FSINFO3Response.java","0"
"TestRawlocalContractMkdir.java","0"
"KeyShell.java","28"
"SecurityUtil.java","33"
"TestAzureConcurrentOutOfBandIo.java","17"
"Daemon.java","0"
"TestTextNonUTF8.java","3"
"ResourceUsageEmulatorPlugin.java","0"
"RccTask.java","2"
"SaslRpcServer.java","31"
"CopyOutputFormat.java","1"
"TestSwiftContractDelete.java","0"
"HAServiceProtocolServerSideTranslatorPB.java","16"
"S3AInputStream.java","29"
"GlobExpander.java","2"
"S3FileSystem.java","36"
"MetricsTimeVaryingRate.java","2"
"TestCryptoCodec.java","44"
"WordList.java","0"
"TestSequenceFileSerialization.java","18"
"TestCopyCommitter.java","107"
"COMMIT3Response.java","0"
"READDIR3Response.java","0"
"TestAuthenticationFilter.java","0"
"JFloat.java","0"
"TestS3InMemoryFileSystem.java","9"
"TestDefaultStringifier.java","9"
"TestTFileLzoCodecsStreams.java","0"
"TestJNIGroupsMapping.java","6"
"DistCpSync.java","19"
"ClientBaseWithFixes.java","52"
"EchoUserResolver.java","1"
"MsInfo.java","0"
"TestCredentialProviderFactory.java","62"
"TrApp.java","13"
"TaskInfo.java","0"
"AutoInputFormat.java","8"
"HadoopIllegalArgumentException.java","0"
"KMSAuthenticationFilter.java","0"
"IndexedSortable.java","0"
"TestGenericWritable.java","8"
"TestSecureIOUtils.java","39"
"GetUserMappingsProtocol.java","0"
"PseudoLocalFs.java","13"
"TestPath.java","27"
"MutableGauge.java","0"
"RccConstants.java","0"
"SaslPropertiesResolver.java","0"
"TestGraphiteMetrics.java","17"
"SwiftConfigurationException.java","0"
"TestReloadingX509TrustManager.java","55"
"AbstractContractOpenTest.java","51"
"TestStreamingExitStatus.java","8"
"ParsedLine.java","1"
"PageBlobOutputStream.java","26"
"TestFSMainOperationsSwift.java","3"
"OutputOnlyApp.java","1"
"CountingBloomFilter.java","2"
"TestSwiftContractMkdir.java","0"
"PipeMapRed.java","43"
"SpanReceiverInfoBuilder.java","0"
"StructureGenerator.java","11"
"LocalFs.java","0"
"MetricsFilter.java","0"
"TFileDumper.java","6"
"ChmodParser.java","0"
"TestTrash.java","124"
"TypedBytesOutputReader.java","2"
"ValueQueue.java","20"
"CanSetDropBehind.java","0"
"FSExceptionMessages.java","0"
"TestSwiftRestClient.java","14"
"TestS3NContractDelete.java","0"
"TestViewFileSystemDelegation.java","33"
"ByteBufferPool.java","0"
"FsAction.java","0"
"IOUtils.java","26"
"TestTFileSeek.java","56"
"TestUTF8.java","20"
"TestLog4Json.java","8"
"SecurityUtilTestHelper.java","0"
"HAServiceProtocol.java","0"
"MutableCounterInt.java","0"
"TestAltKerberosAuthenticationHandler.java","12"
"AzureFileSystemMetricsSystem.java","0"
"ManualTestKeytabLogins.java","2"
"SYMLINK3Request.java","1"
"JCompType.java","0"
"ZKUtil.java","2"
"TestLocalFSContractMkdir.java","0"
"MoreAsserts.java","0"
"AzureLinkedStack.java","0"
"TrashPolicyDefault.java","34"
"RpcServerException.java","0"
"RMNodeWrapper.java","0"
"IntWritable.java","2"
"TestFcCreateMkdirLocalFs.java","2"
"ObjectStringSerializer.java","2"
"CREATE3Response.java","0"
"TestCompressorDecompressor.java","6"
"MetricsSystemImpl.java","18"
"IdMappingServiceProvider.java","0"
"TestSerializationFactory.java","0"
"TestRetriableCommand.java","6"
"AzureException.java","0"
"FileContextURIBase.java","352"
"TestLocalFSContractCreate.java","0"
"DefaultInputDemuxer.java","2"
"TestLocalFsFCStatistics.java","11"
"RumenToSLSConverter.java","26"
"BCFile.java","67"
"DecompressorStream.java","13"
"TestKMS.java","974"
"StrictBufferedFSInputStream.java","0"
"IdentityHashStore.java","0"
"FileSystemStore.java","0"
"CredentialShell.java","18"
"PerformanceAdvisory.java","0"
"AbstractMetric.java","0"
"JvmPauseMonitor.java","5"
"TestLocalFileSystem.java","184"
"TestWriteManySmallFiles.java","9"
"TestS3NContractMkdir.java","0"
"TestRandomTextDataGenerator.java","0"
"UserName.java","0"
"TestCryptoStreamsWithOpensslAesCtrCryptoCodec.java","0"
"TestZKFailoverControllerStress.java","16"
"HAServiceProtocolPB.java","0"
"BloomFilter.java","2"
"RawlocalFSContract.java","2"
"TestReflectionUtils.java","14"
"Rcc.java","64"
"InputDemuxer.java","0"
"CompressDecompressTester.java","45"
"MetricsLists.java","0"
"FileChecksum.java","0"
"TestCopyFiles.java","338"
"MutableRates.java","3"
"TestOsSecureRandom.java","6"
"TestZKSignerSecretProvider.java","15"
"ZlibCompressor.java","2"
"TestHttpServerLifecycle.java","17"
"TestPseudoLocalFs.java","38"
"InvalidPathException.java","0"
"FailoverController.java","22"
"TestSortedMapWritable.java","0"
"MapAttempt20LineHistoryEventEmitter.java","3"
"TestViewFileSystemDelegationTokenSupport.java","12"
"S3AScaleTestBase.java","2"
"OpensslAesCtrCryptoCodec.java","13"
"TestLogLevel.java","8"
"RemoteIterator.java","0"
"TestShutdownHookManager.java","0"
"TestCredentialProvider.java","0"
"TestStreamingKeyValue.java","14"
"SwiftUtils.java","4"
"Command.java","34"
"DistCpConstants.java","0"
"PasswordAuthenticationRequest.java","0"
"TestSwiftObjectPath.java","9"
"JLong.java","0"
"ClassLoaderCheck.java","0"
"HttpExceptionUtils.java","32"
"Lz4Decompressor.java","2"
"RegexpAcrossOutputComparator.java","0"
"MetricCounterLong.java","0"
"MergeSort.java","0"
"Text.java","35"
"Wasb.java","0"
"NanoTimer.java","0"
"TestDistCpViewFs.java","121"
"FSTestWrapper.java","2"
"Folder.java","51"
"MKNOD3Response.java","0"
"PortmapResponse.java","0"
"TestHarFileSystem.java","18"
"ZombieCluster.java","0"
"RpcInvocationHandler.java","0"
"DynamicBloomFilter.java","8"
"MachineList.java","7"
"TestTFileSeqFileComparison.java","96"
"PathData.java","21"
"ElasticByteBufferPool.java","1"
"HashFunction.java","0"
"TestStreamJob.java","10"
"MetricsBufferBuilder.java","0"
"TestKeyProviderCryptoExtension.java","23"
"TestBlobMetadata.java","44"
"AvgRecordFactory.java","0"
"MutableStat.java","0"
"TotalHeapUsageEmulatorPlugin.java","0"
"Mkdir.java","2"
"ProtoUtil.java","6"
"KeyProviderExtension.java","14"
"KeyOnlyTextOutputReader.java","2"
"AvroFSInput.java","12"
"FSCmdExecutor.java","1"
"NodeInfo.java","0"
"TestNMSimulator.java","4"
"DfsTask.java","3"
"JvmMetricsInfo.java","0"
"AuthorizationException.java","0"
"StubContext.java","0"
"LineReader.java","8"
"HasFileDescriptor.java","0"
"TypedBytesRecordOutput.java","12"
"ParentNotDirectoryException.java","0"
"TestMove.java","18"
"LifecycleEvent.java","0"
"TestFilterExpression.java","13"
"TestLightWeightCache.java","0"
"GenerateData.java","56"
"ExpressionFactory.java","9"
"AvroSpecificSerialization.java","5"
"TestMetricsCache.java","1"
"TestGenericsUtil.java","2"
"S3Exception.java","0"
"IntrusiveCollection.java","3"
"ByteBufferReadable.java","0"
"TestAutoInputFormat.java","15"
"TestKerberosName.java","16"
"TestSymLink.java","18"
"TestS3NContractRename.java","0"
"QuickSort.java","0"
"TestDistCpWithXAttrs.java","43"
"PseudoDelegationTokenAuthenticator.java","3"
"ZKFCProtocol.java","0"
"TestS3ADeleteManyFiles.java","29"
"RpcProgram.java","3"
"CompressionOutputStream.java","3"
"Metrics.java","0"
"MutableGaugeLong.java","0"
"CLICommand.java","0"
"Portmap.java","2"
"PureJavaCrc32.java","0"
"SpanReceiverInfo.java","0"
"GroupMappingServiceProvider.java","0"
"TestKeyProviderDelegationTokenExtension.java","7"
"Service.java","0"
"SetFile.java","4"
"KeystoneApiKeyCredentials.java","0"
"TestFileUtil.java","142"
"ProxyServers.java","0"
"TestServletFilter.java","19"
"TestSwiftContractRootDir.java","0"
"TypedBytesWritableInput.java","60"
"CachingKeyProvider.java","16"
"TestLocal_S3FileContextURI.java","2"
"TestGetFileBlockLocations.java","22"
"TestSnappyCompressorDecompressor.java","50"
"TestChRootedFs.java","262"
"VersionInfo.java","5"
"TestViewfsFileStatus.java","22"
"UserIdentityProvider.java","0"
"TestIntegration.java","157"
"PseudoAuthenticationHandler.java","0"
"TestDistCacheEmulation.java","69"
"CopyMethod.java","0"
"TestWritableName.java","9"
"EventCounter.java","0"
"TestCodec.java","185"
"MigrationTool.java","32"
"KeyProviderCryptoExtension.java","14"
"ConfigUtil.java","2"
"FTPFileSystem.java","80"
"RpcClientUtil.java","8"
"UserResolver.java","0"
"TestSwitchMapping.java","0"
"DfsZeroLen.java","0"
"AclCommands.java","7"
"MBeanInfoBuilder.java","0"
"TestPseudoAuthenticationHandler.java","12"
"READ3Response.java","0"
"ClassName.java","0"
"TestViewFsConfig.java","0"
"TestHadoopArchives.java","168"
"TestLz4CompressorDecompressor.java","44"
"DomainSocketWatcher.java","24"
"PossiblyDecompressedInputStream.java","6"
"CombinedIPWhiteList.java","1"
"TestUniformSizeInputFormat.java","41"
"KeyAuthorizationKeyProvider.java","43"
"TestS3AContractOpen.java","0"
"Syncable.java","0"
"RawBytesInputWriter.java","7"
"FileQueue.java","8"
"Delete.java","11"
"TestGSet.java","7"
"TestSharedFileDescriptorFactory.java","18"
"Contracts.java","0"
"CREATE3Request.java","1"
"JobHistoryParserFactory.java","5"
"ChecksumFileSystem.java","85"
"UniqApp.java","2"
"Environment.java","8"
"TestGridmixRecord.java","40"
"RpcReply.java","0"
"ErrorMetricUpdater.java","0"
"DummyResourceCalculatorPlugin.java","0"
"KMSACLs.java","2"
"TraceAdminProtocol.java","0"
"JobPropertyParser.java","0"
"TestMD5Hash.java","9"
"DumpTypedBytes.java","16"
"ConnectionConfigurator.java","0"
"BlockCompressorStream.java","14"
"TestFrameDecoder.java","1"
"TestAclCommands.java","26"
"TestRpcAuthInfo.java","0"
"NetUtils.java","52"
"DataJoinMapperBase.java","1"
"JniBasedUnixGroupsNetgroupMapping.java","3"
"GSet.java","1"
"TestRawlocalContractRename.java","0"
"AuthenticationWrapper.java","0"
"KerberosAuthenticator.java","62"
"CLITestData.java","0"
"TrAppReduce.java","11"
"TestReadAndSeekPageBlobAfterWrite.java","45"
"TestScriptBasedMappingWithDependency.java","0"
"TestDynamicInputFormat.java","54"
"BinaryComparable.java","0"
"DNSToSwitchMappingWithDependency.java","0"
"PageBlobInputStream.java","26"
"AzureMetricsTestUtil.java","0"
"WccAttr.java","0"
"JVector.java","0"
"Waitable.java","1"
"PathIOException.java","0"
"TraceAdminProtocolTranslatorPB.java","3"
"TaggedMapOutput.java","0"
"TestSwiftFileSystemContract.java","22"
"SwiftNativeFileSystemStore.java","110"
"Node.java","0"
"TestDFVariations.java","19"
"UmaskParser.java","0"
"SaslOutputStream.java","18"
"PageBlobFormatHelpers.java","0"
"JField.java","0"
"InMemoryFileSystemStore.java","6"
"Version20LogInterfaceUtils.java","1"
"TestSLSWebApp.java","3"
"JarBuilder.java","22"
"TestS3AContractRootDir.java","0"
"Gridmix.java","74"
"TestDistCpWithRawXAttrs.java","29"
"TestINode.java","6"
"ReplayJobFactory.java","9"
"PathFinder.java","2"
"TestNodeFencer.java","9"
"TemporarySocketDirectory.java","2"
"GridmixSplit.java","24"
"TypedBytesInput.java","72"
"TestFsShellReturnCode.java","78"
"TestGetInstances.java","2"
"DfsBaseConditional.java","1"
"CommandFormat.java","0"
"TestRpcCall.java","0"
"TestFcLocalFsUtil.java","1"
"TestSequenceFile.java","128"
"LimitInputStream.java","6"
"S3ATestUtils.java","1"
"TestToken.java","7"
"Record.java","0"
"JniBasedUnixGroupsMappingWithFallback.java","4"
"TestS3AContractCreate.java","0"
"IdentifierResolver.java","0"
"JMap.java","0"
"WritableName.java","2"
"ShutdownHookManager.java","2"
"Seekable.java","0"
"FilterInitializer.java","0"
"KeyProvider.java","53"
"InputWriter.java","0"
"WritableSerialization.java","4"
"DefaultImpersonationProvider.java","0"
"TestHighRamJob.java","12"
"TestFileArgs.java","8"
"DeskewedJobTraceReader.java","7"
"CryptoProtocolVersion.java","0"
"ReadaheadPool.java","3"
"TestFileBasedCopyListing.java","103"
"TestRawBytesStreaming.java","10"
"FakeTimer.java","0"
"RpcMessage.java","0"
"TestSwiftFileSystemDirectories.java","18"
"SwiftConnectionClosedException.java","0"
"AuthenticationToken.java","1"
"TestMiniRPCBenchmark.java","1"
"TestConfServlet.java","12"
"TestBlobTypeSpeedDifference.java","17"
"CsvRecordInput.java","36"
"FileStatus.java","28"
"AbstractService.java","10"
"TestNetworkTopologyWithNodeGroup.java","1"
"MetricsSystem.java","0"
"WhitelistBasedResolver.java","3"
"Anonymizer.java","29"
"ThreadUtil.java","3"
"TestSwiftFileSystemExtendedContract.java","32"
"ComparatorBase.java","0"
"TestNativeAzureFileSystemFileNameCheck.java","37"
"DefaultStringifier.java","24"
"TestArrayPrimitiveWritable.java","17"
"RpcInfo.java","0"
"DUHelper.java","0"
"TimedOutTestsListener.java","0"
"CompositeContext.java","15"
"HadoopKerberosName.java","9"
"PermissionParser.java","4"
"BaseExpression.java","9"
"TestHardLink.java","100"
"RawBytesReduceApp.java","9"
"User.java","0"
"TestFcMainOperationsLocalFs.java","2"
"Groups.java","9"
"HttpRequestLogAppender.java","0"
"CommandFactory.java","8"
"TestIdentityHashStore.java","1"
"BlobMaterialization.java","0"
"Lz4Codec.java","2"
"GETATTR3Request.java","1"
"AbstractContractDeleteTest.java","48"
"TestRpcDeniedReply.java","0"
"TestSwiftContractCreate.java","0"
"TestPathFilter.java","14"
"TestKeyShell.java","30"
"KMSWebApp.java","9"
"JobBuilder.java","1"
"TestFind.java","272"
"RpcCall.java","1"
"UtilTest.java","3"
"TestApplicationClassLoader.java","23"
"Errno.java","0"
"CredentialsGSS.java","0"
"DfsExists.java","0"
"TestLightWeightGSet.java","1"
"TestFileSystemCaching.java","128"
"MountResponse.java","0"
"CredentialsNone.java","0"
"S3Credentials.java","0"
"TestGetGroups.java","0"
"SwiftAuthenticationFailedException.java","0"
"PathExistsException.java","0"
"KMSRESTConstants.java","0"
"ParseException.java","0"
"TestContainerChecks.java","60"
"MountInterface.java","0"
"TestKMSACLs.java","0"
"TestS3ABlocksize.java","6"
"LogAdapter.java","0"
"TestPortmap.java","8"
"DummySharedResource.java","0"
"FairCallQueueMXBean.java","0"
"FsShell.java","10"
"ShellBasedUnixGroupsNetgroupMapping.java","7"
"NativeCrc32.java","0"
"BreakableStateChangeListener.java","0"
"TaskRunner.java","4"
"DistTool.java","12"
"AbstractContractMkdirTest.java","55"
"RolloverSignerSecretProvider.java","0"
"TestScriptBasedMapping.java","0"
"TestRawlocalContractDelete.java","0"
"TestDomainSocketWatcher.java","19"
"EagerKeyGeneratorKeyProviderCryptoExtension.java","12"
"SimpleBufferedOutputStream.java","7"
"TestWasbUriAndConfiguration.java","81"
"SampleQuantiles.java","0"
"RetriableCommand.java","4"
"TestFTPContractRename.java","4"
"RpcCallCache.java","0"
"GridmixJob.java","19"
"SetAttr3.java","0"
"TestIPC.java","152"
"TFile.java","146"
"LoggingStateChangeListener.java","1"
"CommonConfigurationKeysPublic.java","0"
"HttpUserGroupInformation.java","0"
"TestActiveStandbyElector.java","107"
"KerberosUtil.java","23"
"TestResourceUsageEmulators.java","60"
"FtpConfigKeys.java","0"
"TestZlibCompressorDecompressor.java","45"
"Find.java","15"
"MetricsConfig.java","10"
"TokenInfo.java","0"
"TestPathExceptions.java","0"
"TestText.java","58"
"SaslRpcClient.java","37"
"TestCallQueueManager.java","13"
"GangliaMetricVisitor.java","0"
"WritableFactory.java","0"
"Duration.java","0"
"SwiftScaleTestBase.java","0"
"StreamAggregate.java","3"
"PipeReducer.java","13"
"ResponseReceivedMetricUpdater.java","2"
"PathNotFoundException.java","0"
"KeyOnlyTextInputWriter.java","2"
"UnexpectedServerException.java","0"
"JobMonitor.java","11"
"MetricsSystemMXBean.java","0"
"TestXDR.java","0"
"BZip2Constants.java","0"
"TestS3AFileSystemContract.java","18"
"MetaBlockAlreadyExists.java","0"
"SwiftOperationFailedException.java","0"
"TestSSLFactory.java","72"
"OpensslCipher.java","7"
"Bzip2Factory.java","2"
"DefaultRumenSerializer.java","4"
"HeapSort.java","0"
"DefaultAnonymizableDataType.java","0"
"BandwidthGaugeUpdater.java","5"
"TestSSLHttpServer.java","26"
"StorageInterfaceImpl.java","42"
"InvalidRequestException.java","0"
"CallQueueManager.java","29"
"TestMetricsCollectorImpl.java","0"
"TestServiceLifecycle.java","9"
"FifoSchedulerMetrics.java","2"
"UTF8.java","30"
"TestAuthToken.java","20"
"MetricsDynamicMBeanBase.java","4"
"CopyCommitter.java","41"
"MetricsRecordBuilderImpl.java","0"
"CommandExecutor.java","2"
"TestStreamingStatus.java","31"
"TestProxyUsers.java","16"
"TestAuthenticationToken.java","0"
"AuthenticationResponse.java","0"
"BatchedRemoteIterator.java","5"
"ReduceTaskAttemptInfo.java","0"
"TestSLSRunner.java","2"
"CryptoOutputStream.java","20"
"OutputRecord.java","0"
"BinaryRecordInput.java","11"
"MiniRPCBenchmark.java","39"
"TestNetgroupCache.java","0"
"WRITE3Response.java","0"
"CanUnbuffer.java","0"
"Schedulable.java","0"
"TestCommandFactory.java","0"
"PartialListing.java","0"
"WordListAnonymizerUtility.java","0"
"LossyRetryInvocationHandler.java","0"
"FileSystemTestWrapper.java","78"
"TestSequenceFileSync.java","15"
"RpcDeniedReply.java","0"
"Test.java","0"
"CloseableReferenceCount.java","0"
"TestLocalFSContractAppend.java","0"
"TestTextCommand.java","11"
"TestSampleStat.java","0"
"TestFsShell.java","2"
"TestDiskChecker.java","32"
"FenceMethod.java","0"
"LoggedTaskAttempt.java","29"
"TestMultipleCachefiles.java","23"
"NoCacheFilter.java","2"
"CopyMapper.java","42"
"TestSleepJob.java","27"
"MetricsBuffer.java","0"
"AbstractContractRootDirectoryTest.java","29"
"TestSecurityUtil.java","21"
"NativeCodeLoader.java","2"
"InterfaceStability.java","0"
"DefaultAnonymizingRumenSerializer.java","4"
"TestArrayWritable.java","5"
"TypedBytesWritable.java","4"
"StreamPumper.java","4"
"TestJaasConfiguration.java","0"
"TestInterns.java","0"
"AbstractContractSeekTest.java","124"
"DataType.java","0"
"BloomFilterCommonTester.java","26"
"GridmixKey.java","19"
"JobConfigurationParser.java","10"
"MetricsRegistry.java","0"
"TestV2LsOperations.java","17"
"CBZip2OutputStream.java","58"
"TestS3_LocalFileContextURI.java","2"
"TestNativeCodeLoader.java","1"
"PATHCONF3Response.java","0"
"MetricsInfoImpl.java","0"
"TypedBytesWritableOutput.java","40"
"NativeIOException.java","0"
"MetricGaugeDouble.java","0"
"GetUserMappingsProtocolClientSideTranslatorPB.java","2"
"TestMachineList.java","38"
"TestKeyAuthorizationKeyProvider.java","93"
"KeyProviderFactory.java","3"
"NFS3Request.java","0"
"TestAuthenticatedURL.java","21"
"TestNativeAzureFileSystemOperationsMocked.java","4"
"FsConstants.java","0"
"Bzip2Decompressor.java","1"
"TestFileContextResolveAfs.java","14"
"DelegationTokenManager.java","13"
"SampleTaggedMapOutput.java","4"
"DelegationTokenIdentifier.java","0"
"DefaultCodec.java","3"
"TestRetriableFileCopyCommand.java","4"
"TestSLSUtils.java","0"
"AuthenticationRequestWrapper.java","0"
"TestStreamXmlMultipleRecords.java","2"
"Client.java","125"
"WhoClient.java","12"
"Stringifier.java","0"
"TestCredShell.java","19"
"GenericRefreshProtocol.java","0"
"TestAccessControlList.java","9"
"TestStreamXmlRecordReader.java","10"
"TestViewFsURIs.java","1"
"SampleDataJoinMapper.java","0"
"GzipCodec.java","9"
"TestClassUtil.java","0"
"KMSJSONReader.java","3"
"RequestWithHandle.java","0"
"Interns.java","1"
"RegexpComparator.java","0"
"RemoteException.java","11"
"ReconfigurableBase.java","6"
"CoreTestDriver.java","7"
"GlobbedCopyListing.java","4"
"ImpersonationProvider.java","0"
"InMemoryNativeFileSystemStore.java","13"
"TestRandomSeedGenerator.java","0"
"LongWritable.java","2"
"TestDNS.java","24"
"SocksSocketFactory.java","11"
"S3AContract.java","0"
"RequestLoggerFilter.java","4"
"TestTaskRunner.java","6"
"InMemoryBlockBlobStore.java","0"
"FSLinkResolver.java","9"
"MetricsRecordFiltered.java","0"
"LoggedNetworkTopology.java","3"
"TestRestClientBindings.java","9"
"BuiltInGzipDecompressor.java","5"
"TestOutOfBandAzureBlobOperationsLive.java","69"
"SocketOutputStream.java","13"
"CDFPiecewiseLinearRandomGenerator.java","0"
"LoadGenerator.java","85"
"TestDataJoin.java","20"
"ReconfigurationTaskStatus.java","0"
"TestViewFsLocalFs.java","1"
"AzureNativeFileSystemStore.java","218"
"SelfRenewingLease.java","11"
"TestCryptoStreams.java","21"
"TestLocalFSFileContextMainOperations.java","17"
"TestWhitelistBasedResolver.java","46"
"LoggedTask.java","14"
"FtpFs.java","1"
"TestFcLocalFsPermission.java","1"
"CreateFlag.java","0"
"DurationStats.java","0"
"ParsedTask.java","1"
"SecureIOUtils.java","27"
"MetricsConfigException.java","0"
"TaskAttempt20LineEventEmitter.java","7"
"ReconfigurationServlet.java","8"
"HadoopStreaming.java","4"
"CRC.java","0"
"HtmlQuoting.java","13"
"DynamicInputFormat.java","16"
"Histogram.java","0"
"RandomTextDataGenerator.java","1"
"ReloadingX509TrustManager.java","21"
"FSError.java","0"
"RpcDetailedMetrics.java","1"
"MD5Hash.java","6"
"NoEmitMetricsContext.java","0"
"TestKMSWithZK.java","34"
"MetricsBase.java","0"
"CompressionCodec.java","2"
"TestSwiftFileSystemBlocksize.java","3"
"JobConfPropertyNames.java","0"
"SimpleKeyProvider.java","0"
"TestCount.java","16"
"FileSystem.java","173"
"RetryProxy.java","0"
"ScriptBasedMappingWithDependency.java","0"
"TestGridmixMemoryEmulation.java","28"
"CBZip2InputStream.java","83"
"IdMappingConstant.java","0"
"TestMultipleProtocolServer.java","33"
"ExcludePrivateAnnotationsJDiffDoclet.java","0"
"SinkQueue.java","6"
"BZip2DummyCompressor.java","0"
"SwiftNativeInputStream.java","24"
"MoveCommands.java","3"
"TestStat.java","23"
"TestEnumSetWritable.java","18"
"GetUserMappingsProtocolPB.java","0"
"TestLocalFileSystemPermission.java","38"
"Shell.java","35"
"TestNfsExports.java","2"
"TestExternalCall.java","33"
"RefreshCallQueueProtocolClientSideTranslatorPB.java","2"
"FsShellPermissions.java","5"
"InputBuffer.java","0"
"TestDelegationTokenRenewer.java","50"
"RpcClientException.java","0"
"TestBloomMapFile.java","45"
"BlockDecompressorStream.java","12"
"DelegationKey.java","9"
"RetouchedBloomFilter.java","10"
"ServiceOperations.java","2"
"HadoopArchives.java","100"
"KMSConfiguration.java","1"
"SYMLINK3Response.java","0"
"TestNativeAzureFSPageBlobLive.java","1"
"DynamicInputChunk.java","22"
"TestSeek.java","104"
"BreakableService.java","0"
"TestIname.java","21"
"TestObjectWritableProtos.java","5"
"InputStriper.java","4"
"PathIsDirectoryException.java","0"
"AbstractDNSToSwitchMapping.java","0"
"FileContextTestWrapper.java","153"
"Encryptor.java","0"
"MetricsSinkAdapter.java","11"
"TraceAdmin.java","17"
"SshFenceByTcpPort.java","28"
"RpcMetrics.java","1"
"RegexFilter.java","0"
"TestRawlocalContractCreate.java","0"
"NativeLibraryChecker.java","2"
"PortmapRequest.java","0"
"Jets3tFileSystemStore.java","49"
"SnappyDecompressor.java","3"
"TestTimedOutTestsListener.java","15"
"TestFTPContractMkdir.java","0"
"ZKDelegationTokenSecretManager.java","104"
"KerberosSecurityTestcase.java","1"
"NfsExports.java","2"
"TestXAttrCommands.java","15"
"TestRetryProxy.java","35"
"AuthenticationRequest.java","0"
"Deserializer.java","0"
"TestTypedBytesWritable.java","2"
"ShellBasedIdMapping.java","46"
"TestCompressionEmulationUtils.java","70"
"SharedFileDescriptorFactory.java","6"
"TestCryptoStreamsNormal.java","0"
"ReadOption.java","0"
"ProtocolMetaInfoPB.java","0"
"ApiKeyCredentials.java","0"
"Consts.java","0"
"ServiceStateChangeListener.java","0"
"TestName.java","21"
"TestUserFromEnv.java","3"
"MetricGaugeFloat.java","0"
"SimpleTcpClientHandler.java","1"
"UnresolvedLinkException.java","0"
"TestLogResources.java","1"
"RpcEngine.java","0"
"Progressable.java","0"
"TestStaticUserWebFilter.java","5"
"TestBoundedByteArrayOutputStream.java","14"
"ShellDecryptionKeyProvider.java","2"
"AuthenticatorTestCase.java","49"
"FsUrlConnection.java","6"
"RpcException.java","0"
"SwiftObjectPath.java","2"
"AbstractPatternFilter.java","0"
"TestAvroFSInput.java","21"
"Stat.java","0"
"TestStreamDataProtocol.java","10"
"Index.java","0"
"TestMetricsServlet.java","7"
"AdminAuthorizedServlet.java","1"
"DefaultMetricsFactory.java","0"
"KMSExceptionsProvider.java","0"
"SwiftProtocolConstants.java","0"
"Expression.java","0"
"RefreshRegistry.java","2"
"Servers.java","0"
"TestBlockLocation.java","27"
"AnonymousAWSCredentialsProvider.java","0"
"MBeanUtil.java","10"
"TestZKUtil.java","17"
"TestS3Credentials.java","1"
"Nfs3FileAttributes.java","0"
"S3FileSystemException.java","0"
"ZlibDecompressor.java","2"
"TestOutOfBandAzureBlobOperations.java","32"
"LoggedDiscreteCDF.java","5"
"StreamKeyValUtil.java","4"
"TestChunkedArrayList.java","0"
"Count.java","1"
"TestFileSink.java","3"
"FloatWritable.java","2"
"DataAnonymizer.java","0"
"UnsupportedFileSystemException.java","0"
"WritableUtils.java","52"
"SerializationFactory.java","3"
"JniBasedUnixGroupsNetgroupMappingWithFallback.java","4"
"TestViewFileSystemWithAuthorityLocalFileSystem.java","3"
"TestSwiftContractRename.java","0"
"CodeBuffer.java","0"
"TestFileStatus.java","15"
"ProviderUtils.java","0"
"CryptoStreamsTestBase.java","188"
"TestMultithreadedTestUtil.java","7"
"JobTraceReader.java","0"
"TestLocalFSContractDelete.java","0"
"Name.java","5"
"ZKFCTestUtil.java","2"
"MetricsCache.java","1"
"TestSignalLogger.java","2"
"JobHistoryUtils.java","2"
"RetryUtils.java","2"
"TestCompressorStream.java","4"
"TestGlobalStateChangeListener.java","0"
"SecurityHandler.java","1"
"TestKeyOnlyTextOutputReader.java","12"
"MockStorageInterface.java","29"
"RetriableException.java","0"
"MetricsCollector.java","0"
"WccData.java","0"
"DurationStatsTable.java","0"
"TestSshFenceByTcpPort.java","6"
"AbstractContractAppendTest.java","27"
"ConfServlet.java","9"
"ParsedTaskAttempt.java","1"
"CsvRecordOutput.java","9"
"TestRawLocalContractUnderlyingFileBehavior.java","0"
"LogLevel.java","14"
"BasicAWSCredentialsProvider.java","0"
"DirectBufferPool.java","0"
"AccessControlList.java","2"
"MountEntry.java","0"
"TestDelegateToFileSystem.java","3"
"SerializationTestUtil.java","6"
"TestReadPastBuffer.java","24"
"ReconfigurationUtil.java","0"
"AbstractDelegationTokenSelector.java","0"
"XAttrSetFlag.java","0"
"ProgramDriver.java","8"
"PathPermissionException.java","0"
"PolicyProvider.java","0"
"TestTFileStreams.java","104"
"DataJoinJob.java","19"
"TestNativeAzureFileSystemMetricsSystem.java","22"
"FsPermission.java","6"
"BytesWritable.java","5"
"KerberosInfo.java","0"
"FileContextMainOperationsBaseTest.java","864"
"READLINK3Response.java","0"
"TestFTPContractDelete.java","0"
"NMSimulator.java","4"
"SingleEventEmitter.java","0"
"KeyProviderDelegationTokenExtension.java","1"
"FCStatisticsBaseTest.java","11"
"TestUGIWithExternalKdc.java","3"
"TestStringUtils.java","8"
"SwiftFileStatus.java","0"
"JobProperties.java","0"
"AclEntry.java","1"
"InterfaceAudience.java","0"
"MiniKMS.java","17"
"LOOKUP3Response.java","0"
"CumulativeCpuUsageEmulatorPlugin.java","2"
"RpcProgramPortmap.java","1"
"TestStreamingOutputKeyValueTypes.java","1"
"RetryPolicy.java","0"
"TestAnd.java","77"
"ClassLoaderCheckSecond.java","0"
"READDIRPLUS3Response.java","0"
"TestTraceUtils.java","0"
"JceAesCtrCryptoCodec.java","20"
"KerberosTestUtils.java","8"
"TestProgress.java","0"
"TestClusterTopology.java","0"
"TestHttpCookieFlag.java","16"
"GetUserMappingsProtocolServerSideTranslatorPB.java","2"
"AltKerberosAuthenticationHandler.java","2"
"TestS3NContractCreate.java","0"
"TestMapWritable.java","4"
"AsyncDiskService.java","2"
"TopologyBuilder.java","0"
"NfsTime.java","0"
"Configured.java","0"
"RawComparator.java","0"
"BinaryRecordOutput.java","11"
"ProtobufRpcEngine.java","34"
"ServicePlugin.java","0"
"CryptoStreamUtils.java","1"
"package-info.java","0"
"SubmitterUserResolver.java","2"
"AbstractFileSystem.java","101"
"AnonymizableDataType.java","0"
"HttpConfig.java","0"
"LINK3Request.java","2"
"MiniKdc.java","45"
"RefreshHandler.java","0"
"TestHttpRequestLog.java","0"
"TestKeyProvider.java","14"
"Metric.java","0"
"TestContentSummary.java","16"
"StreamBaseRecordReader.java","6"
"S3NativeFileSystemConfigKeys.java","0"
"TestOptionsParser.java","82"
"TestKMSAudit.java","4"
"ClusterSummarizer.java","2"
"StandbyException.java","0"
"MapReduceJobPropertiesParser.java","9"
"AbstractMapWritable.java","12"
"Classpath.java","6"
"DelayEchoApp.java","6"
"TraceAdminProtocolPB.java","0"
"DirectoryListingStartAfterNotFoundException.java","0"
"FTPContract.java","0"
"TestViewFsTrash.java","6"
"TestDistCpUtils.java","346"
"DebugJobProducer.java","1"
"TestSigner.java","23"
"SnappyCodec.java","2"
"RemoveScheme.java","0"
"TestSampleQuantiles.java","0"
"TestTFile.java","153"
"TestNativeAzureFileSystemContractMocked.java","2"
"TestClasspath.java","10"
"HttpServer.java","43"
"TestFcPermissionsLocalFs.java","2"
"BoundedByteArrayOutputStream.java","0"
"FileHandle.java","3"
"HadoopLogsAnalyzer.java","107"
"GangliaSink31.java","3"
"TestDataByteBuffers.java","40"
"TypedBytesRecordInput.java","21"
"NullContextWithUpdateThread.java","0"
"TestProtoUtil.java","9"
"TestDistCpWithAcls.java","51"
"TestSwiftFileSystemLsOperations.java","20"
"TraceBuilder.java","44"
"TestUnconsumedInput.java","10"
"AclUtil.java","0"
"RecordOutput.java","0"
"TestCopy.java","78"
"KMSClientProvider.java","159"
"Hadoop20JHParser.java","10"
"RetryInvocationHandler.java","19"
"MutableQuantiles.java","0"
"TestPiecewiseLinearInterpolation.java","0"
"DeflateCodec.java","0"
"MutableGaugeInt.java","0"
"UnitTestcaseTimeLimit.java","0"
"GenericRefreshProtocolServerSideTranslatorPB.java","2"
"ServiceAssert.java","0"
"TestShell.java","11"
"AvroReflectSerializable.java","0"
"TestRpcAcceptedReply.java","0"
"TestGangliaSink.java","2"
"SwiftException.java","0"
"SnappyCompressor.java","2"
"ServiceStateModel.java","0"
"TestMetricsSourceAdapter.java","15"
"TestDelegationTokenAuthenticationHandlerWithMocks.java","115"
"JenkinsHash.java","2"
"TestCopyPreserveFlag.java","59"
"LogRecordType.java","0"
"READDIR3Request.java","1"
"DataGenerator.java","23"
"VersionInfoMojo.java","14"
"TestCommandFormat.java","1"
"TestFTPContractOpen.java","0"
"TestLogalyzer.java","40"
"StopWatch.java","0"
"SwiftInternalStateException.java","0"
"TestCredentials.java","5"
"SwiftNativeFileSystem.java","39"
"CredentialProviderFactory.java","2"
"ScopedAclEntries.java","0"
"TestSetFile.java","30"
"Serializer.java","0"
"ProtocolTranslator.java","0"
"JString.java","0"
"DiskChecker.java","12"
"SelfThrottlingIntercept.java","3"
"ZeroCopyUnavailableException.java","0"
"SETATTR3Response.java","0"
"IntermediateRecordFactory.java","6"
"FsStatus.java","6"
"MetricsRecordImpl.java","0"
"MetricsInfo.java","0"
"SymlinkBaseTest.java","2191"
"WeightedRoundRobinMultiplexer.java","1"
"StatePool.java","26"
"HardLink.java","11"
"NetgroupCache.java","0"
"DataOutputBuffer.java","4"
"S3AFastOutputStream.java","36"
"AclStatus.java","1"
"StandardSocketFactory.java","12"
"TestHttpServerWebapps.java","6"
"TestCopyListing.java","81"
"DF.java","20"
"DeepInequalityException.java","0"
"MethodMetric.java","13"
"NativeIO.java","55"
"FilterContainer.java","0"
"FsServerDefaults.java","12"
"TestUserGroupInformation.java","91"
"RefreshUserMappingsProtocolServerSideTranslatorPB.java","4"
"KeyStoreTestUtil.java","69"
"DeserializerComparator.java","4"
"ZKFCProtocolClientSideTranslatorPB.java","5"
"TestAcl.java","0"
"TraceUtils.java","0"
"FsUsage.java","4"
"ViewFsBaseTest.java","566"
"RMDIR3Response.java","0"
"RPCCallBenchmark.java","48"
"FTPException.java","0"
"Utils.java","18"
"RPC.java","46"
"DistCpOptionSwitch.java","0"
"TestHttpServer.java","91"
"RecordComparator.java","0"
"TestHarFileSystemBasics.java","74"
"Logalyzer.java","12"
"Type.java","0"
"TestTruncatedInputBug.java","18"
"TestZKFailoverController.java","155"
"TestOutputRecord.java","0"
"StderrApp.java","8"
"Authenticator.java","0"
"AbstractMetricsContext.java","8"
"RandomDatum.java","4"
"OutputReader.java","0"
"CommonJobTest.java","39"
"ProtocolSignature.java","15"
"RefreshUserMappingsProtocolClientSideTranslatorPB.java","3"
"RawLocalFs.java","1"
"ZKFCProtocolServerSideTranslatorPB.java","6"
"SampleDataJoinReducer.java","0"
"DomainSocket.java","62"
"JType.java","0"
"AMSimulator.java","31"
"TestResult.java","0"
"Block.java","0"
"FSINFO3Request.java","1"
"TestNativeAzureFileSystemContractLive.java","2"
"AbstractGangliaSink.java","10"
"TestBlobDataValidation.java","27"
"COMMIT3Request.java","1"
"Truncate.java","7"
"AuthenticationHandler.java","0"
"ContentSummary.java","12"
"TestMetricsConfig.java","2"
"GlobPattern.java","0"
"VLongWritable.java","2"
"CodecPool.java","1"
"SimpleCopyListing.java","43"
"AclEntryType.java","0"
"DistCp.java","57"
"PathAccessDeniedException.java","0"
"TestStreamingCounters.java","2"
"JavaSerialization.java","7"
"CompressedWritable.java","8"
"KeyStoneAuthRequest.java","0"
"TestCopyOutputFormat.java","27"
"SysSecurityHandler.java","0"
"State.java","0"
"VersionedProtocol.java","0"
"LightWeightGSet.java","0"
"REMOVE3Response.java","0"
"BooleanWritable.java","2"
"TestRunJar.java","15"
"TestStreamingCombiner.java","1"
"CppGenerator.java","11"
"Progressive.java","0"
"ServiceAuthorizationManager.java","3"
"TestFTPContractCreate.java","0"
"TestFileHandle.java","0"
"S3AOutputStream.java","12"
"Statistics.java","11"
"TestThrottledInputStream.java","24"
"TestSwiftFileSystemDelete.java","27"
"BlockingSerializer.java","2"
"TestAfsCheckPath.java","0"
"TestOpensslSecureRandom.java","0"
"MetricsRecordBuilder.java","0"
"UserGroupInformation.java","52"
"SSLHostnameVerifier.java","21"
"TestJUnitSetup.java","2"
"SplitCompressionInputStream.java","0"
"READLINK3Request.java","1"
"WritableComparable.java","0"
"RandomAlgorithms.java","0"
"TestSwiftFileSystemConcurrency.java","17"
"TestNativeCrc32.java","6"
"MetricsSourceAdapter.java","2"
"ActiveStandbyElector.java","89"
"TestRPCCallBenchmark.java","2"
"RpcNoSuchProtocolException.java","0"
"GangliaConf.java","0"
"DistCpUtils.java","37"
"KerberosDelegationTokenAuthenticationHandler.java","0"
"TestPrint.java","4"
"Touchz.java","6"
"Credentials.java","1"
"TestFileSystemCanonicalization.java","18"
"Catalog.java","0"
"TestRawlocalContractOpen.java","0"
"Serialization.java","0"
"MockitoMaker.java","0"
"TestGzipInput.java","4"
"TestSymlinkLocalFSFileSystem.java","24"
"Timer.java","1"
"BufferedFSInputStream.java","11"
"ClientCache.java","0"
"TestRandomAlgorithm.java","0"
"DistCpTestUtils.java","3"
"CommandUtils.java","0"
"TokenIdentifier.java","2"
"ProtocolMetaInterface.java","0"
"TestDistCh.java","40"
"Print.java","2"
"TestHtmlQuoting.java","8"
"PasswordCredentials.java","0"
"FSSTAT3Response.java","0"
"TestNativeIO.java","141"
"AbstractContractCreateTest.java","46"
"TestServer.java","15"
"FileSink.java","1"
"TestHttpRequestLogAppender.java","0"
"ByteBufferUtil.java","2"
"TestGlobbedCopyListing.java","24"
"HttpServerFunctionalTest.java","22"
"DynamicRecordReader.java","12"
"MutableMetric.java","0"
"DfsIsDir.java","0"
"TestOpensslCipher.java","20"
"TestServiceAuthorization.java","88"
"TestViewFileSystemLocalFileSystem.java","2"
"TestS3AContractDelete.java","0"
"HistoryEventEmitter.java","4"
"SocketInputStream.java","8"
"FileMetadata.java","0"
"FileBasedCopyListing.java","7"
"ArrayPrimitiveWritable.java","38"
"WRITE3Request.java","1"
"HistogramRawTestData.java","0"
"ContractTestUtils.java","63"
"TestKeyProviderFactory.java","146"
"ACCESS3Response.java","0"
"CachedDNSToSwitchMapping.java","0"
"DataJoinReducerBase.java","7"
"IncludePublicAnnotationsStandardDoclet.java","0"
"ApplicationClassLoader.java","12"
"RpcAcceptedReply.java","0"
"TestIdentityProviders.java","3"
"RpcConstants.java","0"
"LoggedJob.java","39"
"TestSwiftFileSystemRename.java","72"
"ParsedHost.java","0"
"ConnectTimeoutException.java","0"
"RetriableFileCopyCommand.java","40"
"RandomDistribution.java","0"
"TestDistCpSystem.java","26"
"SplittableCompressionCodec.java","0"
"TestTFileJClassComparatorByteArrays.java","0"
"TestInMemoryS3FileSystemContract.java","0"
"MockitoUtil.java","2"
"TestMutableMetrics.java","3"
"DataChecksum.java","8"
"ZombieJob.java","3"
"TestJarFinder.java","13"
"FindOptions.java","0"
"AbstractContractRenameTest.java","59"
"JobCreator.java","2"
"TestRPC.java","131"
"MountdBase.java","7"
"TestGridMixClasses.java","69"
"ZKFCRpcServer.java","12"
"TestS3AConfiguration.java","17"
"TestStreamAggregate.java","11"
"TestLoadTypedBytes.java","17"
"ResourceSchedulerWrapper.java","44"
"JavaKeyStoreProvider.java","53"
"ProtocMojo.java","8"
"Compression.java","14"
"TestFileSignerSecretProvider.java","3"
"MKDIR3Response.java","0"
"SwiftUnsupportedFeatureException.java","0"
"GenericTestUtils.java","16"
"ZKFCProtocolPB.java","0"
"TestStreamReduceNone.java","11"
"TestMetricsRegistry.java","1"
"CopyCommands.java","25"
"CommandWithDestination.java","37"
"TableMapping.java","4"
"StateDeserializer.java","7"
"TestFileContextDeleteOnExit.java","20"
"SwiftConnectionException.java","0"
"RENAME3Request.java","2"
"TestMRFramework.java","0"
"S3InputStream.java","7"
"DefaultMetricsSystem.java","1"
"StabilityOptions.java","0"
"ExitUtil.java","5"
"KMSJMXServlet.java","0"
"StreamInputFormat.java","10"
"PathIsNotEmptyDirectoryException.java","0"
"TestHash.java","0"
"LINK3Response.java","0"
"AbstractMetricsRecord.java","0"
"SortedMapWritable.java","14"
"SwiftTestUtils.java","39"
"ZombieJobProducer.java","2"
"ResetableIterator.java","0"
"StaticUserWebFilter.java","5"
"CredentialsSys.java","3"
"TestInMemoryNativeS3FileSystemContract.java","0"
"CipherOption.java","0"
"SpanReceiverHost.java","11"
"LoggedSingleRelativeRanking.java","2"
"RefreshAuthorizationPolicyProtocol.java","0"
"TestRPCWaitForProxy.java","6"
"GangliaSink30.java","5"
"Buffer.java","0"
"MutableRate.java","0"
"KMSMDCFilter.java","2"
"ArrayFile.java","3"
"RefreshUserMappingsProtocol.java","0"
"TestWinUtils.java","165"
"TestMiniKdc.java","8"
"TestRawlocalContractSeek.java","0"
"SetReplication.java","9"
"ShutdownThreadsHelper.java","6"
"TestChildReaper.java","24"
"TestCompositeService.java","7"
"MetricsServlet.java","10"
"TestMetricsSystemImpl.java","18"
"MetricsCollectorImpl.java","0"
"TestJvmMetrics.java","0"
"Nfs3Status.java","0"
"AvroReflectSerialization.java","1"
"TestBloomFilters.java","0"
"DiffInfo.java","0"
"MetricsTimeVaryingLong.java","2"
"FSInputChecker.java","16"
"Tenant.java","0"
"EnumSetWritable.java","11"
"ViewFs.java","160"
"TextInputWriter.java","6"
"S3AFileSystem.java","89"
"ClusterStory.java","0"
"TestWritableSerialization.java","8"
"PathFilter.java","0"
"FileSystemContractBaseTest.java","217"
"MKDIR3Request.java","1"
"TestProxyServers.java","0"
"Jets3tNativeFileSystemStore.java","54"
"Result.java","0"
"TwoDArrayWritable.java","17"
"DummyHAService.java","12"
"TestRetryCacheMetrics.java","0"
"MetricsRecord.java","0"
"ClassWithNoPackage.java","0"
"Jets3tNativeS3FileSystemContractTest.java","0"
"UserProvider.java","3"
"S3FileSystemConfigKeys.java","0"
"ResourceUsageMetrics.java","13"
"BlockLocation.java","0"
"OutputBuffer.java","2"
"JFile.java","1"
"Constants.java","0"
"CLICommandFS.java","0"
"JByte.java","0"
"TestDelegationToken.java","68"
"LoadBalancingKMSClientProvider.java","64"
"TestGangliaMetrics.java","1"
"DU.java","11"
"TestConfigurationFieldsBase.java","4"
"CompositeService.java","1"
"Trash.java","11"
"JInt.java","0"
"ZKFailoverController.java","102"
"MurmurHash.java","0"
"TestLdapGroupsMapping.java","37"
"TestNativeAzureFileSystemContractEmulator.java","2"
"TestDoAsEffectiveUser.java","97"
"WritableComparator.java","6"
"ConcatenatedInputFilesDemuxer.java","33"
"SyncableDataOutputStream.java","5"
"MetricsIntValue.java","2"
"TestMapFile.java","156"
"ScriptBasedMapping.java","3"
"NetUtilsTestResolver.java","3"
"StreamXmlRecordReader.java","28"
"SwiftObjectFileStatus.java","0"
"Hash.java","0"
"FairCallQueue.java","9"
"PipeCombiner.java","2"
"AesCtrCryptoCodec.java","0"
"TestDirectBufferPool.java","0"
"VersionedWritable.java","2"
"FailApp.java","2"
"AuthenticationException.java","0"
"ProtobufHelper.java","0"
"RpcUtil.java","3"
"LoggedLocation.java","1"
"MetricsUtil.java","12"
"SerialJobFactory.java","12"
"MetricsVisitor.java","0"
"AuthenticatedURL.java","10"
"NativeAzureFileSystemBaseTest.java","453"
"UTF8ByteArrayUtils.java","0"
"RpcMultiplexer.java","0"
"TestDelegationTokenManager.java","9"
"TestListFiles.java","53"
"TestFileSystemTokens.java","70"
"ArrayListBackedIterator.java","0"
"StreamJob.java","45"
"MiniZKFCCluster.java","18"
"PureJavaCrc32C.java","0"
"ChRootedFs.java","99"
"TestIPCServerResponder.java","11"
"FailoverFailedException.java","0"
"FileContextTestHelper.java","73"
"TestStreamingSeparator.java","11"
"Pre21JobHistoryConstants.java","0"
"TestProtoBufRpc.java","12"
"GenericsUtil.java","1"
"GenericRefreshProtocolPB.java","0"
"TestSwiftFileSystemBlockLocation.java","31"
"JobHistoryParser.java","0"
"HAAdmin.java","46"
"HttpBodyContent.java","0"
"AuthToken.java","2"
"HealthMonitor.java","17"
"TestFTPFileSystem.java","0"
"KMS.java","100"
"ReduceAttempt20LineHistoryEventEmitter.java","4"
"TaskAttemptInfo.java","0"
"PriorityQueue.java","0"
"TestRPCCompatibility.java","78"
"TestKerberosAuthenticationHandler.java","62"
"TestNativeLibraryChecker.java","2"
"Nfs3Constant.java","0"
"PermissionStatus.java","8"
"TestSwiftFileSystemRead.java","9"
"MultithreadedTestUtil.java","9"
"Jets3tS3FileSystemContractTest.java","0"
"TestGlobalFilter.java","13"
"KeyStoresFactory.java","0"
"FSDataOutputStream.java","13"
"KerberosName.java","12"
"S3OutputStream.java","19"
"DoNotPool.java","0"
"SendRequestIntercept.java","5"
"TestLoadJob.java","11"
"TestCredentialsSys.java","0"
"ProtocolMetaInfoServerSideTranslatorPB.java","7"
"TestSwiftFileSystemPartitionedUploads.java","69"
"TestNativeAzureFileSystemUploadLogic.java","17"
"RefreshResponse.java","0"
"ServiceStateException.java","0"
"NetworkTopology.java","1"
"ChecksumFs.java","146"
"Progress.java","1"
"RefreshAuthorizationPolicyProtocolServerSideTranslatorPB.java","2"
"ExactComparator.java","0"
"SignerSecretProvider.java","0"
"CDFRandomGenerator.java","0"
"LocalFileSystem.java","19"
"Util.java","0"
"JobStory.java","0"
"GetGroupsTestBase.java","10"
"SSLFactory.java","13"
"PATHCONF3Request.java","1"
"XmlRecordInput.java","24"
"JRecord.java","6"
"Time.java","0"
"StringSignerSecretProvider.java","0"
"RunJar.java","37"
"JobName.java","0"
"StaticMapping.java","0"
"TestHAAdmin.java","20"
"ActiveStandbyElectorTestUtil.java","7"
"FilePool.java","9"
"JobStoryProducer.java","0"
"SETATTR3Request.java","1"
"ClassUtil.java","3"
"TableListing.java","0"
"DataInputByteBuffer.java","0"
"TestS3NContractOpen.java","0"
"Updater.java","0"
"Nfs3Base.java","5"
"SampleStat.java","0"
"NativeS3FileSystem.java","68"
"JBoolean.java","0"
"PrintJarMainClass.java","2"
"SocketInputWrapper.java","1"
"TestRecordFactory.java","7"
"Decryptor.java","0"
"RccTokenManager.java","28"
"TestCryptoStreamsForLocalFS.java","4"
"TestActiveStandbyElectorRealZK.java","64"
"ToolRunner.java","3"
"TestRawlocalContractAppend.java","0"
"Configurable.java","0"
"Server.java","208"
"MapTypeID.java","3"
"ShellBasedUnixGroupsMapping.java","4"
"TestStreamingOutputOnlyKeys.java","0"
"GridmixRecord.java","19"
"KMSJSONWriter.java","3"
"ViewFileSystemTestSetup.java","4"
"DelegationTokenRenewer.java","19"
"TestTFileSplit.java","68"
"TestFSMainOperationsLocalFileSystem.java","4"
"TestMetricsVisitor.java","0"
"TestNativeAzureFileSystemLive.java","1"
"JDouble.java","0"
"ZlibFactory.java","1"
"TestValueQueue.java","91"
"TypedBytesOutput.java","47"
"TestFileContext.java","3"
"TypedBytesMapApp.java","6"
"CacheableIPList.java","0"
"UnsupportedCodecException.java","0"
"TestSymlinkLocalFSFileContext.java","1"
"GetGroups.java","1"
"SwiftNativeOutputStream.java","22"
"TokenRenewer.java","0"
"StreamUtil.java","18"
"TestPseudoAuthenticator.java","18"
"StorageInterface.java","0"
"HAServiceStatus.java","0"
"FieldTypeInfo.java","2"
"TestCopyMapper.java","355"
"TestSwiftContractSeek.java","0"
"VerifierNone.java","0"
"TestBytesWritable.java","0"
"DelegationTokenAuthenticatedURL.java","28"
"MetricsPlugin.java","0"
"VersionMismatchException.java","0"
"MetricValue.java","0"
"TestConfigurationSubclass.java","1"
"JniBasedUnixGroupsMapping.java","2"
"ViewFsFileStatus.java","1"
"Configuration.java","126"
"MetricCounterInt.java","0"
"GetGroupsBase.java","10"
"ReconfigurationException.java","0"
"JSONUtil.java","20"
"ViewFileSystemBaseTest.java","233"
"READ3Request.java","1"
"TestSinkQueue.java","42"
"ExecutionSummarizer.java","7"
"Roles.java","0"
"TestTFileNoneCodecsStreams.java","0"
"UniqueNames.java","0"
"StringUtils.java","6"
"AclEntryScope.java","0"
"RestClientBindings.java","13"
"AbstractDelegationTokenSecretManager.java","32"
"StructTypeID.java","16"
"RawComparable.java","0"
"Exec.java","9"
"RefreshCallQueueProtocolServerSideTranslatorPB.java","2"
"MetricsContext.java","0"
"TraceAdminProtocolServerSideTranslatorPB.java","6"
"NFS3Response.java","0"
"RefreshAuthorizationPolicyProtocolClientSideTranslatorPB.java","2"
"KerberosAuthenticationHandler.java","74"
"NodeFencer.java","12"
"CLITestCmd.java","0"
"TestLocalFSContractRename.java","0"
"SwiftJsonMarshallingException.java","0"
"TestShellCommandFencer.java","2"
"XmlRecordOutput.java","4"
"TestRpcMessage.java","0"
"BuiltInZlibDeflater.java","2"
"FsCommand.java","0"
"MKNOD3Request.java","1"
"KVGenerator.java","0"
"InodeTree.java","19"
"SocketIOWithTimeout.java","26"
"SignerException.java","0"
"FileSetUtils.java","1"
"TestFileBasedIPList.java","9"
"TestStreamingStderr.java","9"
"MetricsTimeVaryingInt.java","2"
"TestDomainSocket.java","158"
"TestChecksumFileSystem.java","98"
"RewindableInputStream.java","5"
"MetricsAnnotations.java","0"
"TestNativeAzureFileSystemBlockLocations.java","25"
"RandomSignerSecretProvider.java","0"
"CredentialProvider.java","0"
"MetricsAsserts.java","1"
"TestAMSimulator.java","2"
"ShortWritable.java","2"
"LOOKUP3Request.java","1"
"Quantile.java","0"
"SchedulerMetrics.java","2"
"TestGroupFallback.java","5"
"TestTFileNoneCodecsJClassComparatorByteArrays.java","0"
"TestStreamingBackground.java","7"
"SubstringComparator.java","0"
"TestKerberosAuthenticator.java","21"
"PathOperationException.java","0"
"TestUGILoginFromKeytab.java","5"
"ZKSignerSecretProvider.java","9"
"TestPathData.java","22"
"TestS3AContractRename.java","6"
"LoadJob.java","87"
"TokenSelector.java","0"
"KerberosDelegationTokenAuthenticator.java","0"
"AccessToken.java","0"
"DistCpOptions.java","0"
"TestGridmixSummary.java","43"
"NodeBase.java","0"
"TestVersionUtil.java","0"
"DistCpV1.java","193"
"REMOVE3Request.java","1"
"WritableFactories.java","0"
"CryptoCodec.java","4"
"TestStreaming.java","17"
"RawBytesOutputReader.java","9"
"Log4Json.java","33"
"CurrentJHParser.java","7"
"HasEnhancedByteBufferAccess.java","0"
"RpcResponse.java","0"
"Summarizer.java","1"
"TestLocalFSContractLoaded.java","0"
"GlobFilter.java","0"
"SLSWebApp.java","33"
"TestS3FileSystem.java","10"
"PseudoAuthenticator.java","6"
"TestZKDelegationTokenSecretManager.java","76"
"AuthenticationFilterInitializer.java","2"
"Bzip2Compressor.java","1"
"SLSUtils.java","16"
"TestS3AContractMkdir.java","0"
"NullWritable.java","0"
"TestBlockDecompressorStream.java","7"
"FSSTAT3Request.java","1"
"AccessControlException.java","0"
"UniformSizeInputFormat.java","7"
"ClusterTopologyReader.java","4"
"SLSRunner.java","36"
"IPList.java","0"
"GraphiteSink.java","20"
"TestGridmixSubmission.java","29"
"TestGridmixStatistics.java","0"
"TestGlobExpander.java","17"
"TestS3NInMemoryFileSystem.java","9"
