"MapFile.java","40"
"RecordInput.java","96"
"TestTFileNoneCodecsByteArrays.java","207"
"ContainerSimulator.java","1"
"Chunk.java","46"
"MD5MD5CRC32GzipFileChecksum.java","13"
"Path.java","16"
"ParsedConfigFile.java","2"
"Decompressor.java","45"
"ProtocolProxy.java","68"
"TestChRootedFileSystem.java","142"
"CopyListing.java","2"
"CompareUtils.java","46"
"AccessPrivilege.java","3"
"CapacitySchedulerMetrics.java","1"
"GangliaMetricsTestHelper.java","226"
"JobSubmitter.java","1"
"RoundRobinUserResolver.java","0"
"TestCachingKeyProvider.java","124"
"TestLocalFSContractOpen.java","138"
"TestTFileComparator2.java","207"
"SLSConfiguration.java","0"
"VerifierGSS.java","5"
"CompressionEmulationUtil.java","14"
"TestPrint0.java","142"
"TestIOUtils.java","159"
"LoadTypedBytes.java","6"
"FailureInjectingJavaKeyStoreProvider.java","124"
"DataInputBuffer.java","43"
"IdentityProvider.java","60"
"DelegationTokenAuthenticationHandler.java","112"
"ServletUtil.java","116"
"FilterExpression.java","22"
"TestGlobPattern.java","126"
"TestCompositeGroupMapping.java","233"
"BadFencingConfigurationException.java","26"
"TrashPolicy.java","19"
"RpcAuthInfo.java","5"
"GridmixTestUtils.java","15"
"QueueName.java","2"
"RpcNoSuchMethodException.java","63"
"ContextFactory.java","68"
"ParsedJob.java","2"
"SslSocketConnectorSecure.java","104"
"CanSetReadahead.java","19"
"NullContext.java","71"
"HarFileSystem.java","15"
"TestAsyncDiskService.java","257"
"TestClassWithNoPackage.java","7"
"PathIsNotDirectoryException.java","12"
"JMXJsonServlet.java","68"
"LocalDirAllocator.java","14"
"TestFilterFs.java","128"
"TestUserResolve.java","16"
"TestStaticMapping.java","226"
"ClassLoaderCheckMain.java","257"
"GangliaContext31.java","69"
"JBuffer.java","98"
"FileContextCreateMkdirBaseTest.java","130"
"TestWebDelegationToken.java","252"
"NativeAzureFileSystem.java","4"
"TestSwiftFileSystemBasicOps.java","4"
"DataOutputOutputStream.java","39"
"RefreshCallQueueProtocol.java","61"
"StressJobFactory.java","12"
"XMLUtils.java","116"
"Globber.java","12"
"GenericWritable.java","45"
"PlatformName.java","3"
"TestHostsFileReader.java","257"
"Display.java","20"
"TestConfigurationDeprecation.java","120"
"MachineNode.java","0"
"ComparableVersion.java","118"
"TestSocketIOWithTimeout.java","226"
"ProxyUsers.java","103"
"TestFairCallQueue.java","213"
"RetryPolicies.java","47"
"TestLocalFSContractSeek.java","138"
"MapWritable.java","39"
"ClientId.java","61"
"NativeFileSystemStore.java","4"
"GridmixJobSubmissionPolicy.java","14"
"CipherSuite.java","5"
"ThrottledInputStream.java","4"
"Tail.java","20"
"Signer.java","3"
"WhoServlet.java","0"
"ExceptionDiags.java","3"
"RMDIR3Request.java","5"
"TestTypedBytesStreaming.java","7"
"TestGroupsCaching.java","242"
"ProtocolInfo.java","68"
"TestFailoverProxy.java","213"
"FSDataInputStream.java","19"
"MockFileSystem.java","142"
"KeyProviderException.java","19"
"StringSignerSecretProviderCreator.java","13"
"TestRandomSignerSecretProvider.java","13"
"DirectDecompressor.java","45"
"CryptoFSDataInputStream.java","19"
"RefreshCallQueueProtocolPB.java","68"
"SleepJob.java","12"
"Task20LineHistoryEventEmitter.java","2"
"TextOutputReader.java","7"
"TestNetUtils.java","226"
"TestRpcReply.java","5"
"JobFactory.java","12"
"TestGenericOptionsParser.java","257"
"FileUtil.java","19"
"HealthCheckFailedException.java","27"
"VIntWritable.java","40"
"TestTFileUnsortedByteArrays.java","187"
"MetricsLongValue.java","73"
"CompressionCodecFactory.java","45"
"TestStringSignerSecretProvider.java","13"
"IndexedSorter.java","116"
"JarFinder.java","257"
"JobBase.java","1"
"AvroSerialization.java","49"
"GangliaContext.java","69"
"TestCLI.java","120"
"ContractOptions.java","136"
"XDR.java","5"
"TestVersionedWritable.java","155"
"TestFsPermission.java","141"
"Filter.java","118"
"TestTFileLzoCodecsByteArrays.java","207"
"TestNativeAzureFileSystemConcurrency.java","22"
"RandomSeedGenerator.java","0"
"ServletUtils.java","111"
"WasbFsck.java","4"
"DoubleWritable.java","39"
"AbstractFSContract.java","132"
"FSMainOperationsBaseTest.java","130"
"ServiceFailedException.java","28"
"TestUniqNames.java","226"
"SwiftContract.java","4"
"NodeName.java","2"
"FileSignerSecretProvider.java","3"
"MetricsTag.java","74"
"FsUrlStreamHandler.java","16"
"INode.java","0"
"SimpleTcpServer.java","5"
"TestLocalDirAllocator.java","131"
"SimpleUdpServer.java","5"
"SaslInputStream.java","99"
"FairSchedulerMetrics.java","1"
"CompressorStream.java","45"
"TestBandwidthGaugeUpdater.java","25"
"Lz4Compressor.java","45"
"TestAvroSerialization.java","213"
"DecayRpcScheduler.java","63"
"SimpleTcpClient.java","5"
"Ls.java","19"
"DeepCompare.java","0"
"AzureFileSystemInstrumentation.java","19"
"ShellCommandFencer.java","27"
"RawBytesMapApp.java","7"
"KeySampler.java","207"
"JsonObjectMapperParser.java","0"
"KMSServerJSONUtils.java","0"
"TestHttpExceptionUtils.java","257"
"TestJets3tNativeFileSystemStore.java","6"
"MetricsSink.java","74"
"GenerateDistCacheData.java","0"
"AzureBlobStorageTestAccount.java","19"
"SecurityInfo.java","99"
"TestHistograms.java","2"
"FSOutputSummer.java","15"
"TestArrayFile.java","156"
"TypedBytesInputWriter.java","7"
"TestWritable.java","159"
"PositionedReadable.java","19"
"DistCh.java","4"
"IpcException.java","64"
"TestStreamingBadRecords.java","7"
"LocalFSContract.java","138"
"DefaultDataType.java","2"
"OptionsParser.java","3"
"XAttrCodec.java","19"
"TypeID.java","98"
"RefreshUserMappingsProtocolPB.java","103"
"ViewFileSystem.java","22"
"FileAlreadyExistsException.java","15"
"SimpleUdpClient.java","5"
"MRAMSimulator.java","0"
"KMSAudit.java","0"
"RENAME3Response.java","5"
"ChunkedArrayList.java","116"
"ApiKeyAuthenticationRequest.java","0"
"READDIRPLUS3Request.java","5"
"TestMetricsAnnotations.java","226"
"RecordFactory.java","14"
"TreePath.java","0"
"OsSecureRandom.java","12"
"DecayRpcSchedulerMXBean.java","60"
"LightWeightCache.java","116"
"DNS.java","91"
"AbstractContractConcatTest.java","136"
"MD5MD5CRC32FileChecksum.java","17"
"MetricType.java","74"
"Reconfigurable.java","0"
"GSetByHashMap.java","116"
"XAttrCommands.java","20"
"GETATTR3Response.java","5"
"TestFileQueue.java","18"
"S3FileSystemContractBaseTest.java","5"
"S3InMemoryFileSystem.java","5"
"TestRetryCache.java","213"
"RegistrationClient.java","5"
"TestShellDecryptionKeyProvider.java","21"
"TestFailoverController.java","144"
"MutableCounter.java","83"
"HostsFileReader.java","117"
"SignalLogger.java","117"
"Verifier.java","5"
"TestDU.java","130"
"TestTFileComparators.java","197"
"FsUrlStreamHandlerFactory.java","15"
"TestFsShellCopy.java","130"
"MutableMetricsFactory.java","85"
"RecordTypeInfo.java","98"
"SaslPlainServer.java","99"
"ByteWritable.java","43"
"SimpleCharStream.java","98"
"MutableCounterLong.java","80"
"HttpServer2.java","37"
"BZip2Codec.java","45"
"TestDecayRpcScheduler.java","221"
"ChildReaper.java","118"
"TestSwiftContractOpen.java","4"
"Pair.java","2"
"TestPureJavaCrc32.java","257"
"BuiltInZlibInflater.java","45"
"AuthenticationFilter.java","1"
"CompositeGroupsMapping.java","100"
"BZip2DummyDecompressor.java","45"
"SequenceFile.java","44"
"S3NInMemoryFileSystem.java","6"
"TestMultipleArchiveFiles.java","7"
"TestProxyUserFromEnv.java","242"
"FilterFileSystem.java","13"
"FileEncryptionInfo.java","19"
"MetaBlockDoesNotExist.java","46"
"DelegationTokenAuthenticationFilter.java","112"
"FileName.java","2"
"GenericOptionsParser.java","117"
"TestRpcCallCache.java","5"
"StorageType.java","13"
"TestViewFsWithAuthorityLocalFs.java","142"
"DataOutputByteBuffer.java","40"
"ACCESS3Request.java","5"
"DebugJobFactory.java","14"
"NodeUpdateSchedulerEventWrapper.java","1"
"SwiftInvalidResponseException.java","0"
"SwiftBadRequestException.java","0"
"HAServiceProtocolClientSideTranslatorPB.java","36"
"TestPatternFilter.java","223"
"RetryCacheMetrics.java","68"
"CompressionInputStream.java","45"
"TestStreamingFailure.java","7"
"TestKerberosUtil.java","14"
"FileBasedKeyStoresFactory.java","103"
"TestFsOptions.java","130"
"MetricsRecords.java","224"
"ViewFsTestSetup.java","142"
"TestLocalFSFileContextCreateMkdir.java","128"
"StringInterner.java","117"
"ValueCountReduce.java","7"
"LoadSplit.java","0"
"TestBooleanWritable.java","148"
"TestGangliaContext.java","223"
"RetriableDirectoryCreateCommand.java","4"
"CryptoInputStream.java","6"
"DirectDecompressionCodec.java","45"
"TestAzureFileSystemInstrumentation.java","25"
"SwiftTestConstants.java","4"
"ReflectionUtils.java","115"
"VersionUtil.java","113"
"NetworkTopologyWithNodeGroup.java","91"
"TestConfiguration.java","120"
"Options.java","113"
"LocalFileSystemConfigKeys.java","13"
"S3AFileStatus.java","4"
"TestLineReader.java","257"
"PipeMapRunner.java","4"
"CryptoFSDataOutputStream.java","19"
"FSInputStream.java","16"
"AvroTestUtil.java","148"
"FileContextPermissionBase.java","130"
"NativeS3FileSystemContractBaseTest.java","5"
"TestS3AContractSeek.java","5"
"TestOptions.java","257"
"TestNfsTime.java","5"
"RollingWindowAverage.java","19"
"Compressor.java","45"
"TestIndexedSort.java","257"
"TestCodecFactory.java","159"
"ByteArray.java","45"
"MBeans.java","90"
"TestS3NContractSeek.java","5"
"AbstractClusterStory.java","2"
"TestTableMapping.java","226"
"TestShellBasedIdMapping.java","242"
"TestWritableUtils.java","156"
"TestDataChecksum.java","257"
"RetryCache.java","68"
"CLITestHelper.java","120"
"ChecksumException.java","19"
"NativeS3Contract.java","5"
"AbstractBondedFSContract.java","132"
"AbstractFSContractTestBase.java","136"
"OpensslSecureRandom.java","12"
"TestSwiftFileSystemDirectoriesHdfs2.java","4"
"FTPInputStream.java","19"
"TestS3AFastOutputStream.java","5"
"TokenMgrError.java","98"
"ClassLoaderCheckThird.java","257"
"CommonConfigurationKeys.java","19"
"LdapGroupsMapping.java","98"
"Writable.java","40"
"SequentialNumber.java","116"
"RefreshAuthorizationPolicyProtocolPB.java","103"
"TestAzureFileSystemErrorConditions.java","24"
"IdGenerator.java","116"
"SwiftThrottledRequestException.java","0"
"SwiftFileSystemBaseTest.java","4"
"Job20LineHistoryEventEmitter.java","2"
"TestNativeAzureFileSystemMocked.java","25"
"NotInMountpointException.java","22"
"JvmMetrics.java","88"
"MetricsSource.java","74"
"TestTFileByteArrays.java","197"
"TestDistCpSync.java","10"
"SwiftRestClient.java","1"
"WritableRpcEngine.java","64"
"FSWrapper.java","126"
"RackNode.java","2"
"TestStringInterner.java","257"
"Nfs3Interface.java","5"
"RawLocalFileSystem.java","16"
"TestChangeOrgNameAndDomain.java","0"
"TestS3NContractRootDir.java","5"
"AnnotatedSecurityInfo.java","99"
"DefaultJobPropertiesParser.java","2"
"LocatedFileStatus.java","18"
"MultipleIOException.java","39"
"UnreliableImplementation.java","210"
"CopyListingFileStatus.java","1"
"ConfigBuilder.java","226"
"MetricGaugeInt.java","77"
"VectorTypeID.java","98"
"TestHelper.java","142"
"DNSToSwitchMapping.java","91"
"JerseyResource.java","145"
"TestDumpTypedBytes.java","12"
"TestSocketFactory.java","213"
"LocalConfigKeys.java","19"
"TestShutdownThreadsHelper.java","257"
"TestCodecPool.java","159"
"Endpoint.java","0"
"RootDocProcessor.java","0"
"TestFileSystemInitialization.java","131"
"DelegateToFileSystem.java","19"
"SnapshotCommands.java","20"
"FileSystemTestHelper.java","128"
"TestSaslRPC.java","213"
"TokenComparator.java","120"
"PseudoDelegationTokenAuthenticationHandler.java","110"
"NfsFileType.java","3"
"PortmapMapping.java","5"
"DefaultFailoverProxyProvider.java","47"
"TestWasbFsck.java","25"
"TestHealthMonitor.java","144"
"FileSystemLinkResolver.java","13"
"HAServiceTarget.java","28"
"PipeMapper.java","4"
"DelegationTokenAuthenticator.java","113"
"FileContextUtilBase.java","126"
"TestSymlinkLocalFS.java","126"
"SecretManager.java","104"
"ObjectWritable.java","43"
"HttpInputStreamWithRelease.java","2"
"CLICommandTypes.java","120"
"FileBasedIPList.java","116"
"HarFs.java","12"
"TestRolloverSignerSecretProvider.java","13"
"CodeGenerator.java","98"
"Token.java","104"
"BloomMapFile.java","44"
"TestCacheableIPList.java","257"
"DistributedCacheEmulator.java","14"
"Closeable.java","39"
"FailoverProxyProvider.java","47"
"ResourceUsageMatcher.java","14"
"AtMostOnce.java","47"
"TestFilterFileSystem.java","127"
"JsonObjectMapperWriter.java","2"
"HAServiceProtocolHelper.java","28"
"TestVLong.java","186"
"TypedBytesReduceApp.java","10"
"JavaSerializationComparator.java","48"
"TestLoadBalancingKMSClientProvider.java","126"
"MetricGaugeLong.java","79"
"FilterFs.java","19"
"FastByteComparisons.java","42"
"JavaGenerator.java","98"
"GenericRefreshProtocolClientSideTranslatorPB.java","68"
"MD5MD5CRC32CastagnoliFileChecksum.java","16"
"TestFilePool.java","14"
"ArrayWritable.java","43"
"MapTaskAttemptInfo.java","0"
"Outputter.java","2"
"StatListener.java","0"
"ChRootedFileSystem.java","22"
"ComparatorData.java","120"
"AcceptAllFilter.java","4"
"MetricsException.java","74"
"TestDeprecatedKeys.java","120"
"UnreliableInterface.java","213"
"TestRollingWindowAverage.java","25"
"ExcludePrivateAnnotationsStandardDoclet.java","0"
"HttpRequestLog.java","39"
"Key.java","118"
"CGenerator.java","98"
"TestWeightedRoundRobinMultiplexer.java","213"
"FileContext.java","16"
"Idempotent.java","47"
"Tool.java","117"
"BoundedRangeFileInputStream.java","46"
"AbstractDelegationTokenIdentifier.java","110"
"MetricsSourceBuilder.java","85"
"ReadRecordFactory.java","1"
"And.java","22"
"RpcScheduler.java","61"
"DefaultOutputter.java","2"
"TestReconfiguration.java","120"
"TestJMXJsonServlet.java","223"
"TestSwiftConfig.java","4"
"TestStopWatch.java","257"
"FSINFO3Response.java","5"
"TestRawlocalContractMkdir.java","138"
"KeyShell.java","7"
"SecurityUtil.java","102"
"TestAzureConcurrentOutOfBandIo.java","21"
"Daemon.java","116"
"TestTextNonUTF8.java","155"
"ResourceUsageEmulatorPlugin.java","14"
"RccTask.java","98"
"SaslRpcServer.java","99"
"CopyOutputFormat.java","3"
"TestSwiftContractDelete.java","4"
"HAServiceProtocolServerSideTranslatorPB.java","34"
"S3AInputStream.java","0"
"GlobExpander.java","12"
"S3FileSystem.java","0"
"MetricsTimeVaryingRate.java","73"
"TestCryptoCodec.java","120"
"WordList.java","2"
"TestSequenceFileSerialization.java","155"
"TestCopyCommitter.java","13"
"COMMIT3Response.java","5"
"READDIR3Response.java","5"
"TestAuthenticationFilter.java","240"
"JFloat.java","98"
"TestS3InMemoryFileSystem.java","5"
"TestDefaultStringifier.java","148"
"TestTFileLzoCodecsStreams.java","186"
"TestJNIGroupsMapping.java","242"
"DistCpSync.java","1"
"ClientBaseWithFixes.java","144"
"EchoUserResolver.java","14"
"MsInfo.java","80"
"TestCredentialProviderFactory.java","244"
"TrApp.java","7"
"TaskInfo.java","0"
"AutoInputFormat.java","4"
"HadoopIllegalArgumentException.java","0"
"KMSAuthenticationFilter.java","0"
"IndexedSortable.java","117"
"TestGenericWritable.java","158"
"TestSecureIOUtils.java","158"
"GetUserMappingsProtocol.java","113"
"PseudoLocalFs.java","12"
"TestPath.java","130"
"MutableGauge.java","85"
"RccConstants.java","98"
"SaslPropertiesResolver.java","98"
"TestGraphiteMetrics.java","226"
"SwiftConfigurationException.java","0"
"TestReloadingX509TrustManager.java","245"
"AbstractContractOpenTest.java","136"
"TestStreamingExitStatus.java","7"
"ParsedLine.java","0"
"PageBlobOutputStream.java","19"
"TestFSMainOperationsSwift.java","4"
"OutputOnlyApp.java","7"
"CountingBloomFilter.java","118"
"TestSwiftContractMkdir.java","4"
"PipeMapRed.java","6"
"SpanReceiverInfoBuilder.java","113"
"StructureGenerator.java","138"
"LocalFs.java","19"
"MetricsFilter.java","74"
"TFileDumper.java","46"
"ChmodParser.java","19"
"TestTrash.java","126"
"TypedBytesOutputReader.java","7"
"ValueQueue.java","9"
"CanSetDropBehind.java","13"
"FSExceptionMessages.java","19"
"TestSwiftRestClient.java","4"
"TestS3NContractDelete.java","5"
"TestViewFileSystemDelegation.java","142"
"ByteBufferPool.java","39"
"FsAction.java","19"
"IOUtils.java","41"
"TestTFileSeek.java","186"
"TestUTF8.java","156"
"TestLog4Json.java","223"
"SecurityUtilTestHelper.java","234"
"HAServiceProtocol.java","28"
"MutableCounterInt.java","83"
"TestAltKerberosAuthenticationHandler.java","8"
"AzureFileSystemMetricsSystem.java","19"
"ManualTestKeytabLogins.java","234"
"SYMLINK3Request.java","5"
"JCompType.java","98"
"ZKUtil.java","117"
"TestLocalFSContractMkdir.java","138"
"MoreAsserts.java","256"
"AzureLinkedStack.java","19"
"TrashPolicyDefault.java","13"
"RpcServerException.java","61"
"RMNodeWrapper.java","1"
"IntWritable.java","40"
"TestFcCreateMkdirLocalFs.java","142"
"ObjectStringSerializer.java","2"
"CREATE3Response.java","5"
"TestCompressorDecompressor.java","161"
"MetricsSystemImpl.java","77"
"IdMappingServiceProvider.java","99"
"TestSerializationFactory.java","213"
"TestRetriableCommand.java","34"
"AzureException.java","4"
"FileContextURIBase.java","127"
"TestLocalFSContractCreate.java","138"
"DefaultInputDemuxer.java","0"
"TestLocalFsFCStatistics.java","130"
"RumenToSLSConverter.java","0"
"BCFile.java","46"
"DecompressorStream.java","45"
"TestKMS.java","31"
"StrictBufferedFSInputStream.java","3"
"IdentityHashStore.java","117"
"FileSystemStore.java","0"
"CredentialShell.java","103"
"PerformanceAdvisory.java","113"
"AbstractMetric.java","74"
"JvmPauseMonitor.java","117"
"TestLocalFileSystem.java","130"
"TestWriteManySmallFiles.java","4"
"TestS3NContractMkdir.java","5"
"TestRandomTextDataGenerator.java","16"
"UserName.java","2"
"TestCryptoStreamsWithOpensslAesCtrCryptoCodec.java","120"
"TestZKFailoverControllerStress.java","144"
"HAServiceProtocolPB.java","34"
"BloomFilter.java","118"
"RawlocalFSContract.java","138"
"TestReflectionUtils.java","257"
"Rcc.java","98"
"InputDemuxer.java","2"
"CompressDecompressTester.java","166"
"MetricsLists.java","226"
"FileChecksum.java","13"
"TestCopyFiles.java","4"
"MutableRates.java","85"
"TestOsSecureRandom.java","126"
"TestZKSignerSecretProvider.java","13"
"ZlibCompressor.java","45"
"TestHttpServerLifecycle.java","145"
"TestPseudoLocalFs.java","14"
"InvalidPathException.java","19"
"FailoverController.java","28"
"TestSortedMapWritable.java","159"
"MapAttempt20LineHistoryEventEmitter.java","0"
"TestViewFileSystemDelegationTokenSupport.java","142"
"S3AScaleTestBase.java","5"
"OpensslAesCtrCryptoCodec.java","6"
"TestLogLevel.java","223"
"RemoteIterator.java","19"
"TestShutdownHookManager.java","257"
"TestCredentialProvider.java","244"
"TestStreamingKeyValue.java","10"
"SwiftUtils.java","4"
"Command.java","20"
"DistCpConstants.java","2"
"PasswordAuthenticationRequest.java","0"
"TestSwiftObjectPath.java","4"
"JLong.java","98"
"ClassLoaderCheck.java","257"
"HttpExceptionUtils.java","118"
"Lz4Decompressor.java","45"
"RegexpAcrossOutputComparator.java","120"
"MetricCounterLong.java","80"
"MergeSort.java","116"
"Text.java","39"
"Wasb.java","19"
"NanoTimer.java","186"
"TestDistCpViewFs.java","10"
"FSTestWrapper.java","131"
"Folder.java","0"
"MKNOD3Response.java","5"
"PortmapResponse.java","5"
"TestHarFileSystem.java","130"
"ZombieCluster.java","2"
"RpcInvocationHandler.java","66"
"DynamicBloomFilter.java","118"
"MachineList.java","117"
"TestTFileSeqFileComparison.java","197"
"PathData.java","20"
"ElasticByteBufferPool.java","39"
"HashFunction.java","118"
"TestStreamJob.java","7"
"MetricsBufferBuilder.java","74"
"TestKeyProviderCryptoExtension.java","124"
"TestBlobMetadata.java","25"
"AvgRecordFactory.java","12"
"MutableStat.java","83"
"TotalHeapUsageEmulatorPlugin.java","14"
"Mkdir.java","20"
"ProtoUtil.java","113"
"KeyProviderExtension.java","7"
"KeyOnlyTextOutputReader.java","7"
"AvroFSInput.java","19"
"FSCmdExecutor.java","120"
"NodeInfo.java","0"
"TestNMSimulator.java","2"
"DfsTask.java","0"
"JvmMetricsInfo.java","88"
"AuthorizationException.java","103"
"StubContext.java","7"
"LineReader.java","117"
"HasFileDescriptor.java","19"
"TypedBytesRecordOutput.java","7"
"ParentNotDirectoryException.java","19"
"TestMove.java","142"
"LifecycleEvent.java","113"
"TestFilterExpression.java","142"
"TestLightWeightCache.java","259"
"GenerateData.java","12"
"ExpressionFactory.java","22"
"AvroSpecificSerialization.java","49"
"TestMetricsCache.java","226"
"TestGenericsUtil.java","257"
"S3Exception.java","0"
"IntrusiveCollection.java","116"
"ByteBufferReadable.java","13"
"TestAutoInputFormat.java","11"
"TestKerberosName.java","17"
"TestSymLink.java","11"
"TestS3NContractRename.java","5"
"QuickSort.java","117"
"TestDistCpWithXAttrs.java","7"
"PseudoDelegationTokenAuthenticator.java","111"
"ZKFCProtocol.java","28"
"TestS3ADeleteManyFiles.java","5"
"RpcProgram.java","5"
"CompressionOutputStream.java","45"
"Metrics.java","74"
"MutableGaugeLong.java","80"
"CLICommand.java","120"
"Portmap.java","5"
"PureJavaCrc32.java","117"
"SpanReceiverInfo.java","113"
"GroupMappingServiceProvider.java","103"
"TestKeyProviderDelegationTokenExtension.java","120"
"Service.java","113"
"SetFile.java","39"
"KeystoneApiKeyCredentials.java","0"
"TestFileUtil.java","126"
"ProxyServers.java","103"
"TestServletFilter.java","145"
"TestSwiftContractRootDir.java","4"
"TypedBytesWritableInput.java","7"
"CachingKeyProvider.java","7"
"TestLocal_S3FileContextURI.java","126"
"TestGetFileBlockLocations.java","126"
"TestSnappyCompressorDecompressor.java","182"
"TestChRootedFs.java","143"
"VersionInfo.java","117"
"TestViewfsFileStatus.java","143"
"UserIdentityProvider.java","61"
"TestIntegration.java","7"
"PseudoAuthenticationHandler.java","1"
"TestDistCacheEmulation.java","16"
"CopyMethod.java","1"
"TestWritableName.java","155"
"EventCounter.java","69"
"TestCodec.java","166"
"MigrationTool.java","0"
"KeyProviderCryptoExtension.java","7"
"ConfigUtil.java","224"
"FTPFileSystem.java","19"
"RpcClientUtil.java","60"
"UserResolver.java","0"
"TestSwitchMapping.java","226"
"DfsZeroLen.java","0"
"AclCommands.java","20"
"MBeanInfoBuilder.java","77"
"TestPseudoAuthenticationHandler.java","6"
"READ3Response.java","5"
"ClassName.java","2"
"TestViewFsConfig.java","142"
"TestHadoopArchives.java","0"
"TestLz4CompressorDecompressor.java","174"
"DomainSocketWatcher.java","96"
"PossiblyDecompressedInputStream.java","2"
"CombinedIPWhiteList.java","116"
"TestUniformSizeInputFormat.java","34"
"KeyAuthorizationKeyProvider.java","0"
"TestS3AContractOpen.java","5"
"Syncable.java","15"
"RawBytesInputWriter.java","7"
"FileQueue.java","1"
"Delete.java","20"
"TestGSet.java","257"
"TestSharedFileDescriptorFactory.java","210"
"Contracts.java","88"
"CREATE3Request.java","5"
"JobHistoryParserFactory.java","2"
"ChecksumFileSystem.java","12"
"UniqApp.java","10"
"Environment.java","2"
"TestGridmixRecord.java","15"
"RpcReply.java","5"
"ErrorMetricUpdater.java","19"
"DummyResourceCalculatorPlugin.java","18"
"KMSACLs.java","0"
"TraceAdminProtocol.java","113"
"JobPropertyParser.java","2"
"TestMD5Hash.java","159"
"DumpTypedBytes.java","2"
"ConnectionConfigurator.java","1"
"BlockCompressorStream.java","45"
"TestFrameDecoder.java","5"
"TestAclCommands.java","141"
"TestRpcAuthInfo.java","5"
"NetUtils.java","92"
"DataJoinMapperBase.java","1"
"JniBasedUnixGroupsNetgroupMapping.java","98"
"GSet.java","116"
"TestRawlocalContractRename.java","138"
"AuthenticationWrapper.java","0"
"KerberosAuthenticator.java","0"
"CLITestData.java","120"
"TrAppReduce.java","10"
"TestReadAndSeekPageBlobAfterWrite.java","21"
"TestScriptBasedMappingWithDependency.java","226"
"TestDynamicInputFormat.java","34"
"BinaryComparable.java","40"
"DNSToSwitchMappingWithDependency.java","90"
"PageBlobInputStream.java","4"
"AzureMetricsTestUtil.java","25"
"WccAttr.java","5"
"JVector.java","98"
"Waitable.java","116"
"PathIOException.java","19"
"TraceAdminProtocolTranslatorPB.java","113"
"TaggedMapOutput.java","1"
"TestSwiftFileSystemContract.java","4"
"SwiftNativeFileSystemStore.java","3"
"Node.java","2"
"TestDFVariations.java","130"
"UmaskParser.java","19"
"SaslOutputStream.java","99"
"PageBlobFormatHelpers.java","19"
"JField.java","98"
"InMemoryFileSystemStore.java","5"
"Version20LogInterfaceUtils.java","2"
"TestSLSWebApp.java","2"
"JarBuilder.java","4"
"TestS3AContractRootDir.java","5"
"Gridmix.java","12"
"TestDistCpWithRawXAttrs.java","7"
"TestINode.java","5"
"ReplayJobFactory.java","14"
"PathFinder.java","2"
"TestNodeFencer.java","143"
"TemporarySocketDirectory.java","231"
"GridmixSplit.java","1"
"TypedBytesInput.java","7"
"TestFsShellReturnCode.java","130"
"TestGetInstances.java","120"
"DfsBaseConditional.java","0"
"CommandFormat.java","20"
"TestRpcCall.java","5"
"TestFcLocalFsUtil.java","128"
"TestSequenceFile.java","159"
"LimitInputStream.java","117"
"S3ATestUtils.java","5"
"TestToken.java","245"
"Record.java","213"
"JniBasedUnixGroupsMappingWithFallback.java","103"
"TestS3AContractCreate.java","5"
"IdentifierResolver.java","7"
"JMap.java","98"
"WritableName.java","44"
"ShutdownHookManager.java","116"
"Seekable.java","19"
"FilterInitializer.java","36"
"KeyProvider.java","7"
"InputWriter.java","7"
"WritableSerialization.java","48"
"DefaultImpersonationProvider.java","103"
"TestHighRamJob.java","16"
"TestFileArgs.java","7"
"DeskewedJobTraceReader.java","0"
"CryptoProtocolVersion.java","6"
"ReadaheadPool.java","45"
"TestFileBasedCopyListing.java","7"
"TestRawBytesStreaming.java","9"
"FakeTimer.java","257"
"RpcMessage.java","5"
"TestSwiftFileSystemDirectories.java","4"
"SwiftConnectionClosedException.java","0"
"AuthenticationToken.java","1"
"TestMiniRPCBenchmark.java","213"
"TestConfServlet.java","120"
"TestBlobTypeSpeedDifference.java","22"
"CsvRecordInput.java","97"
"FileStatus.java","17"
"AbstractService.java","113"
"TestNetworkTopologyWithNodeGroup.java","226"
"MetricsSystem.java","74"
"WhitelistBasedResolver.java","102"
"Anonymizer.java","0"
"ThreadUtil.java","116"
"TestSwiftFileSystemExtendedContract.java","4"
"ComparatorBase.java","120"
"TestNativeAzureFileSystemFileNameCheck.java","21"
"DefaultStringifier.java","39"
"TestArrayPrimitiveWritable.java","148"
"RpcInfo.java","5"
"DUHelper.java","18"
"TimedOutTestsListener.java","256"
"CompositeContext.java","71"
"HadoopKerberosName.java","103"
"PermissionParser.java","19"
"BaseExpression.java","22"
"TestHardLink.java","130"
"RawBytesReduceApp.java","7"
"User.java","0"
"TestFcMainOperationsLocalFs.java","142"
"Groups.java","98"
"HttpRequestLogAppender.java","37"
"CommandFactory.java","21"
"TestIdentityHashStore.java","257"
"BlobMaterialization.java","19"
"Lz4Codec.java","45"
"GETATTR3Request.java","5"
"AbstractContractDeleteTest.java","132"
"TestRpcDeniedReply.java","5"
"TestSwiftContractCreate.java","4"
"TestPathFilter.java","144"
"TestKeyShell.java","120"
"KMSWebApp.java","2"
"JobBuilder.java","0"
"TestFind.java","142"
"RpcCall.java","5"
"UtilTest.java","10"
"TestApplicationClassLoader.java","257"
"Errno.java","46"
"CredentialsGSS.java","5"
"DfsExists.java","0"
"TestLightWeightGSet.java","257"
"TestFileSystemCaching.java","128"
"MountResponse.java","3"
"CredentialsNone.java","5"
"S3Credentials.java","0"
"TestGetGroups.java","4"
"SwiftAuthenticationFailedException.java","0"
"PathExistsException.java","19"
"KMSRESTConstants.java","12"
"ParseException.java","98"
"TestContainerChecks.java","21"
"MountInterface.java","3"
"TestKMSACLs.java","31"
"TestS3ABlocksize.java","5"
"LogAdapter.java","116"
"TestPortmap.java","5"
"DummySharedResource.java","144"
"FairCallQueueMXBean.java","64"
"FsShell.java","15"
"ShellBasedUnixGroupsNetgroupMapping.java","99"
"NativeCrc32.java","117"
"BreakableStateChangeListener.java","252"
"TaskRunner.java","1"
"DistTool.java","2"
"AbstractContractMkdirTest.java","133"
"RolloverSignerSecretProvider.java","3"
"TestScriptBasedMapping.java","226"
"TestRawlocalContractDelete.java","138"
"TestDomainSocketWatcher.java","233"
"EagerKeyGeneratorKeyProviderCryptoExtension.java","0"
"SimpleBufferedOutputStream.java","46"
"TestWasbUriAndConfiguration.java","25"
"SampleQuantiles.java","90"
"RetriableCommand.java","4"
"TestFTPContractRename.java","138"
"RpcCallCache.java","5"
"GridmixJob.java","12"
"SetAttr3.java","5"
"TestIPC.java","219"
"TFile.java","46"
"LoggingStateChangeListener.java","113"
"CommonConfigurationKeysPublic.java","19"
"HttpUserGroupInformation.java","112"
"TestActiveStandbyElector.java","143"
"KerberosUtil.java","3"
"TestResourceUsageEmulators.java","18"
"FtpConfigKeys.java","19"
"TestZlibCompressorDecompressor.java","186"
"Find.java","22"
"MetricsConfig.java","79"
"TokenInfo.java","104"
"TestPathExceptions.java","142"
"TestText.java","147"
"SaslRpcClient.java","99"
"TestCallQueueManager.java","213"
"GangliaMetricVisitor.java","88"
"WritableFactory.java","39"
"Duration.java","3"
"SwiftScaleTestBase.java","4"
"StreamAggregate.java","10"
"PipeReducer.java","4"
"ResponseReceivedMetricUpdater.java","19"
"PathNotFoundException.java","13"
"KeyOnlyTextInputWriter.java","7"
"UnexpectedServerException.java","66"
"JobMonitor.java","13"
"MetricsSystemMXBean.java","74"
"TestXDR.java","5"
"BZip2Constants.java","45"
"TestS3AFileSystemContract.java","5"
"MetaBlockAlreadyExists.java","46"
"SwiftOperationFailedException.java","0"
"TestSSLFactory.java","245"
"OpensslCipher.java","5"
"Bzip2Factory.java","45"
"DefaultRumenSerializer.java","2"
"HeapSort.java","117"
"DefaultAnonymizableDataType.java","2"
"BandwidthGaugeUpdater.java","19"
"TestSSLHttpServer.java","144"
"StorageInterfaceImpl.java","19"
"InvalidRequestException.java","19"
"CallQueueManager.java","61"
"TestMetricsCollectorImpl.java","223"
"TestServiceLifecycle.java","252"
"FifoSchedulerMetrics.java","1"
"UTF8.java","39"
"TestAuthToken.java","17"
"MetricsDynamicMBeanBase.java","74"
"CopyCommitter.java","4"
"MetricsRecordBuilderImpl.java","79"
"CommandExecutor.java","120"
"TestStreamingStatus.java","9"
"TestProxyUsers.java","244"
"TestAuthenticationToken.java","13"
"AuthenticationResponse.java","0"
"BatchedRemoteIterator.java","19"
"ReduceTaskAttemptInfo.java","0"
"TestSLSRunner.java","2"
"CryptoOutputStream.java","5"
"OutputRecord.java","69"
"BinaryRecordInput.java","97"
"MiniRPCBenchmark.java","213"
"TestNetgroupCache.java","241"
"WRITE3Response.java","5"
"CanUnbuffer.java","16"
"Schedulable.java","66"
"TestCommandFactory.java","141"
"PartialListing.java","4"
"WordListAnonymizerUtility.java","2"
"LossyRetryInvocationHandler.java","48"
"FileSystemTestWrapper.java","130"
"TestSequenceFileSync.java","155"
"RpcDeniedReply.java","5"
"Test.java","20"
"CloseableReferenceCount.java","116"
"TestLocalFSContractAppend.java","138"
"TestTextCommand.java","142"
"TestSampleStat.java","226"
"TestFsShell.java","130"
"TestDiskChecker.java","257"
"FenceMethod.java","26"
"LoggedTaskAttempt.java","0"
"TestMultipleCachefiles.java","7"
"NoCacheFilter.java","36"
"CopyMapper.java","3"
"TestSleepJob.java","14"
"MetricsBuffer.java","79"
"AbstractContractRootDirectoryTest.java","133"
"TestSecurityUtil.java","242"
"NativeCodeLoader.java","117"
"InterfaceStability.java","0"
"DefaultAnonymizingRumenSerializer.java","2"
"TestArrayWritable.java","154"
"TypedBytesWritable.java","7"
"StreamPumper.java","26"
"TestJaasConfiguration.java","17"
"TestInterns.java","226"
"AbstractContractSeekTest.java","132"
"DataType.java","2"
"BloomFilterCommonTester.java","260"
"GridmixKey.java","1"
"JobConfigurationParser.java","2"
"MetricsRegistry.java","83"
"TestV2LsOperations.java","4"
"CBZip2OutputStream.java","45"
"TestS3_LocalFileContextURI.java","128"
"TestNativeCodeLoader.java","257"
"PATHCONF3Response.java","5"
"MetricsInfoImpl.java","83"
"TypedBytesWritableOutput.java","7"
"NativeIOException.java","47"
"MetricGaugeDouble.java","80"
"GetUserMappingsProtocolClientSideTranslatorPB.java","113"
"TestMachineList.java","257"
"TestKeyAuthorizationKeyProvider.java","31"
"KeyProviderFactory.java","7"
"NFS3Request.java","5"
"TestAuthenticatedURL.java","4"
"TestNativeAzureFileSystemOperationsMocked.java","19"
"FsConstants.java","15"
"Bzip2Decompressor.java","45"
"TestFileContextResolveAfs.java","126"
"DelegationTokenManager.java","110"
"SampleTaggedMapOutput.java","1"
"DelegationTokenIdentifier.java","113"
"DefaultCodec.java","45"
"TestRetriableFileCopyCommand.java","11"
"TestSLSUtils.java","2"
"AuthenticationRequestWrapper.java","0"
"TestStreamXmlMultipleRecords.java","11"
"Client.java","68"
"WhoClient.java","1"
"Stringifier.java","39"
"TestCredShell.java","244"
"GenericRefreshProtocol.java","61"
"TestAccessControlList.java","244"
"TestStreamXmlRecordReader.java","11"
"TestViewFsURIs.java","142"
"SampleDataJoinMapper.java","1"
"GzipCodec.java","45"
"TestClassUtil.java","257"
"KMSJSONReader.java","0"
"RequestWithHandle.java","5"
"Interns.java","83"
"RegexpComparator.java","120"
"RemoteException.java","61"
"ReconfigurableBase.java","2"
"CoreTestDriver.java","256"
"GlobbedCopyListing.java","2"
"ImpersonationProvider.java","103"
"InMemoryNativeFileSystemStore.java","5"
"TestRandomSeedGenerator.java","2"
"LongWritable.java","39"
"TestDNS.java","226"
"SocksSocketFactory.java","91"
"S3AContract.java","5"
"RequestLoggerFilter.java","0"
"TestTaskRunner.java","2"
"InMemoryBlockBlobStore.java","19"
"FSLinkResolver.java","12"
"MetricsRecordFiltered.java","79"
"LoggedNetworkTopology.java","0"
"TestRestClientBindings.java","4"
"BuiltInGzipDecompressor.java","45"
"TestOutOfBandAzureBlobOperationsLive.java","21"
"SocketOutputStream.java","91"
"CDFPiecewiseLinearRandomGenerator.java","2"
"LoadGenerator.java","140"
"TestDataJoin.java","1"
"ReconfigurationTaskStatus.java","0"
"TestViewFsLocalFs.java","142"
"AzureNativeFileSystemStore.java","19"
"SelfRenewingLease.java","19"
"TestCryptoStreams.java","120"
"TestLocalFSFileContextMainOperations.java","127"
"TestWhitelistBasedResolver.java","242"
"LoggedTask.java","2"
"FtpFs.java","19"
"TestFcLocalFsPermission.java","128"
"CreateFlag.java","19"
"DurationStats.java","3"
"ParsedTask.java","2"
"SecureIOUtils.java","40"
"MetricsConfigException.java","74"
"TaskAttempt20LineEventEmitter.java","2"
"ReconfigurationServlet.java","2"
"HadoopStreaming.java","4"
"CRC.java","45"
"HtmlQuoting.java","39"
"DynamicInputFormat.java","4"
"Histogram.java","0"
"RandomTextDataGenerator.java","0"
"ReloadingX509TrustManager.java","104"
"FSError.java","15"
"RpcDetailedMetrics.java","68"
"MD5Hash.java","45"
"NoEmitMetricsContext.java","71"
"TestKMSWithZK.java","31"
"MetricsBase.java","71"
"CompressionCodec.java","45"
"TestSwiftFileSystemBlocksize.java","4"
"JobConfPropertyNames.java","0"
"SimpleKeyProvider.java","19"
"TestCount.java","142"
"FileSystem.java","19"
"RetryProxy.java","47"
"ScriptBasedMappingWithDependency.java","91"
"TestGridmixMemoryEmulation.java","16"
"CBZip2InputStream.java","45"
"IdMappingConstant.java","99"
"TestMultipleProtocolServer.java","220"
"ExcludePrivateAnnotationsJDiffDoclet.java","0"
"SinkQueue.java","77"
"BZip2DummyCompressor.java","45"
"SwiftNativeInputStream.java","3"
"MoveCommands.java","20"
"TestStat.java","130"
"TestEnumSetWritable.java","158"
"GetUserMappingsProtocolPB.java","113"
"TestLocalFileSystemPermission.java","132"
"Shell.java","117"
"TestNfsExports.java","5"
"TestExternalCall.java","7"
"RefreshCallQueueProtocolClientSideTranslatorPB.java","68"
"FsShellPermissions.java","19"
"InputBuffer.java","40"
"TestDelegationTokenRenewer.java","130"
"RpcClientException.java","61"
"TestBloomMapFile.java","152"
"BlockDecompressorStream.java","45"
"DelegationKey.java","105"
"RetouchedBloomFilter.java","118"
"ServiceOperations.java","113"
"HadoopArchives.java","0"
"KMSConfiguration.java","0"
"SYMLINK3Response.java","5"
"TestNativeAzureFSPageBlobLive.java","19"
"DynamicInputChunk.java","4"
"TestSeek.java","4"
"BreakableService.java","252"
"TestIname.java","142"
"TestObjectWritableProtos.java","156"
"InputStriper.java","14"
"PathIsDirectoryException.java","19"
"AbstractDNSToSwitchMapping.java","90"
"FileContextTestWrapper.java","126"
"Encryptor.java","6"
"MetricsSinkAdapter.java","80"
"TraceAdmin.java","113"
"SshFenceByTcpPort.java","28"
"RpcMetrics.java","68"
"RegexFilter.java","74"
"TestRawlocalContractCreate.java","138"
"NativeLibraryChecker.java","117"
"PortmapRequest.java","5"
"Jets3tFileSystemStore.java","0"
"SnappyDecompressor.java","45"
"TestTimedOutTestsListener.java","256"
"TestFTPContractMkdir.java","138"
"ZKDelegationTokenSecretManager.java","110"
"KerberosSecurityTestcase.java","0"
"NfsExports.java","3"
"TestXAttrCommands.java","142"
"TestRetryProxy.java","210"
"AuthenticationRequest.java","0"
"Deserializer.java","48"
"TestTypedBytesWritable.java","12"
"ShellBasedIdMapping.java","102"
"TestCompressionEmulationUtils.java","15"
"SharedFileDescriptorFactory.java","47"
"TestCryptoStreamsNormal.java","120"
"ReadOption.java","16"
"ProtocolMetaInfoPB.java","61"
"ApiKeyCredentials.java","0"
"Consts.java","98"
"ServiceStateChangeListener.java","113"
"TestName.java","142"
"TestUserFromEnv.java","240"
"MetricGaugeFloat.java","79"
"SimpleTcpClientHandler.java","5"
"UnresolvedLinkException.java","15"
"TestLogResources.java","4"
"RpcEngine.java","60"
"Progressable.java","117"
"TestStaticUserWebFilter.java","145"
"TestBoundedByteArrayOutputStream.java","158"
"ShellDecryptionKeyProvider.java","4"
"AuthenticatorTestCase.java","5"
"FsUrlConnection.java","13"
"RpcException.java","64"
"SwiftObjectPath.java","4"
"AbstractPatternFilter.java","74"
"TestAvroFSInput.java","128"
"Stat.java","20"
"TestStreamDataProtocol.java","7"
"Index.java","98"
"TestMetricsServlet.java","223"
"AdminAuthorizedServlet.java","39"
"DefaultMetricsFactory.java","85"
"KMSExceptionsProvider.java","0"
"SwiftProtocolConstants.java","1"
"Expression.java","22"
"RefreshRegistry.java","61"
"Servers.java","90"
"TestBlockLocation.java","128"
"AnonymousAWSCredentialsProvider.java","0"
"MBeanUtil.java","73"
"TestZKUtil.java","257"
"TestS3Credentials.java","5"
"Nfs3FileAttributes.java","5"
"S3FileSystemException.java","0"
"ZlibDecompressor.java","45"
"TestOutOfBandAzureBlobOperations.java","19"
"LoggedDiscreteCDF.java","0"
"StreamKeyValUtil.java","6"
"TestChunkedArrayList.java","257"
"Count.java","20"
"TestFileSink.java","226"
"FloatWritable.java","39"
"DataAnonymizer.java","2"
"UnsupportedFileSystemException.java","16"
"WritableUtils.java","39"
"SerializationFactory.java","48"
"JniBasedUnixGroupsNetgroupMappingWithFallback.java","99"
"TestViewFileSystemWithAuthorityLocalFileSystem.java","142"
"TestSwiftContractRename.java","4"
"CodeBuffer.java","98"
"TestFileStatus.java","128"
"ProviderUtils.java","100"
"CryptoStreamsTestBase.java","120"
"TestMultithreadedTestUtil.java","252"
"JobTraceReader.java","0"
"TestLocalFSContractDelete.java","138"
"Name.java","22"
"ZKFCTestUtil.java","144"
"MetricsCache.java","88"
"TestSignalLogger.java","257"
"JobHistoryUtils.java","2"
"RetryUtils.java","48"
"TestCompressorStream.java","166"
"TestGlobalStateChangeListener.java","252"
"SecurityHandler.java","5"
"TestKeyOnlyTextOutputReader.java","12"
"MockStorageInterface.java","21"
"RetriableException.java","60"
"MetricsCollector.java","74"
"WccData.java","5"
"DurationStatsTable.java","4"
"TestSshFenceByTcpPort.java","144"
"AbstractContractAppendTest.java","138"
"ConfServlet.java","0"
"ParsedTaskAttempt.java","0"
"CsvRecordOutput.java","97"
"TestRawLocalContractUnderlyingFileBehavior.java","138"
"LogLevel.java","68"
"BasicAWSCredentialsProvider.java","0"
"DirectBufferPool.java","117"
"AccessControlList.java","103"
"MountEntry.java","3"
"TestDelegateToFileSystem.java","131"
"SerializationTestUtil.java","213"
"TestReadPastBuffer.java","4"
"ReconfigurationUtil.java","2"
"AbstractDelegationTokenSelector.java","110"
"XAttrSetFlag.java","13"
"ProgramDriver.java","117"
"PathPermissionException.java","19"
"PolicyProvider.java","103"
"TestTFileStreams.java","207"
"DataJoinJob.java","1"
"TestNativeAzureFileSystemMetricsSystem.java","25"
"FsPermission.java","19"
"BytesWritable.java","44"
"KerberosInfo.java","98"
"FileContextMainOperationsBaseTest.java","130"
"READLINK3Response.java","5"
"TestFTPContractDelete.java","138"
"NMSimulator.java","0"
"SingleEventEmitter.java","0"
"KeyProviderDelegationTokenExtension.java","7"
"FCStatisticsBaseTest.java","130"
"TestUGIWithExternalKdc.java","234"
"TestStringUtils.java","257"
"SwiftFileStatus.java","3"
"JobProperties.java","2"
"AclEntry.java","19"
"InterfaceAudience.java","0"
"MiniKMS.java","3"
"LOOKUP3Response.java","5"
"CumulativeCpuUsageEmulatorPlugin.java","14"
"RpcProgramPortmap.java","5"
"TestStreamingOutputKeyValueTypes.java","7"
"RetryPolicy.java","47"
"TestAnd.java","142"
"ClassLoaderCheckSecond.java","257"
"READDIRPLUS3Response.java","5"
"TestTraceUtils.java","257"
"JceAesCtrCryptoCodec.java","5"
"KerberosTestUtils.java","3"
"TestProgress.java","257"
"TestClusterTopology.java","226"
"TestHttpCookieFlag.java","144"
"GetUserMappingsProtocolServerSideTranslatorPB.java","113"
"AltKerberosAuthenticationHandler.java","1"
"TestS3NContractCreate.java","5"
"TestMapWritable.java","155"
"AsyncDiskService.java","117"
"TopologyBuilder.java","2"
"NfsTime.java","3"
"Configured.java","2"
"RawComparator.java","44"
"BinaryRecordOutput.java","96"
"ProtobufRpcEngine.java","66"
"ServicePlugin.java","117"
"CryptoStreamUtils.java","2"
"package-info.java","0"
"SubmitterUserResolver.java","12"
"AbstractFileSystem.java","19"
"AnonymizableDataType.java","2"
"HttpConfig.java","36"
"LINK3Request.java","5"
"MiniKdc.java","0"
"RefreshHandler.java","68"
"TestHttpRequestLog.java","145"
"TestKeyProvider.java","120"
"Metric.java","74"
"TestContentSummary.java","126"
"StreamBaseRecordReader.java","4"
"S3NativeFileSystemConfigKeys.java","5"
"TestOptionsParser.java","7"
"TestKMSAudit.java","2"
"ClusterSummarizer.java","12"
"StandbyException.java","63"
"MapReduceJobPropertiesParser.java","2"
"AbstractMapWritable.java","39"
"Classpath.java","117"
"DelayEchoApp.java","7"
"TraceAdminProtocolPB.java","113"
"DirectoryListingStartAfterNotFoundException.java","17"
"FTPContract.java","138"
"TestViewFsTrash.java","142"
"TestDistCpUtils.java","34"
"DebugJobProducer.java","14"
"TestSigner.java","16"
"SnappyCodec.java","45"
"RemoveScheme.java","118"
"TestSampleQuantiles.java","226"
"TestTFile.java","186"
"TestNativeAzureFileSystemContractMocked.java","25"
"TestClasspath.java","257"
"HttpServer.java","38"
"TestFcPermissionsLocalFs.java","143"
"BoundedByteArrayOutputStream.java","40"
"FileHandle.java","3"
"HadoopLogsAnalyzer.java","0"
"GangliaSink31.java","88"
"TestDataByteBuffers.java","159"
"TypedBytesRecordInput.java","7"
"NullContextWithUpdateThread.java","69"
"TestProtoUtil.java","257"
"TestDistCpWithAcls.java","7"
"TestSwiftFileSystemLsOperations.java","4"
"TraceBuilder.java","2"
"TestUnconsumedInput.java","10"
"AclUtil.java","19"
"RecordOutput.java","98"
"TestCopy.java","142"
"KMSClientProvider.java","12"
"Hadoop20JHParser.java","0"
"RetryInvocationHandler.java","48"
"MutableQuantiles.java","83"
"TestPiecewiseLinearInterpolation.java","2"
"DeflateCodec.java","45"
"MutableGaugeInt.java","80"
"UnitTestcaseTimeLimit.java","252"
"GenericRefreshProtocolServerSideTranslatorPB.java","68"
"ServiceAssert.java","252"
"TestShell.java","259"
"AvroReflectSerializable.java","49"
"TestRpcAcceptedReply.java","5"
"TestGangliaSink.java","226"
"SwiftException.java","0"
"SnappyCompressor.java","45"
"ServiceStateModel.java","113"
"TestMetricsSourceAdapter.java","223"
"TestDelegationTokenAuthenticationHandlerWithMocks.java","248"
"JenkinsHash.java","118"
"TestCopyPreserveFlag.java","142"
"LogRecordType.java","2"
"READDIR3Request.java","5"
"DataGenerator.java","141"
"VersionInfoMojo.java","3"
"TestCommandFormat.java","128"
"TestFTPContractOpen.java","138"
"TestLogalyzer.java","4"
"StopWatch.java","117"
"SwiftInternalStateException.java","0"
"TestCredentials.java","242"
"SwiftNativeFileSystem.java","3"
"CredentialProviderFactory.java","103"
"ScopedAclEntries.java","19"
"TestSetFile.java","155"
"Serializer.java","48"
"ProtocolTranslator.java","61"
"JString.java","98"
"DiskChecker.java","113"
"SelfThrottlingIntercept.java","4"
"ZeroCopyUnavailableException.java","19"
"SETATTR3Response.java","5"
"IntermediateRecordFactory.java","1"
"FsStatus.java","19"
"MetricsRecordImpl.java","74"
"MetricsInfo.java","74"
"SymlinkBaseTest.java","127"
"WeightedRoundRobinMultiplexer.java","61"
"StatePool.java","2"
"HardLink.java","13"
"NetgroupCache.java","103"
"DataOutputBuffer.java","43"
"S3AFastOutputStream.java","4"
"AclStatus.java","19"
"StandardSocketFactory.java","93"
"TestHttpServerWebapps.java","144"
"TestCopyListing.java","9"
"DF.java","12"
"DeepInequalityException.java","0"
"MethodMetric.java","83"
"NativeIO.java","47"
"FilterContainer.java","36"
"FsServerDefaults.java","15"
"TestUserGroupInformation.java","241"
"RefreshUserMappingsProtocolServerSideTranslatorPB.java","103"
"KeyStoreTestUtil.java","245"
"DeserializerComparator.java","48"
"ZKFCProtocolClientSideTranslatorPB.java","34"
"TestAcl.java","141"
"TraceUtils.java","113"
"FsUsage.java","19"
"ViewFsBaseTest.java","142"
"RMDIR3Response.java","5"
"RPCCallBenchmark.java","221"
"FTPException.java","19"
"Utils.java","98"
"RPC.java","61"
"DistCpOptionSwitch.java","3"
"TestHttpServer.java","145"
"RecordComparator.java","97"
"TestHarFileSystemBasics.java","130"
"Logalyzer.java","2"
"Type.java","7"
"TestTruncatedInputBug.java","129"
"TestZKFailoverController.java","143"
"TestOutputRecord.java","223"
"StderrApp.java","10"
"Authenticator.java","0"
"AbstractMetricsContext.java","71"
"RandomDatum.java","159"
"OutputReader.java","7"
"CommonJobTest.java","15"
"ProtocolSignature.java","60"
"RefreshUserMappingsProtocolClientSideTranslatorPB.java","103"
"RawLocalFs.java","19"
"ZKFCProtocolServerSideTranslatorPB.java","36"
"SampleDataJoinReducer.java","1"
"DomainSocket.java","94"
"JType.java","98"
"AMSimulator.java","0"
"TestResult.java","142"
"Block.java","0"
"FSINFO3Request.java","5"
"TestNativeAzureFileSystemContractLive.java","21"
"AbstractGangliaSink.java","88"
"TestBlobDataValidation.java","25"
"COMMIT3Request.java","5"
"Truncate.java","20"
"AuthenticationHandler.java","1"
"ContentSummary.java","13"
"TestMetricsConfig.java","226"
"GlobPattern.java","13"
"VLongWritable.java","39"
"CodecPool.java","45"
"SimpleCopyListing.java","1"
"AclEntryType.java","19"
"DistCp.java","3"
"PathAccessDeniedException.java","19"
"TestStreamingCounters.java","7"
"JavaSerialization.java","48"
"CompressedWritable.java","39"
"KeyStoneAuthRequest.java","0"
"TestCopyOutputFormat.java","34"
"SysSecurityHandler.java","5"
"State.java","2"
"VersionedProtocol.java","60"
"LightWeightGSet.java","116"
"REMOVE3Response.java","5"
"BooleanWritable.java","40"
"TestRunJar.java","257"
"TestStreamingCombiner.java","9"
"CppGenerator.java","98"
"Progressive.java","14"
"ServiceAuthorizationManager.java","103"
"TestFTPContractCreate.java","138"
"TestFileHandle.java","5"
"S3AOutputStream.java","4"
"Statistics.java","14"
"TestThrottledInputStream.java","34"
"TestSwiftFileSystemDelete.java","4"
"BlockingSerializer.java","2"
"TestAfsCheckPath.java","130"
"TestOpensslSecureRandom.java","126"
"MetricsRecordBuilder.java","74"
"UserGroupInformation.java","99"
"SSLHostnameVerifier.java","103"
"TestJUnitSetup.java","256"
"SplitCompressionInputStream.java","45"
"READLINK3Request.java","5"
"WritableComparable.java","40"
"RandomAlgorithms.java","0"
"TestSwiftFileSystemConcurrency.java","4"
"TestNativeCrc32.java","259"
"MetricsSourceAdapter.java","79"
"ActiveStandbyElector.java","25"
"TestRPCCallBenchmark.java","213"
"RpcNoSuchProtocolException.java","68"
"GangliaConf.java","88"
"DistCpUtils.java","6"
"KerberosDelegationTokenAuthenticationHandler.java","111"
"TestPrint.java","142"
"Touchz.java","20"
"Credentials.java","5"
"TestFileSystemCanonicalization.java","130"
"Catalog.java","0"
"TestRawlocalContractOpen.java","138"
"Serialization.java","48"
"MockitoMaker.java","252"
"TestGzipInput.java","7"
"TestSymlinkLocalFSFileSystem.java","128"
"Timer.java","187"
"BufferedFSInputStream.java","13"
"ClientCache.java","60"
"TestRandomAlgorithm.java","15"
"DistCpTestUtils.java","34"
"CommandUtils.java","20"
"TokenIdentifier.java","104"
"ProtocolMetaInterface.java","59"
"TestDistCh.java","4"
"Print.java","22"
"TestHtmlQuoting.java","144"
"PasswordCredentials.java","0"
"FSSTAT3Response.java","5"
"TestNativeIO.java","210"
"AbstractContractCreateTest.java","132"
"TestServer.java","223"
"FileSink.java","85"
"TestHttpRequestLogAppender.java","144"
"ByteBufferUtil.java","19"
"TestGlobbedCopyListing.java","7"
"HttpServerFunctionalTest.java","144"
"DynamicRecordReader.java","4"
"MutableMetric.java","83"
"DfsIsDir.java","0"
"TestOpensslCipher.java","120"
"TestServiceAuthorization.java","244"
"TestViewFileSystemLocalFileSystem.java","142"
"TestS3AContractDelete.java","5"
"HistoryEventEmitter.java","2"
"SocketInputStream.java","91"
"FileMetadata.java","4"
"FileBasedCopyListing.java","2"
"ArrayPrimitiveWritable.java","39"
"WRITE3Request.java","5"
"HistogramRawTestData.java","2"
"ContractTestUtils.java","133"
"TestKeyProviderFactory.java","124"
"ACCESS3Response.java","5"
"CachedDNSToSwitchMapping.java","93"
"DataJoinReducerBase.java","1"
"IncludePublicAnnotationsStandardDoclet.java","0"
"ApplicationClassLoader.java","117"
"RpcAcceptedReply.java","5"
"TestIdentityProviders.java","223"
"RpcConstants.java","61"
"LoggedJob.java","2"
"TestSwiftFileSystemRename.java","4"
"ParsedHost.java","0"
"ConnectTimeoutException.java","90"
"RetriableFileCopyCommand.java","4"
"RandomDistribution.java","207"
"TestDistCpSystem.java","7"
"SplittableCompressionCodec.java","45"
"TestTFileJClassComparatorByteArrays.java","186"
"TestInMemoryS3FileSystemContract.java","5"
"MockitoUtil.java","252"
"TestMutableMetrics.java","226"
"DataChecksum.java","113"
"ZombieJob.java","2"
"TestJarFinder.java","257"
"FindOptions.java","22"
"AbstractContractRenameTest.java","132"
"JobCreator.java","1"
"TestRPC.java","223"
"MountdBase.java","3"
"TestGridMixClasses.java","16"
"ZKFCRpcServer.java","28"
"TestS3AConfiguration.java","5"
"TestStreamAggregate.java","9"
"TestLoadTypedBytes.java","11"
"ResourceSchedulerWrapper.java","1"
"JavaKeyStoreProvider.java","103"
"ProtocMojo.java","1"
"Compression.java","46"
"TestFileSignerSecretProvider.java","13"
"MKDIR3Response.java","5"
"SwiftUnsupportedFeatureException.java","0"
"GenericTestUtils.java","256"
"ZKFCProtocolPB.java","34"
"TestStreamReduceNone.java","10"
"TestMetricsRegistry.java","226"
"CopyCommands.java","20"
"CommandWithDestination.java","20"
"TableMapping.java","93"
"StateDeserializer.java","2"
"TestFileContextDeleteOnExit.java","130"
"SwiftConnectionException.java","0"
"RENAME3Request.java","5"
"TestMRFramework.java","7"
"S3InputStream.java","0"
"DefaultMetricsSystem.java","85"
"StabilityOptions.java","0"
"ExitUtil.java","117"
"KMSJMXServlet.java","0"
"StreamInputFormat.java","3"
"PathIsNotEmptyDirectoryException.java","14"
"TestHash.java","260"
"LINK3Response.java","5"
"AbstractMetricsRecord.java","77"
"SortedMapWritable.java","39"
"SwiftTestUtils.java","4"
"ZombieJobProducer.java","0"
"ResetableIterator.java","1"
"StaticUserWebFilter.java","39"
"CredentialsSys.java","5"
"TestInMemoryNativeS3FileSystemContract.java","5"
"CipherOption.java","6"
"SpanReceiverHost.java","113"
"LoggedSingleRelativeRanking.java","0"
"RefreshAuthorizationPolicyProtocol.java","103"
"TestRPCWaitForProxy.java","220"
"GangliaSink30.java","88"
"Buffer.java","98"
"MutableRate.java","83"
"KMSMDCFilter.java","0"
"ArrayFile.java","39"
"RefreshUserMappingsProtocol.java","98"
"TestWinUtils.java","257"
"TestMiniKdc.java","0"
"TestRawlocalContractSeek.java","138"
"SetReplication.java","20"
"ShutdownThreadsHelper.java","118"
"TestChildReaper.java","260"
"TestCompositeService.java","252"
"MetricsServlet.java","68"
"TestMetricsSystemImpl.java","224"
"MetricsCollectorImpl.java","77"
"TestJvmMetrics.java","226"
"Nfs3Status.java","5"
"AvroReflectSerialization.java","49"
"TestBloomFilters.java","259"
"DiffInfo.java","3"
"MetricsTimeVaryingLong.java","71"
"FSInputChecker.java","19"
"Tenant.java","0"
"EnumSetWritable.java","43"
"ViewFs.java","22"
"TextInputWriter.java","7"
"S3AFileSystem.java","2"
"ClusterStory.java","0"
"TestWritableSerialization.java","213"
"PathFilter.java","19"
"FileSystemContractBaseTest.java","126"
"MKDIR3Request.java","5"
"TestProxyServers.java","244"
"Jets3tNativeFileSystemStore.java","5"
"Result.java","21"
"TwoDArrayWritable.java","42"
"DummyHAService.java","143"
"TestRetryCacheMetrics.java","221"
"MetricsRecord.java","74"
"ClassWithNoPackage.java","7"
"Jets3tNativeS3FileSystemContractTest.java","5"
"UserProvider.java","103"
"S3FileSystemConfigKeys.java","0"
"ResourceUsageMetrics.java","0"
"BlockLocation.java","17"
"OutputBuffer.java","40"
"JFile.java","98"
"Constants.java","22"
"CLICommandFS.java","120"
"JByte.java","98"
"TestDelegationToken.java","247"
"LoadBalancingKMSClientProvider.java","12"
"TestGangliaMetrics.java","223"
"DU.java","16"
"TestConfigurationFieldsBase.java","120"
"CompositeService.java","113"
"Trash.java","18"
"JInt.java","98"
"ZKFailoverController.java","34"
"MurmurHash.java","118"
"TestLdapGroupsMapping.java","242"
"TestNativeAzureFileSystemContractEmulator.java","19"
"TestDoAsEffectiveUser.java","240"
"WritableComparator.java","40"
"ConcatenatedInputFilesDemuxer.java","2"
"SyncableDataOutputStream.java","19"
"MetricsIntValue.java","73"
"TestMapFile.java","154"
"ScriptBasedMapping.java","91"
"NetUtilsTestResolver.java","242"
"StreamXmlRecordReader.java","4"
"SwiftObjectFileStatus.java","3"
"Hash.java","118"
"FairCallQueue.java","61"
"PipeCombiner.java","6"
"AesCtrCryptoCodec.java","5"
"TestDirectBufferPool.java","257"
"VersionedWritable.java","40"
"FailApp.java","10"
"AuthenticationException.java","0"
"ProtobufHelper.java","61"
"RpcUtil.java","5"
"LoggedLocation.java","0"
"MetricsUtil.java","69"
"SerialJobFactory.java","8"
"MetricsVisitor.java","74"
"AuthenticatedURL.java","1"
"NativeAzureFileSystemBaseTest.java","24"
"UTF8ByteArrayUtils.java","117"
"RpcMultiplexer.java","60"
"TestDelegationTokenManager.java","249"
"TestListFiles.java","130"
"TestFileSystemTokens.java","130"
"ArrayListBackedIterator.java","1"
"StreamJob.java","1"
"MiniZKFCCluster.java","144"
"PureJavaCrc32C.java","113"
"ChRootedFs.java","22"
"TestIPCServerResponder.java","221"
"FailoverFailedException.java","27"
"FileContextTestHelper.java","126"
"TestStreamingSeparator.java","7"
"Pre21JobHistoryConstants.java","2"
"TestProtoBufRpc.java","220"
"GenericsUtil.java","113"
"GenericRefreshProtocolPB.java","68"
"TestSwiftFileSystemBlockLocation.java","4"
"JobHistoryParser.java","0"
"HAAdmin.java","28"
"HttpBodyContent.java","1"
"AuthToken.java","3"
"HealthMonitor.java","29"
"TestFTPFileSystem.java","138"
"KMS.java","1"
"ReduceAttempt20LineHistoryEventEmitter.java","2"
"TaskAttemptInfo.java","2"
"PriorityQueue.java","113"
"TestRPCCompatibility.java","213"
"TestKerberosAuthenticationHandler.java","13"
"TestNativeLibraryChecker.java","257"
"Nfs3Constant.java","5"
"PermissionStatus.java","19"
"TestSwiftFileSystemRead.java","4"
"MultithreadedTestUtil.java","257"
"Jets3tS3FileSystemContractTest.java","5"
"TestGlobalFilter.java","145"
"KeyStoresFactory.java","103"
"FSDataOutputStream.java","13"
"KerberosName.java","3"
"S3OutputStream.java","0"
"DoNotPool.java","45"
"SendRequestIntercept.java","4"
"TestLoadJob.java","14"
"TestCredentialsSys.java","5"
"ProtocolMetaInfoServerSideTranslatorPB.java","68"
"TestSwiftFileSystemPartitionedUploads.java","4"
"TestNativeAzureFileSystemUploadLogic.java","25"
"RefreshResponse.java","68"
"ServiceStateException.java","113"
"NetworkTopology.java","91"
"ChecksumFs.java","15"
"Progress.java","116"
"RefreshAuthorizationPolicyProtocolServerSideTranslatorPB.java","103"
"ExactComparator.java","120"
"SignerSecretProvider.java","3"
"CDFRandomGenerator.java","0"
"LocalFileSystem.java","13"
"Util.java","69"
"JobStory.java","2"
"GetGroupsTestBase.java","257"
"SSLFactory.java","104"
"PATHCONF3Request.java","5"
"XmlRecordInput.java","97"
"JRecord.java","98"
"Time.java","117"
"StringSignerSecretProvider.java","13"
"RunJar.java","117"
"JobName.java","2"
"StaticMapping.java","226"
"TestHAAdmin.java","144"
"ActiveStandbyElectorTestUtil.java","144"
"FilePool.java","14"
"JobStoryProducer.java","2"
"SETATTR3Request.java","5"
"ClassUtil.java","117"
"TableListing.java","113"
"DataInputByteBuffer.java","39"
"TestS3NContractOpen.java","5"
"Updater.java","68"
"Nfs3Base.java","5"
"SampleStat.java","90"
"NativeS3FileSystem.java","5"
"JBoolean.java","98"
"PrintJarMainClass.java","116"
"SocketInputWrapper.java","91"
"TestRecordFactory.java","14"
"Decryptor.java","6"
"RccTokenManager.java","98"
"TestCryptoStreamsForLocalFS.java","120"
"TestActiveStandbyElectorRealZK.java","144"
"ToolRunner.java","117"
"TestRawlocalContractAppend.java","138"
"Configurable.java","0"
"Server.java","59"
"MapTypeID.java","98"
"ShellBasedUnixGroupsMapping.java","98"
"TestStreamingOutputOnlyKeys.java","10"
"GridmixRecord.java","0"
"KMSJSONWriter.java","0"
"ViewFileSystemTestSetup.java","142"
"DelegationTokenRenewer.java","15"
"TestTFileSplit.java","186"
"TestFSMainOperationsLocalFileSystem.java","142"
"TestMetricsVisitor.java","223"
"TestNativeAzureFileSystemLive.java","25"
"JDouble.java","98"
"ZlibFactory.java","45"
"TestValueQueue.java","120"
"TypedBytesOutput.java","7"
"TestFileContext.java","128"
"TypedBytesMapApp.java","7"
"CacheableIPList.java","117"
"UnsupportedCodecException.java","6"
"TestSymlinkLocalFSFileContext.java","127"
"GetGroups.java","0"
"SwiftNativeOutputStream.java","3"
"TokenRenewer.java","104"
"StreamUtil.java","7"
"TestPseudoAuthenticator.java","5"
"StorageInterface.java","4"
"HAServiceStatus.java","28"
"FieldTypeInfo.java","98"
"TestCopyMapper.java","34"
"TestSwiftContractSeek.java","4"
"VerifierNone.java","5"
"TestBytesWritable.java","154"
"DelegationTokenAuthenticatedURL.java","111"
"MetricsPlugin.java","74"
"VersionMismatchException.java","39"
"MetricValue.java","69"
"TestConfigurationSubclass.java","120"
"JniBasedUnixGroupsMapping.java","103"
"ViewFsFileStatus.java","22"
"Configuration.java","2"
"MetricCounterInt.java","77"
"GetGroupsBase.java","113"
"ReconfigurationException.java","2"
"JSONUtil.java","3"
"ViewFileSystemBaseTest.java","142"
"READ3Request.java","5"
"TestSinkQueue.java","225"
"ExecutionSummarizer.java","14"
"Roles.java","0"
"TestTFileNoneCodecsStreams.java","207"
"UniqueNames.java","83"
"StringUtils.java","117"
"AclEntryScope.java","19"
"RestClientBindings.java","3"
"AbstractDelegationTokenSecretManager.java","105"
"StructTypeID.java","98"
"RawComparable.java","46"
"Exec.java","2"
"RefreshCallQueueProtocolServerSideTranslatorPB.java","68"
"MetricsContext.java","68"
"TraceAdminProtocolServerSideTranslatorPB.java","113"
"NFS3Response.java","5"
"RefreshAuthorizationPolicyProtocolClientSideTranslatorPB.java","103"
"KerberosAuthenticationHandler.java","2"
"NodeFencer.java","31"
"CLITestCmd.java","120"
"TestLocalFSContractRename.java","138"
"SwiftJsonMarshallingException.java","0"
"TestShellCommandFencer.java","143"
"XmlRecordOutput.java","98"
"TestRpcMessage.java","5"
"BuiltInZlibDeflater.java","45"
"FsCommand.java","20"
"MKNOD3Request.java","5"
"KVGenerator.java","197"
"InodeTree.java","22"
"SocketIOWithTimeout.java","90"
"SignerException.java","3"
"FileSetUtils.java","2"
"TestFileBasedIPList.java","257"
"TestStreamingStderr.java","7"
"MetricsTimeVaryingInt.java","71"
"TestDomainSocket.java","231"
"TestChecksumFileSystem.java","128"
"RewindableInputStream.java","0"
"MetricsAnnotations.java","83"
"TestNativeAzureFileSystemBlockLocations.java","19"
"RandomSignerSecretProvider.java","3"
"CredentialProvider.java","103"
"MetricsAsserts.java","252"
"TestAMSimulator.java","2"
"ShortWritable.java","40"
"LOOKUP3Request.java","5"
"Quantile.java","88"
"SchedulerMetrics.java","1"
"TestGroupFallback.java","234"
"TestTFileNoneCodecsJClassComparatorByteArrays.java","186"
"TestStreamingBackground.java","7"
"SubstringComparator.java","120"
"TestKerberosAuthenticator.java","5"
"PathOperationException.java","13"
"TestUGILoginFromKeytab.java","233"
"ZKSignerSecretProvider.java","3"
"TestPathData.java","142"
"TestS3AContractRename.java","5"
"LoadJob.java","8"
"TokenSelector.java","104"
"KerberosDelegationTokenAuthenticator.java","111"
"AccessToken.java","0"
"DistCpOptions.java","2"
"TestGridmixSummary.java","16"
"NodeBase.java","91"
"TestVersionUtil.java","257"
"DistCpV1.java","2"
"REMOVE3Request.java","5"
"WritableFactories.java","40"
"CryptoCodec.java","6"
"TestStreaming.java","10"
"RawBytesOutputReader.java","7"
"Log4Json.java","68"
"CurrentJHParser.java","2"
"HasEnhancedByteBufferAccess.java","19"
"RpcResponse.java","5"
"Summarizer.java","0"
"TestLocalFSContractLoaded.java","138"
"GlobFilter.java","74"
"SLSWebApp.java","2"
"TestS3FileSystem.java","5"
"PseudoAuthenticator.java","1"
"TestZKDelegationTokenSecretManager.java","245"
"AuthenticationFilterInitializer.java","99"
"Bzip2Compressor.java","45"
"SLSUtils.java","1"
"TestS3AContractMkdir.java","5"
"NullWritable.java","44"
"TestBlockDecompressorStream.java","166"
"FSSTAT3Request.java","5"
"AccessControlException.java","98"
"UniformSizeInputFormat.java","4"
"ClusterTopologyReader.java","0"
"SLSRunner.java","0"
"IPList.java","117"
"GraphiteSink.java","88"
"TestGridmixSubmission.java","15"
"TestGridmixStatistics.java","14"
"TestGlobExpander.java","130"
"TestS3NInMemoryFileSystem.java","6"
