"MapFile.java","608"
"RecordInput.java","706"
"TestTFileNoneCodecsByteArrays.java","1213"
"ContainerSimulator.java","1793"
"Chunk.java","639"
"MD5MD5CRC32GzipFileChecksum.java","286"
"Path.java","394"
"ParsedConfigFile.java","1759"
"Decompressor.java","630"
"ProtocolProxy.java","677"
"TestChRootedFileSystem.java","1062"
"CopyListing.java","1426"
"CompareUtils.java","639"
"AccessPrivilege.java","1674"
"CapacitySchedulerMetrics.java","1793"
"GangliaMetricsTestHelper.java","1304"
"JobSubmitter.java","1506"
"RoundRobinUserResolver.java","1506"
"TestCachingKeyProvider.java","790"
"TestLocalFSContractOpen.java","1048"
"TestTFileComparator2.java","1213"
"SLSConfiguration.java","1790"
"VerifierGSS.java","1674"
"CompressionEmulationUtil.java","1544"
"TestPrint0.java","1059"
"TestIOUtils.java","1177"
"LoadTypedBytes.java","1803"
"FailureInjectingJavaKeyStoreProvider.java","789"
"DataInputBuffer.java","618"
"IdentityProvider.java","662"
"DelegationTokenAuthenticationHandler.java","747"
"ServletUtil.java","758"
"FilterExpression.java","487"
"TestGlobPattern.java","840"
"TestCompositeGroupMapping.java","1313"
"BadFencingConfigurationException.java","559"
"TrashPolicy.java","472"
"RpcAuthInfo.java","1674"
"GridmixTestUtils.java","1552"
"QueueName.java","1762"
"RpcNoSuchMethodException.java","668"
"ContextFactory.java","687"
"ParsedJob.java","1760"
"SslSocketConnectorSecure.java","733"
"CanSetReadahead.java","472"
"NullContext.java","690"
"HarFileSystem.java","300"
"TestAsyncDiskService.java","1410"
"TestClassWithNoPackage.java","1812"
"PathIsNotDirectoryException.java","278"
"JMXJsonServlet.java","682"
"LocalDirAllocator.java","292"
"TestFilterFs.java","932"
"TestUserResolve.java","1557"
"TestStaticMapping.java","1304"
"ClassLoaderCheckMain.java","1403"
"GangliaContext31.java","688"
"JBuffer.java","707"
"FileContextCreateMkdirBaseTest.java","1043"
"TestWebDelegationToken.java","1398"
"NativeAzureFileSystem.java","98"
"TestSwiftFileSystemBasicOps.java","1739"
"DataOutputOutputStream.java","607"
"RefreshCallQueueProtocol.java","665"
"StressJobFactory.java","1540"
"XMLUtils.java","758"
"Globber.java","277"
"GenericWritable.java","630"
"PlatformName.java","22"
"TestHostsFileReader.java","1403"
"Display.java","481"
"TestConfigurationDeprecation.java","768"
"MachineNode.java","1746"
"ComparableVersion.java","765"
"TestSocketIOWithTimeout.java","1304"
"ProxyUsers.java","726"
"TestFairCallQueue.java","1251"
"RetryPolicies.java","646"
"TestLocalFSContractSeek.java","1048"
"MapWritable.java","607"
"ClientId.java","665"
"NativeFileSystemStore.java","100"
"GridmixJobSubmissionPolicy.java","1546"
"CipherSuite.java","209"
"ThrottledInputStream.java","1438"
"Tail.java","485"
"Signer.java","22"
"WhoServlet.java","56"
"ExceptionDiags.java","1692"
"RMDIR3Request.java","1674"
"TestTypedBytesStreaming.java","1811"
"TestGroupsCaching.java","1335"
"ProtocolInfo.java","676"
"TestFailoverProxy.java","1235"
"FSDataInputStream.java","437"
"MockFileSystem.java","1060"
"KeyProviderException.java","130"
"StringSignerSecretProviderCreator.java","54"
"TestRandomSignerSecretProvider.java","54"
"DirectDecompressor.java","630"
"CryptoFSDataInputStream.java","472"
"RefreshCallQueueProtocolPB.java","677"
"SleepJob.java","1532"
"Task20LineHistoryEventEmitter.java","1759"
"TextOutputReader.java","1804"
"TestNetUtils.java","1304"
"TestRpcReply.java","1674"
"JobFactory.java","1540"
"TestGenericOptionsParser.java","1410"
"FileUtil.java","468"
"HealthCheckFailedException.java","560"
"VIntWritable.java","608"
"TestTFileUnsortedByteArrays.java","1202"
"MetricsLongValue.java","692"
"CompressionCodecFactory.java","630"
"TestStringSignerSecretProvider.java","54"
"IndexedSorter.java","758"
"JarFinder.java","1410"
"JobBase.java","1418"
"AvroSerialization.java","650"
"GangliaContext.java","688"
"TestCLI.java","768"
"ContractOptions.java","1048"
"XDR.java","1674"
"TestVersionedWritable.java","1169"
"TestFsPermission.java","1057"
"Filter.java","765"
"TestTFileLzoCodecsByteArrays.java","1213"
"TestNativeAzureFileSystemConcurrency.java","170"
"RandomSeedGenerator.java","1746"
"ServletUtils.java","745"
"WasbFsck.java","99"
"DoubleWritable.java","602"
"AbstractFSContract.java","1045"
"FSMainOperationsBaseTest.java","1021"
"ServiceFailedException.java","573"
"TestUniqNames.java","1304"
"SwiftContract.java","1741"
"NodeName.java","1762"
"FileSignerSecretProvider.java","20"
"MetricsTag.java","693"
"FsUrlStreamHandler.java","394"
"INode.java","57"
"SimpleTcpServer.java","1674"
"TestLocalDirAllocator.java","1044"
"SimpleUdpServer.java","1674"
"SaslInputStream.java","712"
"FairSchedulerMetrics.java","1794"
"CompressorStream.java","630"
"TestBandwidthGaugeUpdater.java","199"
"Lz4Compressor.java","632"
"TestAvroSerialization.java","1235"
"DecayRpcScheduler.java","668"
"SimpleTcpClient.java","1674"
"Ls.java","473"
"DeepCompare.java","1746"
"AzureFileSystemInstrumentation.java","142"
"ShellCommandFencer.java","560"
"RawBytesMapApp.java","1809"
"KeySampler.java","1213"
"JsonObjectMapperParser.java","1746"
"KMSServerJSONUtils.java","1588"
"TestHttpExceptionUtils.java","1409"
"TestJets3tNativeFileSystemStore.java","93"
"MetricsSink.java","693"
"GenerateDistCacheData.java","1506"
"AzureBlobStorageTestAccount.java","156"
"SecurityInfo.java","712"
"TestHistograms.java","1772"
"FSOutputSummer.java","300"
"TestArrayFile.java","1169"
"TypedBytesInputWriter.java","1804"
"TestWritable.java","1177"
"PositionedReadable.java","472"
"DistCh.java","1497"
"IpcException.java","669"
"TestStreamingBadRecords.java","1808"
"LocalFSContract.java","1048"
"DefaultDataType.java","1762"
"OptionsParser.java","1429"
"XAttrCodec.java","433"
"TypeID.java","707"
"RefreshUserMappingsProtocolPB.java","726"
"ViewFileSystem.java","536"
"FileAlreadyExistsException.java","296"
"SimpleUdpClient.java","1674"
"MRAMSimulator.java","1784"
"KMSAudit.java","1588"
"RENAME3Response.java","1674"
"ChunkedArrayList.java","758"
"ApiKeyAuthenticationRequest.java","1675"
"READDIRPLUS3Request.java","1674"
"TestMetricsAnnotations.java","1304"
"RecordFactory.java","1546"
"TreePath.java","1746"
"OsSecureRandom.java","269"
"DecayRpcSchedulerMXBean.java","662"
"LightWeightCache.java","758"
"DNS.java","704"
"AbstractContractConcatTest.java","1048"
"MD5MD5CRC32FileChecksum.java","396"
"MetricType.java","693"
"Reconfigurable.java","200"
"GSetByHashMap.java","758"
"XAttrCommands.java","476"
"GETATTR3Response.java","1674"
"TestFileQueue.java","1578"
"S3FileSystemContractBaseTest.java","83"
"S3InMemoryFileSystem.java","83"
"TestRetryCache.java","1242"
"RegistrationClient.java","1674"
"TestShellDecryptionKeyProvider.java","167"
"TestFailoverController.java","1153"
"MutableCounter.java","699"
"HostsFileReader.java","758"
"SignalLogger.java","760"
"Verifier.java","1674"
"TestDU.java","991"
"TestTFileComparators.java","1211"
"FsUrlStreamHandlerFactory.java","300"
"TestFsShellCopy.java","1028"
"MutableMetricsFactory.java","701"
"RecordTypeInfo.java","707"
"SaslPlainServer.java","708"
"ByteWritable.java","618"
"SimpleCharStream.java","707"
"MutableCounterLong.java","696"
"HttpServer2.java","598"
"BZip2Codec.java","630"
"TestDecayRpcScheduler.java","1284"
"ChildReaper.java","765"
"TestSwiftContractOpen.java","1741"
"Pair.java","1760"
"TestPureJavaCrc32.java","1404"
"BuiltInZlibInflater.java","632"
"AuthenticationFilter.java","17"
"CompositeGroupsMapping.java","715"
"BZip2DummyDecompressor.java","632"
"SequenceFile.java","630"
"S3NInMemoryFileSystem.java","93"
"TestMultipleArchiveFiles.java","1806"
"TestProxyUserFromEnv.java","1335"
"FilterFileSystem.java","286"
"FileEncryptionInfo.java","472"
"MetaBlockDoesNotExist.java","639"
"DelegationTokenAuthenticationFilter.java","747"
"FileName.java","1762"
"GenericOptionsParser.java","762"
"TestRpcCallCache.java","1674"
"StorageType.java","286"
"TestViewFsWithAuthorityLocalFs.java","1098"
"DataOutputByteBuffer.java","608"
"ACCESS3Request.java","1674"
"DebugJobFactory.java","1550"
"NodeUpdateSchedulerEventWrapper.java","1793"
"SwiftInvalidResponseException.java","1675"
"SwiftBadRequestException.java","1675"
"HAServiceProtocolClientSideTranslatorPB.java","596"
"TestPatternFilter.java","1300"
"RetryCacheMetrics.java","677"
"CompressionInputStream.java","630"
"TestStreamingFailure.java","1809"
"TestKerberosUtil.java","54"
"FileBasedKeyStoresFactory.java","727"
"TestFsOptions.java","999"
"MetricsRecords.java","1301"
"ViewFsTestSetup.java","1100"
"TestLocalFSFileContextCreateMkdir.java","931"
"StringInterner.java","760"
"ValueCountReduce.java","1812"
"LoadSplit.java","1506"
"TestBooleanWritable.java","1167"
"TestGangliaContext.java","1300"
"RetriableDirectoryCreateCommand.java","1431"
"CryptoInputStream.java","215"
"DirectDecompressionCodec.java","630"
"TestAzureFileSystemInstrumentation.java","200"
"SwiftTestConstants.java","1736"
"ReflectionUtils.java","758"
"VersionUtil.java","756"
"NetworkTopologyWithNodeGroup.java","703"
"TestConfiguration.java","774"
"Options.java","756"
"LocalFileSystemConfigKeys.java","292"
"S3AFileStatus.java","82"
"TestLineReader.java","1410"
"PipeMapRunner.java","1802"
"CryptoFSDataOutputStream.java","472"
"FSInputStream.java","395"
"AvroTestUtil.java","1167"
"FileContextPermissionBase.java","1035"
"NativeS3FileSystemContractBaseTest.java","91"
"TestS3AContractSeek.java","83"
"TestOptions.java","1410"
"TestNfsTime.java","1674"
"RollingWindowAverage.java","142"
"Compressor.java","630"
"TestIndexedSort.java","1417"
"TestCodecFactory.java","1177"
"ByteArray.java","632"
"MBeans.java","703"
"TestS3NContractSeek.java","83"
"AbstractClusterStory.java","1759"
"TestTableMapping.java","1304"
"TestShellBasedIdMapping.java","1335"
"TestWritableUtils.java","1169"
"TestDataChecksum.java","1405"
"RetryCache.java","676"
"CLITestHelper.java","767"
"ChecksumException.java","472"
"NativeS3Contract.java","83"
"AbstractBondedFSContract.java","1044"
"AbstractFSContractTestBase.java","1048"
"OpensslSecureRandom.java","269"
"TestSwiftFileSystemDirectoriesHdfs2.java","1741"
"FTPInputStream.java","473"
"TestS3AFastOutputStream.java","83"
"TokenMgrError.java","707"
"ClassLoaderCheckThird.java","1410"
"CommonConfigurationKeys.java","409"
"LdapGroupsMapping.java","707"
"Writable.java","611"
"SequentialNumber.java","758"
"RefreshAuthorizationPolicyProtocolPB.java","726"
"TestAzureFileSystemErrorConditions.java","192"
"IdGenerator.java","758"
"SwiftThrottledRequestException.java","1675"
"SwiftFileSystemBaseTest.java","1732"
"Job20LineHistoryEventEmitter.java","1759"
"TestNativeAzureFileSystemMocked.java","197"
"NotInMountpointException.java","532"
"JvmMetrics.java","701"
"MetricsSource.java","693"
"TestTFileByteArrays.java","1211"
"TestDistCpSync.java","1453"
"SwiftRestClient.java","1691"
"WritableRpcEngine.java","669"
"FSWrapper.java","812"
"RackNode.java","1759"
"TestStringInterner.java","1403"
"Nfs3Interface.java","1674"
"RawLocalFileSystem.java","395"
"TestChangeOrgNameAndDomain.java","1674"
"TestS3NContractRootDir.java","83"
"AnnotatedSecurityInfo.java","712"
"DefaultJobPropertiesParser.java","1763"
"LocatedFileStatus.java","397"
"MultipleIOException.java","607"
"UnreliableImplementation.java","1226"
"CopyListingFileStatus.java","1424"
"ConfigBuilder.java","1304"
"MetricGaugeInt.java","695"
"VectorTypeID.java","707"
"TestHelper.java","1060"
"DNSToSwitchMapping.java","703"
"JerseyResource.java","1167"
"TestDumpTypedBytes.java","1823"
"TestSocketFactory.java","1251"
"LocalConfigKeys.java","473"
"TestShutdownThreadsHelper.java","1405"
"TestCodecPool.java","1177"
"Endpoint.java","1675"
"RootDocProcessor.java","1"
"TestFileSystemInitialization.java","1044"
"DelegateToFileSystem.java","471"
"SnapshotCommands.java","485"
"FileSystemTestHelper.java","930"
"TestSaslRPC.java","1261"
"TokenComparator.java","768"
"PseudoDelegationTokenAuthenticationHandler.java","738"
"NfsFileType.java","1674"
"PortmapMapping.java","1674"
"DefaultFailoverProxyProvider.java","646"
"TestWasbFsck.java","197"
"TestHealthMonitor.java","1143"
"FileSystemLinkResolver.java","290"
"HAServiceTarget.java","570"
"PipeMapper.java","1802"
"DelegationTokenAuthenticator.java","754"
"FileContextUtilBase.java","812"
"TestSymlinkLocalFS.java","847"
"SecretManager.java","736"
"ObjectWritable.java","618"
"HttpInputStreamWithRelease.java","1691"
"CLICommandTypes.java","768"
"FileBasedIPList.java","758"
"HarFs.java","269"
"TestRolloverSignerSecretProvider.java","54"
"CodeGenerator.java","707"
"Token.java","736"
"BloomMapFile.java","630"
"TestCacheableIPList.java","1417"
"DistributedCacheEmulator.java","1546"
"Closeable.java","607"
"FailoverProxyProvider.java","646"
"ResourceUsageMatcher.java","1548"
"AtMostOnce.java","646"
"TestFilterFileSystem.java","925"
"JsonObjectMapperWriter.java","1760"
"HAServiceProtocolHelper.java","570"
"TestVLong.java","1200"
"TypedBytesReduceApp.java","1817"
"JavaSerializationComparator.java","649"
"TestLoadBalancingKMSClientProvider.java","795"
"MetricGaugeLong.java","696"
"FilterFs.java","433"
"FastByteComparisons.java","612"
"JavaGenerator.java","707"
"GenericRefreshProtocolClientSideTranslatorPB.java","677"
"MD5MD5CRC32CastagnoliFileChecksum.java","394"
"TestFilePool.java","1549"
"ArrayWritable.java","619"
"MapTaskAttemptInfo.java","1746"
"Outputter.java","1760"
"StatListener.java","1506"
"ChRootedFileSystem.java","532"
"ComparatorData.java","768"
"AcceptAllFilter.java","1739"
"MetricsException.java","693"
"TestDeprecatedKeys.java","774"
"UnreliableInterface.java","1235"
"TestRollingWindowAverage.java","199"
"ExcludePrivateAnnotationsStandardDoclet.java","0"
"HttpRequestLog.java","601"
"Key.java","765"
"CGenerator.java","707"
"TestWeightedRoundRobinMultiplexer.java","1235"
"FileContext.java","394"
"Idempotent.java","646"
"Tool.java","758"
"BoundedRangeFileInputStream.java","639"
"AbstractDelegationTokenIdentifier.java","737"
"MetricsSourceBuilder.java","701"
"ReadRecordFactory.java","1506"
"And.java","487"
"RpcScheduler.java","665"
"DefaultOutputter.java","1761"
"TestReconfiguration.java","774"
"TestJMXJsonServlet.java","1300"
"TestSwiftConfig.java","1728"
"TestStopWatch.java","1410"
"FSINFO3Response.java","1674"
"TestRawlocalContractMkdir.java","1048"
"KeyShell.java","229"
"SecurityUtil.java","719"
"TestAzureConcurrentOutOfBandIo.java","167"
"Daemon.java","758"
"TestTextNonUTF8.java","1169"
"ResourceUsageEmulatorPlugin.java","1548"
"RccTask.java","707"
"SaslRpcServer.java","715"
"CopyOutputFormat.java","1431"
"TestSwiftContractDelete.java","1741"
"HAServiceProtocolServerSideTranslatorPB.java","593"
"S3AInputStream.java","62"
"GlobExpander.java","273"
"S3FileSystem.java","58"
"MetricsTimeVaryingRate.java","692"
"TestCryptoCodec.java","776"
"WordList.java","1762"
"TestSequenceFileSerialization.java","1169"
"TestCopyCommitter.java","1457"
"COMMIT3Response.java","1674"
"READDIR3Response.java","1674"
"TestAuthenticationFilter.java","1323"
"JFloat.java","707"
"TestS3InMemoryFileSystem.java","83"
"TestDefaultStringifier.java","1167"
"TestTFileLzoCodecsStreams.java","1189"
"TestJNIGroupsMapping.java","1335"
"DistCpSync.java","1420"
"ClientBaseWithFixes.java","1138"
"EchoUserResolver.java","1545"
"MsInfo.java","696"
"TestCredentialProviderFactory.java","1335"
"TrApp.java","1812"
"TaskInfo.java","1746"
"AutoInputFormat.java","1802"
"HadoopIllegalArgumentException.java","200"
"KMSAuthenticationFilter.java","1579"
"IndexedSortable.java","762"
"TestGenericWritable.java","1174"
"TestSecureIOUtils.java","1174"
"GetUserMappingsProtocol.java","756"
"PseudoLocalFs.java","1527"
"TestPath.java","1036"
"MutableGauge.java","701"
"RccConstants.java","707"
"SaslPropertiesResolver.java","707"
"TestGraphiteMetrics.java","1304"
"SwiftConfigurationException.java","1675"
"TestReloadingX509TrustManager.java","1361"
"AbstractContractOpenTest.java","1048"
"TestStreamingExitStatus.java","1811"
"ParsedLine.java","1746"
"PageBlobOutputStream.java","131"
"TestFSMainOperationsSwift.java","1736"
"OutputOnlyApp.java","1811"
"CountingBloomFilter.java","765"
"TestSwiftContractMkdir.java","1741"
"PipeMapRed.java","1803"
"SpanReceiverInfoBuilder.java","756"
"StructureGenerator.java","1048"
"LocalFs.java","473"
"MetricsFilter.java","693"
"TFileDumper.java","644"
"ChmodParser.java","473"
"TestTrash.java","844"
"TypedBytesOutputReader.java","1804"
"ValueQueue.java","235"
"CanSetDropBehind.java","290"
"FSExceptionMessages.java","472"
"TestSwiftRestClient.java","1742"
"TestS3NContractDelete.java","83"
"TestViewFileSystemDelegation.java","1060"
"ByteBufferPool.java","607"
"FsAction.java","473"
"IOUtils.java","611"
"TestTFileSeek.java","1200"
"TestUTF8.java","1170"
"TestLog4Json.java","1300"
"SecurityUtilTestHelper.java","1313"
"HAServiceProtocol.java","573"
"MutableCounterInt.java","699"
"TestAltKerberosAuthenticationHandler.java","48"
"AzureFileSystemMetricsSystem.java","142"
"ManualTestKeytabLogins.java","1313"
"SYMLINK3Request.java","1674"
"JCompType.java","707"
"ZKUtil.java","760"
"TestLocalFSContractMkdir.java","1048"
"MoreAsserts.java","1402"
"AzureLinkedStack.java","142"
"TrashPolicyDefault.java","280"
"RpcServerException.java","665"
"RMNodeWrapper.java","1794"
"IntWritable.java","608"
"TestFcCreateMkdirLocalFs.java","1060"
"ObjectStringSerializer.java","1766"
"CREATE3Response.java","1674"
"TestCompressorDecompressor.java","1179"
"MetricsSystemImpl.java","695"
"IdMappingServiceProvider.java","712"
"TestSerializationFactory.java","1235"
"TestRetriableCommand.java","1484"
"AzureException.java","103"
"FileContextURIBase.java","924"
"TestLocalFSContractCreate.java","1048"
"DefaultInputDemuxer.java","1755"
"TestLocalFsFCStatistics.java","995"
"RumenToSLSConverter.java","1777"
"BCFile.java","644"
"DecompressorStream.java","630"
"TestKMS.java","1660"
"StrictBufferedFSInputStream.java","1694"
"IdentityHashStore.java","760"
"FileSystemStore.java","57"
"CredentialShell.java","726"
"PerformanceAdvisory.java","756"
"AbstractMetric.java","693"
"JvmPauseMonitor.java","762"
"TestLocalFileSystem.java","993"
"TestWriteManySmallFiles.java","1742"
"TestS3NContractMkdir.java","83"
"TestRandomTextDataGenerator.java","1557"
"UserName.java","1762"
"TestCryptoStreamsWithOpensslAesCtrCryptoCodec.java","780"
"TestZKFailoverControllerStress.java","1143"
"HAServiceProtocolPB.java","588"
"BloomFilter.java","765"
"RawlocalFSContract.java","1048"
"TestReflectionUtils.java","1405"
"Rcc.java","707"
"InputDemuxer.java","1758"
"CompressDecompressTester.java","1179"
"MetricsLists.java","1304"
"FileChecksum.java","290"
"TestCopyFiles.java","1504"
"MutableRates.java","701"
"TestOsSecureRandom.java","795"
"TestZKSignerSecretProvider.java","54"
"ZlibCompressor.java","632"
"TestHttpServerLifecycle.java","1165"
"TestPseudoLocalFs.java","1548"
"InvalidPathException.java","472"
"FailoverController.java","573"
"TestSortedMapWritable.java","1177"
"MapAttempt20LineHistoryEventEmitter.java","1746"
"TestViewFileSystemDelegationTokenSupport.java","1100"
"S3AScaleTestBase.java","86"
"OpensslAesCtrCryptoCodec.java","212"
"TestLogLevel.java","1300"
"RemoteIterator.java","472"
"TestShutdownHookManager.java","1417"
"TestCredentialProvider.java","1335"
"TestStreamingKeyValue.java","1818"
"SwiftUtils.java","1713"
"Command.java","476"
"DistCpConstants.java","1426"
"PasswordAuthenticationRequest.java","1675"
"TestSwiftObjectPath.java","1732"
"JLong.java","707"
"ClassLoaderCheck.java","1410"
"HttpExceptionUtils.java","765"
"Lz4Decompressor.java","632"
"RegexpAcrossOutputComparator.java","768"
"MetricCounterLong.java","696"
"MergeSort.java","758"
"Text.java","607"
"Wasb.java","131"
"NanoTimer.java","1189"
"TestDistCpViewFs.java","1450"
"FSTestWrapper.java","1044"
"Folder.java","1743"
"MKNOD3Response.java","1674"
"PortmapResponse.java","1674"
"TestHarFileSystem.java","1010"
"ZombieCluster.java","1760"
"RpcInvocationHandler.java","671"
"DynamicBloomFilter.java","765"
"MachineList.java","758"
"TestTFileSeqFileComparison.java","1211"
"PathData.java","478"
"ElasticByteBufferPool.java","607"
"HashFunction.java","765"
"TestStreamJob.java","1811"
"MetricsBufferBuilder.java","693"
"TestKeyProviderCryptoExtension.java","792"
"TestBlobMetadata.java","197"
"AvgRecordFactory.java","1540"
"MutableStat.java","699"
"TotalHeapUsageEmulatorPlugin.java","1548"
"Mkdir.java","484"
"ProtoUtil.java","756"
"KeyProviderExtension.java","231"
"KeyOnlyTextOutputReader.java","1804"
"AvroFSInput.java","472"
"FSCmdExecutor.java","768"
"NodeInfo.java","1792"
"TestNMSimulator.java","1798"
"DfsTask.java","1"
"JvmMetricsInfo.java","701"
"AuthorizationException.java","726"
"StubContext.java","1441"
"LineReader.java","760"
"HasFileDescriptor.java","472"
"TypedBytesRecordOutput.java","1804"
"ParentNotDirectoryException.java","471"
"TestMove.java","1059"
"LifecycleEvent.java","754"
"TestFilterExpression.java","1059"
"TestLightWeightCache.java","1417"
"GenerateData.java","1537"
"ExpressionFactory.java","487"
"AvroSpecificSerialization.java","650"
"TestMetricsCache.java","1304"
"TestGenericsUtil.java","1403"
"S3Exception.java","57"
"IntrusiveCollection.java","758"
"ByteBufferReadable.java","292"
"TestAutoInputFormat.java","1823"
"TestKerberosName.java","54"
"TestSymLink.java","1822"
"TestS3NContractRename.java","83"
"QuickSort.java","760"
"TestDistCpWithXAttrs.java","1442"
"PseudoDelegationTokenAuthenticator.java","745"
"ZKFCProtocol.java","564"
"TestS3ADeleteManyFiles.java","86"
"RpcProgram.java","1674"
"CompressionOutputStream.java","630"
"Metrics.java","693"
"MutableGaugeLong.java","696"
"CLICommand.java","768"
"Portmap.java","1674"
"PureJavaCrc32.java","762"
"SpanReceiverInfo.java","756"
"GroupMappingServiceProvider.java","722"
"TestKeyProviderDelegationTokenExtension.java","788"
"Service.java","754"
"SetFile.java","607"
"KeystoneApiKeyCredentials.java","1675"
"TestFileUtil.java","849"
"ProxyServers.java","726"
"TestServletFilter.java","1166"
"TestSwiftContractRootDir.java","1741"
"TypedBytesWritableInput.java","1804"
"CachingKeyProvider.java","225"
"TestLocal_S3FileContextURI.java","840"
"TestGetFileBlockLocations.java","849"
"TestSnappyCompressorDecompressor.java","1187"
"TestChRootedFs.java","1115"
"VersionInfo.java","760"
"TestViewfsFileStatus.java","1116"
"UserIdentityProvider.java","665"
"TestIntegration.java","1441"
"PseudoAuthenticationHandler.java","12"
"TestDistCacheEmulation.java","1564"
"CopyMethod.java","1691"
"TestWritableName.java","1169"
"EventCounter.java","688"
"TestCodec.java","1187"
"MigrationTool.java","58"
"KeyProviderCryptoExtension.java","227"
"ConfigUtil.java","1301"
"FTPFileSystem.java","473"
"RpcClientUtil.java","662"
"UserResolver.java","1506"
"TestSwitchMapping.java","1304"
"DfsZeroLen.java","1"
"AclCommands.java","485"
"MBeanInfoBuilder.java","695"
"TestPseudoAuthenticationHandler.java","46"
"READ3Response.java","1674"
"ClassName.java","1762"
"TestViewFsConfig.java","1060"
"TestHadoopArchives.java","6"
"TestLz4CompressorDecompressor.java","1187"
"DomainSocketWatcher.java","706"
"PossiblyDecompressedInputStream.java","1759"
"CombinedIPWhiteList.java","758"
"TestUniformSizeInputFormat.java","1481"
"KeyAuthorizationKeyProvider.java","1585"
"TestS3AContractOpen.java","83"
"Syncable.java","296"
"RawBytesInputWriter.java","1804"
"FileQueue.java","1506"
"Delete.java","480"
"TestGSet.java","1403"
"TestSharedFileDescriptorFactory.java","1220"
"Contracts.java","701"
"CREATE3Request.java","1674"
"JobHistoryParserFactory.java","1759"
"ChecksumFileSystem.java","273"
"UniqApp.java","1817"
"Environment.java","1799"
"TestGridmixRecord.java","1557"
"RpcReply.java","1674"
"ErrorMetricUpdater.java","142"
"DummyResourceCalculatorPlugin.java","1578"
"KMSACLs.java","1590"
"TraceAdminProtocol.java","756"
"JobPropertyParser.java","1763"
"TestMD5Hash.java","1175"
"DumpTypedBytes.java","1800"
"ConnectionConfigurator.java","11"
"BlockCompressorStream.java","630"
"TestFrameDecoder.java","1674"
"TestAclCommands.java","1057"
"TestRpcAuthInfo.java","1674"
"NetUtils.java","706"
"DataJoinMapperBase.java","1418"
"JniBasedUnixGroupsNetgroupMapping.java","707"
"GSet.java","758"
"TestRawlocalContractRename.java","1048"
"AuthenticationWrapper.java","1675"
"KerberosAuthenticator.java","9"
"CLITestData.java","768"
"TrAppReduce.java","1818"
"TestReadAndSeekPageBlobAfterWrite.java","166"
"TestScriptBasedMappingWithDependency.java","1304"
"TestDynamicInputFormat.java","1484"
"BinaryComparable.java","611"
"DNSToSwitchMappingWithDependency.java","703"
"PageBlobInputStream.java","103"
"AzureMetricsTestUtil.java","199"
"WccAttr.java","1674"
"JVector.java","707"
"Waitable.java","758"
"PathIOException.java","472"
"TraceAdminProtocolTranslatorPB.java","756"
"TaggedMapOutput.java","1418"
"TestSwiftFileSystemContract.java","1739"
"SwiftNativeFileSystemStore.java","1707"
"Node.java","1760"
"TestDFVariations.java","990"
"UmaskParser.java","473"
"SaslOutputStream.java","712"
"PageBlobFormatHelpers.java","131"
"JField.java","707"
"InMemoryFileSystemStore.java","83"
"Version20LogInterfaceUtils.java","1760"
"TestSLSWebApp.java","1798"
"JarBuilder.java","1801"
"TestS3AContractRootDir.java","83"
"Gridmix.java","1527"
"TestDistCpWithRawXAttrs.java","1446"
"TestINode.java","83"
"ReplayJobFactory.java","1545"
"PathFinder.java","1800"
"TestNodeFencer.java","1126"
"TemporarySocketDirectory.java","1313"
"GridmixSplit.java","1506"
"TypedBytesInput.java","1804"
"TestFsShellReturnCode.java","993"
"TestGetInstances.java","771"
"DfsBaseConditional.java","1"
"CommandFormat.java","480"
"TestRpcCall.java","1674"
"TestFcLocalFsUtil.java","932"
"TestSequenceFile.java","1177"
"LimitInputStream.java","758"
"S3ATestUtils.java","85"
"TestToken.java","1361"
"Record.java","1235"
"JniBasedUnixGroupsMappingWithFallback.java","722"
"TestS3AContractCreate.java","83"
"IdentifierResolver.java","1804"
"JMap.java","707"
"WritableName.java","630"
"ShutdownHookManager.java","758"
"Seekable.java","472"
"FilterInitializer.java","597"
"KeyProvider.java","233"
"InputWriter.java","1804"
"WritableSerialization.java","649"
"DefaultImpersonationProvider.java","726"
"TestHighRamJob.java","1557"
"TestFileArgs.java","1812"
"DeskewedJobTraceReader.java","1746"
"CryptoProtocolVersion.java","212"
"ReadaheadPool.java","630"
"TestFileBasedCopyListing.java","1441"
"TestRawBytesStreaming.java","1816"
"FakeTimer.java","1403"
"RpcMessage.java","1674"
"TestSwiftFileSystemDirectories.java","1739"
"SwiftConnectionClosedException.java","1675"
"AuthenticationToken.java","17"
"TestMiniRPCBenchmark.java","1235"
"TestConfServlet.java","771"
"TestBlobTypeSpeedDifference.java","171"
"CsvRecordInput.java","707"
"FileStatus.java","397"
"AbstractService.java","754"
"TestNetworkTopologyWithNodeGroup.java","1304"
"MetricsSystem.java","693"
"WhitelistBasedResolver.java","721"
"Anonymizer.java","1755"
"ThreadUtil.java","758"
"TestSwiftFileSystemExtendedContract.java","1739"
"ComparatorBase.java","768"
"TestNativeAzureFileSystemFileNameCheck.java","168"
"DefaultStringifier.java","607"
"TestArrayPrimitiveWritable.java","1167"
"RpcInfo.java","1674"
"DUHelper.java","397"
"TimedOutTestsListener.java","1403"
"CompositeContext.java","690"
"HadoopKerberosName.java","722"
"PermissionParser.java","473"
"BaseExpression.java","489"
"TestHardLink.java","1036"
"RawBytesReduceApp.java","1811"
"User.java","1675"
"TestFcMainOperationsLocalFs.java","1062"
"Groups.java","707"
"HttpRequestLogAppender.java","598"
"CommandFactory.java","486"
"TestIdentityHashStore.java","1410"
"BlobMaterialization.java","131"
"Lz4Codec.java","630"
"GETATTR3Request.java","1674"
"AbstractContractDeleteTest.java","1045"
"TestRpcDeniedReply.java","1674"
"TestSwiftContractCreate.java","1741"
"TestPathFilter.java","1161"
"TestKeyShell.java","788"
"KMSWebApp.java","1605"
"JobBuilder.java","1755"
"TestFind.java","1060"
"RpcCall.java","1674"
"UtilTest.java","1817"
"TestApplicationClassLoader.java","1410"
"Errno.java","644"
"CredentialsGSS.java","1674"
"DfsExists.java","1"
"TestLightWeightGSet.java","1404"
"TestFileSystemCaching.java","930"
"MountResponse.java","1674"
"CredentialsNone.java","1674"
"S3Credentials.java","61"
"TestGetGroups.java","1497"
"SwiftAuthenticationFailedException.java","1675"
"PathExistsException.java","468"
"KMSRESTConstants.java","269"
"ParseException.java","707"
"TestContainerChecks.java","164"
"MountInterface.java","1674"
"TestKMSACLs.java","1660"
"TestS3ABlocksize.java","85"
"LogAdapter.java","758"
"TestPortmap.java","1675"
"DummySharedResource.java","1143"
"FairCallQueueMXBean.java","669"
"FsShell.java","296"
"ShellBasedUnixGroupsNetgroupMapping.java","708"
"NativeCrc32.java","763"
"BreakableStateChangeListener.java","1398"
"TaskRunner.java","1793"
"DistTool.java","1495"
"AbstractContractMkdirTest.java","1048"
"RolloverSignerSecretProvider.java","20"
"TestScriptBasedMapping.java","1304"
"TestRawlocalContractDelete.java","1048"
"TestDomainSocketWatcher.java","1313"
"EagerKeyGeneratorKeyProviderCryptoExtension.java","1588"
"SimpleBufferedOutputStream.java","639"
"TestWasbUriAndConfiguration.java","194"
"SampleQuantiles.java","703"
"RetriableCommand.java","1438"
"TestFTPContractRename.java","1048"
"RpcCallCache.java","1674"
"GridmixJob.java","1539"
"SetAttr3.java","1674"
"TestIPC.java","1276"
"TFile.java","639"
"LoggingStateChangeListener.java","754"
"CommonConfigurationKeysPublic.java","472"
"HttpUserGroupInformation.java","747"
"TestActiveStandbyElector.java","1133"
"KerberosUtil.java","22"
"TestResourceUsageEmulators.java","1578"
"FtpConfigKeys.java","473"
"TestZlibCompressorDecompressor.java","1189"
"Find.java","488"
"MetricsConfig.java","696"
"TokenInfo.java","736"
"TestPathExceptions.java","1059"
"TestText.java","1167"
"SaslRpcClient.java","712"
"TestCallQueueManager.java","1251"
"GangliaMetricVisitor.java","701"
"WritableFactory.java","607"
"Duration.java","1707"
"SwiftScaleTestBase.java","1742"
"StreamAggregate.java","1817"
"PipeReducer.java","1802"
"ResponseReceivedMetricUpdater.java","142"
"PathNotFoundException.java","292"
"KeyOnlyTextInputWriter.java","1804"
"UnexpectedServerException.java","671"
"JobMonitor.java","1541"
"MetricsSystemMXBean.java","693"
"TestXDR.java","1674"
"BZip2Constants.java","632"
"TestS3AFileSystemContract.java","83"
"MetaBlockAlreadyExists.java","639"
"SwiftOperationFailedException.java","1675"
"TestSSLFactory.java","1358"
"OpensslCipher.java","209"
"Bzip2Factory.java","632"
"DefaultRumenSerializer.java","1765"
"HeapSort.java","762"
"DefaultAnonymizableDataType.java","1762"
"BandwidthGaugeUpdater.java","142"
"TestSSLHttpServer.java","1156"
"StorageInterfaceImpl.java","142"
"InvalidRequestException.java","472"
"CallQueueManager.java","663"
"TestMetricsCollectorImpl.java","1301"
"TestServiceLifecycle.java","1398"
"FifoSchedulerMetrics.java","1793"
"UTF8.java","606"
"TestAuthToken.java","54"
"MetricsDynamicMBeanBase.java","693"
"CopyCommitter.java","1431"
"MetricsRecordBuilderImpl.java","696"
"CommandExecutor.java","768"
"TestStreamingStatus.java","1815"
"TestProxyUsers.java","1342"
"TestAuthenticationToken.java","54"
"AuthenticationResponse.java","1675"
"BatchedRemoteIterator.java","472"
"ReduceTaskAttemptInfo.java","1746"
"TestSLSRunner.java","1797"
"CryptoOutputStream.java","210"
"OutputRecord.java","688"
"BinaryRecordInput.java","707"
"MiniRPCBenchmark.java","1254"
"TestNetgroupCache.java","1332"
"WRITE3Response.java","1674"
"CanUnbuffer.java","394"
"Schedulable.java","671"
"TestCommandFactory.java","1057"
"PartialListing.java","100"
"WordListAnonymizerUtility.java","1762"
"LossyRetryInvocationHandler.java","648"
"FileSystemTestWrapper.java","1009"
"TestSequenceFileSync.java","1169"
"RpcDeniedReply.java","1674"
"Test.java","484"
"CloseableReferenceCount.java","758"
"TestLocalFSContractAppend.java","1048"
"TestTextCommand.java","1057"
"TestSampleStat.java","1304"
"TestFsShell.java","991"
"TestDiskChecker.java","1406"
"FenceMethod.java","559"
"LoggedTaskAttempt.java","1746"
"TestMultipleCachefiles.java","1809"
"NoCacheFilter.java","597"
"CopyMapper.java","1431"
"TestSleepJob.java","1550"
"MetricsBuffer.java","696"
"AbstractContractRootDirectoryTest.java","1048"
"TestSecurityUtil.java","1335"
"NativeCodeLoader.java","760"
"InterfaceStability.java","0"
"DefaultAnonymizingRumenSerializer.java","1764"
"TestArrayWritable.java","1169"
"TypedBytesWritable.java","1804"
"StreamPumper.java","559"
"TestJaasConfiguration.java","54"
"TestInterns.java","1304"
"AbstractContractSeekTest.java","1044"
"DataType.java","1762"
"BloomFilterCommonTester.java","1417"
"GridmixKey.java","1507"
"JobConfigurationParser.java","1762"
"MetricsRegistry.java","699"
"TestV2LsOperations.java","1742"
"CBZip2OutputStream.java","632"
"TestS3_LocalFileContextURI.java","932"
"TestNativeCodeLoader.java","1410"
"PATHCONF3Response.java","1674"
"MetricsInfoImpl.java","699"
"TypedBytesWritableOutput.java","1804"
"NativeIOException.java","646"
"MetricGaugeDouble.java","696"
"GetUserMappingsProtocolClientSideTranslatorPB.java","756"
"TestMachineList.java","1403"
"TestKeyAuthorizationKeyProvider.java","1668"
"KeyProviderFactory.java","233"
"NFS3Request.java","1674"
"TestAuthenticatedURL.java","26"
"TestNativeAzureFileSystemOperationsMocked.java","158"
"FsConstants.java","296"
"Bzip2Decompressor.java","632"
"TestFileContextResolveAfs.java","841"
"DelegationTokenManager.java","738"
"SampleTaggedMapOutput.java","1420"
"DelegationTokenIdentifier.java","754"
"DefaultCodec.java","630"
"TestRetriableFileCopyCommand.java","1453"
"TestSLSUtils.java","1798"
"AuthenticationRequestWrapper.java","1675"
"TestStreamXmlMultipleRecords.java","1823"
"Client.java","676"
"WhoClient.java","57"
"Stringifier.java","607"
"TestCredShell.java","1335"
"GenericRefreshProtocol.java","665"
"TestAccessControlList.java","1341"
"TestStreamXmlRecordReader.java","1823"
"TestViewFsURIs.java","1060"
"SampleDataJoinMapper.java","1418"
"GzipCodec.java","630"
"TestClassUtil.java","1410"
"KMSJSONReader.java","1589"
"RequestWithHandle.java","1674"
"Interns.java","699"
"RegexpComparator.java","768"
"RemoteException.java","666"
"ReconfigurableBase.java","205"
"CoreTestDriver.java","1402"
"GlobbedCopyListing.java","1426"
"ImpersonationProvider.java","726"
"InMemoryNativeFileSystemStore.java","86"
"TestRandomSeedGenerator.java","1772"
"LongWritable.java","607"
"TestDNS.java","1304"
"SocksSocketFactory.java","704"
"S3AContract.java","83"
"RequestLoggerFilter.java","55"
"TestTaskRunner.java","1798"
"InMemoryBlockBlobStore.java","158"
"FSLinkResolver.java","278"
"MetricsRecordFiltered.java","696"
"LoggedNetworkTopology.java","1746"
"TestRestClientBindings.java","1742"
"BuiltInGzipDecompressor.java","632"
"TestOutOfBandAzureBlobOperationsLive.java","166"
"SocketOutputStream.java","704"
"CDFPiecewiseLinearRandomGenerator.java","1761"
"LoadGenerator.java","1055"
"TestDataJoin.java","1420"
"ReconfigurationTaskStatus.java","200"
"TestViewFsLocalFs.java","1100"
"AzureNativeFileSystemStore.java","130"
"SelfRenewingLease.java","131"
"TestCryptoStreams.java","776"
"TestLocalFSFileContextMainOperations.java","926"
"TestWhitelistBasedResolver.java","1335"
"LoggedTask.java","1760"
"FtpFs.java","472"
"TestFcLocalFsPermission.java","933"
"CreateFlag.java","472"
"DurationStats.java","1707"
"ParsedTask.java","1758"
"SecureIOUtils.java","611"
"MetricsConfigException.java","693"
"TaskAttempt20LineEventEmitter.java","1760"
"ReconfigurationServlet.java","205"
"HadoopStreaming.java","1802"
"CRC.java","632"
"HtmlQuoting.java","601"
"DynamicInputFormat.java","1436"
"Histogram.java","1746"
"RandomTextDataGenerator.java","1506"
"ReloadingX509TrustManager.java","730"
"FSError.java","300"
"RpcDetailedMetrics.java","677"
"MD5Hash.java","630"
"NoEmitMetricsContext.java","690"
"TestKMSWithZK.java","1672"
"MetricsBase.java","690"
"CompressionCodec.java","630"
"TestSwiftFileSystemBlocksize.java","1713"
"JobConfPropertyNames.java","1755"
"SimpleKeyProvider.java","131"
"TestCount.java","1057"
"FileSystem.java","456"
"RetryProxy.java","646"
"ScriptBasedMappingWithDependency.java","703"
"TestGridmixMemoryEmulation.java","1572"
"CBZip2InputStream.java","632"
"IdMappingConstant.java","712"
"TestMultipleProtocolServer.java","1278"
"ExcludePrivateAnnotationsJDiffDoclet.java","0"
"SinkQueue.java","695"
"BZip2DummyCompressor.java","632"
"SwiftNativeInputStream.java","1694"
"MoveCommands.java","485"
"TestStat.java","992"
"TestEnumSetWritable.java","1175"
"GetUserMappingsProtocolPB.java","756"
"TestLocalFileSystemPermission.java","1044"
"Shell.java","760"
"TestNfsExports.java","1674"
"TestExternalCall.java","1445"
"RefreshCallQueueProtocolClientSideTranslatorPB.java","677"
"FsShellPermissions.java","468"
"InputBuffer.java","611"
"TestDelegationTokenRenewer.java","999"
"RpcClientException.java","665"
"TestBloomMapFile.java","1167"
"BlockDecompressorStream.java","630"
"DelegationKey.java","736"
"RetouchedBloomFilter.java","765"
"ServiceOperations.java","754"
"HadoopArchives.java","4"
"KMSConfiguration.java","1579"
"SYMLINK3Response.java","1674"
"TestNativeAzureFSPageBlobLive.java","142"
"DynamicInputChunk.java","1434"
"TestSeek.java","1739"
"BreakableService.java","1398"
"TestIname.java","1060"
"TestObjectWritableProtos.java","1169"
"InputStriper.java","1546"
"PathIsDirectoryException.java","409"
"AbstractDNSToSwitchMapping.java","703"
"FileContextTestWrapper.java","840"
"Encryptor.java","215"
"MetricsSinkAdapter.java","696"
"TraceAdmin.java","756"
"SshFenceByTcpPort.java","574"
"RpcMetrics.java","677"
"RegexFilter.java","693"
"TestRawlocalContractCreate.java","1048"
"NativeLibraryChecker.java","762"
"PortmapRequest.java","1674"
"Jets3tFileSystemStore.java","61"
"SnappyDecompressor.java","632"
"TestTimedOutTestsListener.java","1402"
"TestFTPContractMkdir.java","1048"
"ZKDelegationTokenSecretManager.java","737"
"KerberosSecurityTestcase.java","1674"
"NfsExports.java","1674"
"TestXAttrCommands.java","1059"
"TestRetryProxy.java","1221"
"AuthenticationRequest.java","1675"
"Deserializer.java","648"
"TestTypedBytesWritable.java","1823"
"ShellBasedIdMapping.java","715"
"TestCompressionEmulationUtils.java","1557"
"SharedFileDescriptorFactory.java","646"
"TestCryptoStreamsNormal.java","780"
"ReadOption.java","395"
"ProtocolMetaInfoPB.java","663"
"ApiKeyCredentials.java","1675"
"Consts.java","707"
"ServiceStateChangeListener.java","754"
"TestName.java","1060"
"TestUserFromEnv.java","1323"
"MetricGaugeFloat.java","696"
"SimpleTcpClientHandler.java","1674"
"UnresolvedLinkException.java","300"
"TestLogResources.java","1741"
"RpcEngine.java","662"
"Progressable.java","758"
"TestStaticUserWebFilter.java","1167"
"TestBoundedByteArrayOutputStream.java","1170"
"ShellDecryptionKeyProvider.java","100"
"AuthenticatorTestCase.java","28"
"FsUrlConnection.java","292"
"RpcException.java","669"
"SwiftObjectPath.java","1713"
"AbstractPatternFilter.java","693"
"TestAvroFSInput.java","932"
"Stat.java","476"
"TestStreamDataProtocol.java","1813"
"Index.java","707"
"TestMetricsServlet.java","1300"
"AdminAuthorizedServlet.java","601"
"DefaultMetricsFactory.java","701"
"KMSExceptionsProvider.java","1578"
"SwiftProtocolConstants.java","1691"
"Expression.java","487"
"RefreshRegistry.java","663"
"Servers.java","703"
"TestBlockLocation.java","931"
"AnonymousAWSCredentialsProvider.java","62"
"MBeanUtil.java","692"
"TestZKUtil.java","1410"
"TestS3Credentials.java","83"
"Nfs3FileAttributes.java","1674"
"S3FileSystemException.java","58"
"ZlibDecompressor.java","632"
"TestOutOfBandAzureBlobOperations.java","158"
"LoggedDiscreteCDF.java","1746"
"StreamKeyValUtil.java","1803"
"TestChunkedArrayList.java","1403"
"Count.java","485"
"TestFileSink.java","1304"
"FloatWritable.java","607"
"DataAnonymizer.java","1762"
"UnsupportedFileSystemException.java","395"
"WritableUtils.java","607"
"SerializationFactory.java","649"
"JniBasedUnixGroupsNetgroupMappingWithFallback.java","712"
"TestViewFileSystemWithAuthorityLocalFileSystem.java","1100"
"TestSwiftContractRename.java","1741"
"CodeBuffer.java","707"
"TestFileStatus.java","931"
"ProviderUtils.java","715"
"CryptoStreamsTestBase.java","777"
"TestMultithreadedTestUtil.java","1398"
"JobTraceReader.java","1746"
"TestLocalFSContractDelete.java","1048"
"Name.java","489"
"ZKFCTestUtil.java","1143"
"MetricsCache.java","701"
"TestSignalLogger.java","1403"
"JobHistoryUtils.java","1759"
"RetryUtils.java","648"
"TestCompressorStream.java","1187"
"TestGlobalStateChangeListener.java","1398"
"SecurityHandler.java","1674"
"TestKeyOnlyTextOutputReader.java","1823"
"MockStorageInterface.java","161"
"RetriableException.java","662"
"MetricsCollector.java","693"
"WccData.java","1674"
"DurationStatsTable.java","1713"
"TestSshFenceByTcpPort.java","1143"
"AbstractContractAppendTest.java","1048"
"ConfServlet.java","201"
"ParsedTaskAttempt.java","1746"
"CsvRecordOutput.java","707"
"TestRawLocalContractUnderlyingFileBehavior.java","1048"
"LogLevel.java","685"
"BasicAWSCredentialsProvider.java","62"
"DirectBufferPool.java","760"
"AccessControlList.java","726"
"MountEntry.java","1674"
"TestDelegateToFileSystem.java","1044"
"SerializationTestUtil.java","1235"
"TestReadPastBuffer.java","1739"
"ReconfigurationUtil.java","205"
"AbstractDelegationTokenSelector.java","737"
"XAttrSetFlag.java","292"
"ProgramDriver.java","760"
"PathPermissionException.java","472"
"PolicyProvider.java","726"
"TestTFileStreams.java","1212"
"DataJoinJob.java","1418"
"TestNativeAzureFileSystemMetricsSystem.java","199"
"FsPermission.java","473"
"BytesWritable.java","630"
"KerberosInfo.java","707"
"FileContextMainOperationsBaseTest.java","990"
"READLINK3Response.java","1674"
"TestFTPContractDelete.java","1048"
"NMSimulator.java","1792"
"SingleEventEmitter.java","1746"
"KeyProviderDelegationTokenExtension.java","233"
"FCStatisticsBaseTest.java","1037"
"TestUGIWithExternalKdc.java","1313"
"TestStringUtils.java","1410"
"SwiftFileStatus.java","1692"
"JobProperties.java","1762"
"AclEntry.java","473"
"InterfaceAudience.java","0"
"MiniKMS.java","1605"
"LOOKUP3Response.java","1674"
"CumulativeCpuUsageEmulatorPlugin.java","1548"
"RpcProgramPortmap.java","1674"
"TestStreamingOutputKeyValueTypes.java","1812"
"RetryPolicy.java","646"
"TestAnd.java","1060"
"ClassLoaderCheckSecond.java","1403"
"READDIRPLUS3Response.java","1674"
"TestTraceUtils.java","1403"
"JceAesCtrCryptoCodec.java","209"
"KerberosTestUtils.java","23"
"TestProgress.java","1403"
"TestClusterTopology.java","1304"
"TestHttpCookieFlag.java","1159"
"GetUserMappingsProtocolServerSideTranslatorPB.java","756"
"AltKerberosAuthenticationHandler.java","13"
"TestS3NContractCreate.java","83"
"TestMapWritable.java","1169"
"AsyncDiskService.java","760"
"TopologyBuilder.java","1759"
"NfsTime.java","1674"
"Configured.java","205"
"RawComparator.java","630"
"BinaryRecordOutput.java","706"
"ProtobufRpcEngine.java","671"
"ServicePlugin.java","758"
"CryptoStreamUtils.java","205"
"package-info.java","1755"
"SubmitterUserResolver.java","1540"
"AbstractFileSystem.java","409"
"AnonymizableDataType.java","1762"
"HttpConfig.java","596"
"LINK3Request.java","1674"
"MiniKdc.java","1674"
"RefreshHandler.java","676"
"TestHttpRequestLog.java","1164"
"TestKeyProvider.java","781"
"Metric.java","693"
"TestContentSummary.java","808"
"StreamBaseRecordReader.java","1801"
"S3NativeFileSystemConfigKeys.java","83"
"TestOptionsParser.java","1446"
"TestKMSAudit.java","1605"
"ClusterSummarizer.java","1540"
"StandbyException.java","668"
"MapReduceJobPropertiesParser.java","1763"
"AbstractMapWritable.java","607"
"Classpath.java","760"
"DelayEchoApp.java","1814"
"TraceAdminProtocolPB.java","756"
"DirectoryListingStartAfterNotFoundException.java","396"
"FTPContract.java","1048"
"TestViewFsTrash.java","1098"
"TestDistCpUtils.java","1485"
"DebugJobProducer.java","1549"
"TestSigner.java","54"
"SnappyCodec.java","630"
"RemoveScheme.java","765"
"TestSampleQuantiles.java","1304"
"TestTFile.java","1196"
"TestNativeAzureFileSystemContractMocked.java","197"
"TestClasspath.java","1403"
"HttpServer.java","601"
"TestFcPermissionsLocalFs.java","1116"
"BoundedByteArrayOutputStream.java","608"
"FileHandle.java","1674"
"HadoopLogsAnalyzer.java","1752"
"GangliaSink31.java","701"
"TestDataByteBuffers.java","1177"
"TypedBytesRecordInput.java","1804"
"NullContextWithUpdateThread.java","688"
"TestProtoUtil.java","1410"
"TestDistCpWithAcls.java","1443"
"TestSwiftFileSystemLsOperations.java","1738"
"TraceBuilder.java","1758"
"TestUnconsumedInput.java","1820"
"AclUtil.java","473"
"RecordOutput.java","707"
"TestCopy.java","1057"
"KMSClientProvider.java","250"
"Hadoop20JHParser.java","1743"
"RetryInvocationHandler.java","648"
"MutableQuantiles.java","699"
"TestPiecewiseLinearInterpolation.java","1772"
"DeflateCodec.java","630"
"MutableGaugeInt.java","696"
"UnitTestcaseTimeLimit.java","1398"
"GenericRefreshProtocolServerSideTranslatorPB.java","677"
"ServiceAssert.java","1398"
"TestShell.java","1417"
"AvroReflectSerializable.java","650"
"TestRpcAcceptedReply.java","1674"
"TestGangliaSink.java","1304"
"SwiftException.java","1675"
"SnappyCompressor.java","632"
"ServiceStateModel.java","754"
"TestMetricsSourceAdapter.java","1301"
"TestDelegationTokenAuthenticationHandlerWithMocks.java","1382"
"JenkinsHash.java","765"
"TestCopyPreserveFlag.java","1059"
"LogRecordType.java","1760"
"READDIR3Request.java","1674"
"DataGenerator.java","1057"
"VersionInfoMojo.java","1673"
"TestCommandFormat.java","932"
"TestFTPContractOpen.java","1048"
"TestLogalyzer.java","1499"
"StopWatch.java","760"
"SwiftInternalStateException.java","1675"
"TestCredentials.java","1335"
"SwiftNativeFileSystem.java","1694"
"CredentialProviderFactory.java","722"
"ScopedAclEntries.java","473"
"TestSetFile.java","1169"
"Serializer.java","649"
"ProtocolTranslator.java","665"
"JString.java","707"
"DiskChecker.java","756"
"SelfThrottlingIntercept.java","103"
"ZeroCopyUnavailableException.java","472"
"SETATTR3Response.java","1674"
"IntermediateRecordFactory.java","1506"
"FsStatus.java","472"
"MetricsRecordImpl.java","693"
"MetricsInfo.java","693"
"SymlinkBaseTest.java","910"
"WeightedRoundRobinMultiplexer.java","665"
"StatePool.java","1770"
"HardLink.java","292"
"NetgroupCache.java","722"
"DataOutputBuffer.java","618"
"S3AFastOutputStream.java","82"
"AclStatus.java","473"
"StandardSocketFactory.java","706"
"TestHttpServerWebapps.java","1153"
"TestCopyListing.java","1447"
"DF.java","273"
"DeepInequalityException.java","1746"
"MethodMetric.java","699"
"NativeIO.java","646"
"FilterContainer.java","596"
"FsServerDefaults.java","300"
"TestUserGroupInformation.java","1332"
"RefreshUserMappingsProtocolServerSideTranslatorPB.java","726"
"KeyStoreTestUtil.java","1350"
"DeserializerComparator.java","648"
"ZKFCProtocolClientSideTranslatorPB.java","589"
"TestAcl.java","1057"
"TraceUtils.java","756"
"FsUsage.java","473"
"ViewFsBaseTest.java","1098"
"RMDIR3Response.java","1674"
"RPCCallBenchmark.java","1284"
"FTPException.java","472"
"Utils.java","707"
"RPC.java","665"
"DistCpOptionSwitch.java","1429"
"TestHttpServer.java","1164"
"RecordComparator.java","707"
"TestHarFileSystemBasics.java","1012"
"Logalyzer.java","1495"
"Type.java","1804"
"TestTruncatedInputBug.java","933"
"TestZKFailoverController.java","1125"
"TestOutputRecord.java","1300"
"StderrApp.java","1817"
"Authenticator.java","6"
"AbstractMetricsContext.java","690"
"RandomDatum.java","1177"
"OutputReader.java","1804"
"CommonJobTest.java","1552"
"ProtocolSignature.java","662"
"RefreshUserMappingsProtocolClientSideTranslatorPB.java","726"
"RawLocalFs.java","473"
"ZKFCProtocolServerSideTranslatorPB.java","595"
"SampleDataJoinReducer.java","1420"
"DomainSocket.java","706"
"JType.java","707"
"AMSimulator.java","1790"
"TestResult.java","1060"
"Block.java","58"
"FSINFO3Request.java","1674"
"TestNativeAzureFileSystemContractLive.java","167"
"AbstractGangliaSink.java","701"
"TestBlobDataValidation.java","195"
"COMMIT3Request.java","1674"
"Truncate.java","481"
"AuthenticationHandler.java","17"
"ContentSummary.java","292"
"TestMetricsConfig.java","1304"
"GlobPattern.java","290"
"VLongWritable.java","607"
"CodecPool.java","630"
"SimpleCopyListing.java","1423"
"AclEntryType.java","473"
"DistCp.java","1429"
"PathAccessDeniedException.java","410"
"TestStreamingCounters.java","1809"
"JavaSerialization.java","649"
"CompressedWritable.java","607"
"KeyStoneAuthRequest.java","1675"
"TestCopyOutputFormat.java","1480"
"SysSecurityHandler.java","1674"
"State.java","1767"
"VersionedProtocol.java","662"
"LightWeightGSet.java","758"
"REMOVE3Response.java","1674"
"BooleanWritable.java","608"
"TestRunJar.java","1417"
"TestStreamingCombiner.java","1815"
"CppGenerator.java","707"
"Progressive.java","1546"
"ServiceAuthorizationManager.java","726"
"TestFTPContractCreate.java","1048"
"TestFileHandle.java","1674"
"S3AOutputStream.java","83"
"Statistics.java","1547"
"TestThrottledInputStream.java","1484"
"TestSwiftFileSystemDelete.java","1732"
"BlockingSerializer.java","1767"
"TestAfsCheckPath.java","1009"
"TestOpensslSecureRandom.java","795"
"MetricsRecordBuilder.java","693"
"UserGroupInformation.java","709"
"SSLHostnameVerifier.java","727"
"TestJUnitSetup.java","1403"
"SplitCompressionInputStream.java","630"
"READLINK3Request.java","1674"
"WritableComparable.java","608"
"RandomAlgorithms.java","1506"
"TestSwiftFileSystemConcurrency.java","1737"
"TestNativeCrc32.java","1417"
"MetricsSourceAdapter.java","696"
"ActiveStandbyElector.java","559"
"TestRPCCallBenchmark.java","1235"
"RpcNoSuchProtocolException.java","676"
"GangliaConf.java","701"
"DistCpUtils.java","1439"
"KerberosDelegationTokenAuthenticationHandler.java","745"
"TestPrint.java","1059"
"Touchz.java","479"
"Credentials.java","1674"
"TestFileSystemCanonicalization.java","1021"
"Catalog.java","1675"
"TestRawlocalContractOpen.java","1048"
"Serialization.java","649"
"MockitoMaker.java","1398"
"TestGzipInput.java","1815"
"TestSymlinkLocalFSFileSystem.java","933"
"Timer.java","1202"
"BufferedFSInputStream.java","289"
"ClientCache.java","662"
"TestRandomAlgorithm.java","1557"
"DistCpTestUtils.java","1484"
"CommandUtils.java","478"
"TokenIdentifier.java","736"
"ProtocolMetaInterface.java","662"
"TestDistCh.java","1498"
"Print.java","487"
"TestHtmlQuoting.java","1156"
"PasswordCredentials.java","1675"
"FSSTAT3Response.java","1674"
"TestNativeIO.java","1220"
"AbstractContractCreateTest.java","1045"
"TestServer.java","1300"
"FileSink.java","701"
"TestHttpRequestLogAppender.java","1159"
"ByteBufferUtil.java","472"
"TestGlobbedCopyListing.java","1441"
"HttpServerFunctionalTest.java","1160"
"DynamicRecordReader.java","1438"
"MutableMetric.java","699"
"DfsIsDir.java","1"
"TestOpensslCipher.java","780"
"TestServiceAuthorization.java","1341"
"TestViewFileSystemLocalFileSystem.java","1060"
"TestS3AContractDelete.java","83"
"HistoryEventEmitter.java","1760"
"SocketInputStream.java","703"
"FileMetadata.java","100"
"FileBasedCopyListing.java","1426"
"ArrayPrimitiveWritable.java","607"
"WRITE3Request.java","1674"
"HistogramRawTestData.java","1772"
"ContractTestUtils.java","1047"
"TestKeyProviderFactory.java","789"
"ACCESS3Response.java","1674"
"CachedDNSToSwitchMapping.java","706"
"DataJoinReducerBase.java","1418"
"IncludePublicAnnotationsStandardDoclet.java","0"
"ApplicationClassLoader.java","758"
"RpcAcceptedReply.java","1674"
"TestIdentityProviders.java","1300"
"RpcConstants.java","665"
"LoggedJob.java","1760"
"TestSwiftFileSystemRename.java","1739"
"ParsedHost.java","1755"
"ConnectTimeoutException.java","703"
"RetriableFileCopyCommand.java","1431"
"RandomDistribution.java","1213"
"TestDistCpSystem.java","1441"
"SplittableCompressionCodec.java","630"
"TestTFileJClassComparatorByteArrays.java","1189"
"TestInMemoryS3FileSystemContract.java","83"
"MockitoUtil.java","1398"
"TestMutableMetrics.java","1304"
"DataChecksum.java","756"
"ZombieJob.java","1759"
"TestJarFinder.java","1403"
"FindOptions.java","488"
"AbstractContractRenameTest.java","1045"
"JobCreator.java","1506"
"TestRPC.java","1300"
"MountdBase.java","1674"
"TestGridMixClasses.java","1569"
"ZKFCRpcServer.java","567"
"TestS3AConfiguration.java","84"
"TestStreamAggregate.java","1817"
"TestLoadTypedBytes.java","1821"
"ResourceSchedulerWrapper.java","1793"
"JavaKeyStoreProvider.java","726"
"ProtocMojo.java","1672"
"Compression.java","639"
"TestFileSignerSecretProvider.java","54"
"MKDIR3Response.java","1674"
"SwiftUnsupportedFeatureException.java","1675"
"GenericTestUtils.java","1403"
"ZKFCProtocolPB.java","589"
"TestStreamReduceNone.java","1821"
"TestMetricsRegistry.java","1304"
"CopyCommands.java","484"
"CommandWithDestination.java","485"
"TableMapping.java","706"
"StateDeserializer.java","1768"
"TestFileContextDeleteOnExit.java","1001"
"SwiftConnectionException.java","1675"
"RENAME3Request.java","1674"
"TestMRFramework.java","1812"
"S3InputStream.java","57"
"DefaultMetricsSystem.java","701"
"StabilityOptions.java","0"
"ExitUtil.java","762"
"KMSJMXServlet.java","1588"
"StreamInputFormat.java","1801"
"PathIsNotEmptyDirectoryException.java","292"
"TestHash.java","1417"
"LINK3Response.java","1674"
"AbstractMetricsRecord.java","695"
"SortedMapWritable.java","607"
"SwiftTestUtils.java","1712"
"ZombieJobProducer.java","1746"
"ResetableIterator.java","1418"
"StaticUserWebFilter.java","602"
"CredentialsSys.java","1674"
"TestInMemoryNativeS3FileSystemContract.java","86"
"CipherOption.java","215"
"SpanReceiverHost.java","756"
"LoggedSingleRelativeRanking.java","1746"
"RefreshAuthorizationPolicyProtocol.java","726"
"TestRPCWaitForProxy.java","1276"
"GangliaSink30.java","701"
"Buffer.java","707"
"MutableRate.java","699"
"KMSMDCFilter.java","1579"
"ArrayFile.java","607"
"RefreshUserMappingsProtocol.java","707"
"TestWinUtils.java","1417"
"TestMiniKdc.java","1674"
"TestRawlocalContractSeek.java","1048"
"SetReplication.java","478"
"ShutdownThreadsHelper.java","765"
"TestChildReaper.java","1417"
"TestCompositeService.java","1398"
"MetricsServlet.java","685"
"TestMetricsSystemImpl.java","1302"
"MetricsCollectorImpl.java","695"
"TestJvmMetrics.java","1304"
"Nfs3Status.java","1674"
"AvroReflectSerialization.java","650"
"TestBloomFilters.java","1417"
"DiffInfo.java","1429"
"MetricsTimeVaryingLong.java","690"
"FSInputChecker.java","410"
"Tenant.java","1675"
"EnumSetWritable.java","619"
"ViewFs.java","532"
"TextInputWriter.java","1804"
"S3AFileSystem.java","74"
"ClusterStory.java","1746"
"TestWritableSerialization.java","1235"
"PathFilter.java","472"
"FileSystemContractBaseTest.java","808"
"MKDIR3Request.java","1674"
"TestProxyServers.java","1335"
"Jets3tNativeFileSystemStore.java","83"
"Result.java","486"
"TwoDArrayWritable.java","614"
"DummyHAService.java","1126"
"TestRetryCacheMetrics.java","1284"
"MetricsRecord.java","693"
"ClassWithNoPackage.java","1804"
"Jets3tNativeS3FileSystemContractTest.java","86"
"UserProvider.java","726"
"S3FileSystemConfigKeys.java","58"
"ResourceUsageMetrics.java","1746"
"BlockLocation.java","397"
"OutputBuffer.java","611"
"JFile.java","707"
"Constants.java","532"
"CLICommandFS.java","768"
"JByte.java","707"
"TestDelegationToken.java","1373"
"LoadBalancingKMSClientProvider.java","269"
"TestGangliaMetrics.java","1300"
"DU.java","395"
"TestConfigurationFieldsBase.java","772"
"CompositeService.java","754"
"Trash.java","397"
"JInt.java","707"
"ZKFailoverController.java","588"
"MurmurHash.java","765"
"TestLdapGroupsMapping.java","1335"
"TestNativeAzureFileSystemContractEmulator.java","156"
"TestDoAsEffectiveUser.java","1323"
"WritableComparator.java","611"
"ConcatenatedInputFilesDemuxer.java","1770"
"SyncableDataOutputStream.java","142"
"MetricsIntValue.java","692"
"TestMapFile.java","1169"
"ScriptBasedMapping.java","703"
"NetUtilsTestResolver.java","1335"
"StreamXmlRecordReader.java","1802"
"SwiftObjectFileStatus.java","1694"
"Hash.java","765"
"FairCallQueue.java","665"
"PipeCombiner.java","1803"
"AesCtrCryptoCodec.java","210"
"TestDirectBufferPool.java","1403"
"VersionedWritable.java","608"
"FailApp.java","1817"
"AuthenticationException.java","6"
"ProtobufHelper.java","665"
"RpcUtil.java","1674"
"LoggedLocation.java","1755"
"MetricsUtil.java","688"
"SerialJobFactory.java","1517"
"MetricsVisitor.java","693"
"AuthenticatedURL.java","11"
"NativeAzureFileSystemBaseTest.java","190"
"UTF8ByteArrayUtils.java","762"
"RpcMultiplexer.java","662"
"TestDelegationTokenManager.java","1382"
"TestListFiles.java","1014"
"TestFileSystemTokens.java","1021"
"ArrayListBackedIterator.java","1418"
"StreamJob.java","1799"
"MiniZKFCCluster.java","1143"
"PureJavaCrc32C.java","756"
"ChRootedFs.java","509"
"TestIPCServerResponder.java","1281"
"FailoverFailedException.java","560"
"FileContextTestHelper.java","805"
"TestStreamingSeparator.java","1810"
"Pre21JobHistoryConstants.java","1759"
"TestProtoBufRpc.java","1279"
"GenericsUtil.java","756"
"GenericRefreshProtocolPB.java","677"
"TestSwiftFileSystemBlockLocation.java","1736"
"JobHistoryParser.java","1746"
"HAAdmin.java","564"
"HttpBodyContent.java","1691"
"AuthToken.java","22"
"HealthMonitor.java","575"
"TestFTPFileSystem.java","1048"
"KMS.java","1605"
"ReduceAttempt20LineHistoryEventEmitter.java","1761"
"TaskAttemptInfo.java","1759"
"PriorityQueue.java","756"
"TestRPCCompatibility.java","1251"
"TestKerberosAuthenticationHandler.java","54"
"TestNativeLibraryChecker.java","1403"
"Nfs3Constant.java","1674"
"PermissionStatus.java","473"
"TestSwiftFileSystemRead.java","1739"
"MultithreadedTestUtil.java","1403"
"Jets3tS3FileSystemContractTest.java","83"
"TestGlobalFilter.java","1165"
"KeyStoresFactory.java","727"
"FSDataOutputStream.java","291"
"KerberosName.java","20"
"S3OutputStream.java","58"
"DoNotPool.java","630"
"SendRequestIntercept.java","100"
"TestLoadJob.java","1548"
"TestCredentialsSys.java","1674"
"ProtocolMetaInfoServerSideTranslatorPB.java","676"
"TestSwiftFileSystemPartitionedUploads.java","1741"
"TestNativeAzureFileSystemUploadLogic.java","197"
"RefreshResponse.java","676"
"ServiceStateException.java","754"
"NetworkTopology.java","703"
"ChecksumFs.java","311"
"Progress.java","758"
"RefreshAuthorizationPolicyProtocolServerSideTranslatorPB.java","726"
"ExactComparator.java","768"
"SignerSecretProvider.java","20"
"CDFRandomGenerator.java","1755"
"LocalFileSystem.java","288"
"Util.java","688"
"JobStory.java","1760"
"GetGroupsTestBase.java","1403"
"SSLFactory.java","733"
"PATHCONF3Request.java","1674"
"XmlRecordInput.java","707"
"JRecord.java","707"
"Time.java","760"
"StringSignerSecretProvider.java","54"
"RunJar.java","763"
"JobName.java","1762"
"StaticMapping.java","1304"
"TestHAAdmin.java","1143"
"ActiveStandbyElectorTestUtil.java","1143"
"FilePool.java","1546"
"JobStoryProducer.java","1761"
"SETATTR3Request.java","1674"
"ClassUtil.java","758"
"TableListing.java","756"
"DataInputByteBuffer.java","607"
"TestS3NContractOpen.java","83"
"Updater.java","685"
"Nfs3Base.java","1674"
"SampleStat.java","703"
"NativeS3FileSystem.java","83"
"JBoolean.java","707"
"PrintJarMainClass.java","758"
"SocketInputWrapper.java","703"
"TestRecordFactory.java","1548"
"Decryptor.java","215"
"RccTokenManager.java","707"
"TestCryptoStreamsForLocalFS.java","777"
"TestActiveStandbyElectorRealZK.java","1142"
"ToolRunner.java","758"
"TestRawlocalContractAppend.java","1048"
"Configurable.java","201"
"Server.java","662"
"MapTypeID.java","707"
"ShellBasedUnixGroupsMapping.java","707"
"TestStreamingOutputOnlyKeys.java","1819"
"GridmixRecord.java","1506"
"KMSJSONWriter.java","1590"
"ViewFileSystemTestSetup.java","1060"
"DelegationTokenRenewer.java","296"
"TestTFileSplit.java","1199"
"TestFSMainOperationsLocalFileSystem.java","1062"
"TestMetricsVisitor.java","1301"
"TestNativeAzureFileSystemLive.java","197"
"JDouble.java","707"
"ZlibFactory.java","632"
"TestValueQueue.java","788"
"TypedBytesOutput.java","1804"
"TestFileContext.java","933"
"TypedBytesMapApp.java","1815"
"CacheableIPList.java","758"
"UnsupportedCodecException.java","212"
"TestSymlinkLocalFSFileContext.java","910"
"GetGroups.java","1485"
"SwiftNativeOutputStream.java","1692"
"TokenRenewer.java","736"
"StreamUtil.java","1804"
"TestPseudoAuthenticator.java","32"
"StorageInterface.java","99"
"HAServiceStatus.java","570"
"FieldTypeInfo.java","707"
"TestCopyMapper.java","1479"
"TestSwiftContractSeek.java","1741"
"VerifierNone.java","1674"
"TestBytesWritable.java","1169"
"DelegationTokenAuthenticatedURL.java","745"
"MetricsPlugin.java","693"
"VersionMismatchException.java","607"
"MetricValue.java","688"
"TestConfigurationSubclass.java","771"
"JniBasedUnixGroupsMapping.java","722"
"ViewFsFileStatus.java","532"
"Configuration.java","205"
"MetricCounterInt.java","695"
"GetGroupsBase.java","756"
"ReconfigurationException.java","205"
"JSONUtil.java","1711"
"ViewFileSystemBaseTest.java","1105"
"READ3Request.java","1674"
"TestSinkQueue.java","1304"
"ExecutionSummarizer.java","1541"
"Roles.java","1675"
"TestTFileNoneCodecsStreams.java","1213"
"UniqueNames.java","699"
"StringUtils.java","763"
"AclEntryScope.java","473"
"RestClientBindings.java","1692"
"AbstractDelegationTokenSecretManager.java","736"
"StructTypeID.java","707"
"RawComparable.java","639"
"Exec.java","1672"
"RefreshCallQueueProtocolServerSideTranslatorPB.java","677"
"MetricsContext.java","685"
"TraceAdminProtocolServerSideTranslatorPB.java","756"
"NFS3Response.java","1674"
"RefreshAuthorizationPolicyProtocolClientSideTranslatorPB.java","726"
"KerberosAuthenticationHandler.java","19"
"NodeFencer.java","575"
"CLITestCmd.java","768"
"TestLocalFSContractRename.java","1048"
"SwiftJsonMarshallingException.java","1675"
"TestShellCommandFencer.java","1133"
"XmlRecordOutput.java","707"
"TestRpcMessage.java","1674"
"BuiltInZlibDeflater.java","632"
"FsCommand.java","485"
"MKNOD3Request.java","1674"
"KVGenerator.java","1211"
"InodeTree.java","511"
"SocketIOWithTimeout.java","703"
"SignerException.java","22"
"FileSetUtils.java","1672"
"TestFileBasedIPList.java","1417"
"TestStreamingStderr.java","1811"
"MetricsTimeVaryingInt.java","690"
"TestDomainSocket.java","1313"
"TestChecksumFileSystem.java","931"
"RewindableInputStream.java","1755"
"MetricsAnnotations.java","699"
"TestNativeAzureFileSystemBlockLocations.java","156"
"RandomSignerSecretProvider.java","22"
"CredentialProvider.java","726"
"MetricsAsserts.java","1398"
"TestAMSimulator.java","1797"
"ShortWritable.java","611"
"LOOKUP3Request.java","1674"
"Quantile.java","701"
"SchedulerMetrics.java","1794"
"TestGroupFallback.java","1313"
"TestTFileNoneCodecsJClassComparatorByteArrays.java","1189"
"TestStreamingBackground.java","1809"
"SubstringComparator.java","768"
"TestKerberosAuthenticator.java","32"
"PathOperationException.java","292"
"TestUGILoginFromKeytab.java","1313"
"ZKSignerSecretProvider.java","22"
"TestPathData.java","1059"
"TestS3AContractRename.java","83"
"LoadJob.java","1517"
"TokenSelector.java","736"
"KerberosDelegationTokenAuthenticator.java","745"
"AccessToken.java","1675"
"DistCpOptions.java","1426"
"TestGridmixSummary.java","1558"
"NodeBase.java","704"
"TestVersionUtil.java","1410"
"DistCpV1.java","1494"
"REMOVE3Request.java","1674"
"WritableFactories.java","611"
"CryptoCodec.java","212"
"TestStreaming.java","1819"
"RawBytesOutputReader.java","1804"
"Log4Json.java","684"
"CurrentJHParser.java","1759"
"HasEnhancedByteBufferAccess.java","472"
"RpcResponse.java","1674"
"Summarizer.java","1506"
"TestLocalFSContractLoaded.java","1048"
"GlobFilter.java","693"
"SLSWebApp.java","1797"
"TestS3FileSystem.java","83"
"PseudoAuthenticator.java","12"
"TestZKDelegationTokenSecretManager.java","1366"
"AuthenticationFilterInitializer.java","712"
"Bzip2Compressor.java","630"
"SLSUtils.java","1796"
"TestS3AContractMkdir.java","83"
"NullWritable.java","630"
"TestBlockDecompressorStream.java","1179"
"FSSTAT3Request.java","1674"
"AccessControlException.java","707"
"UniformSizeInputFormat.java","1431"
"ClusterTopologyReader.java","1746"
"SLSRunner.java","1775"
"IPList.java","758"
"GraphiteSink.java","701"
"TestGridmixSubmission.java","1552"
"TestGridmixStatistics.java","1549"
"TestGlobExpander.java","1028"
"TestS3NInMemoryFileSystem.java","93"
