"MapFile.java","21"
"RecordInput.java","0"
"TestTFileNoneCodecsByteArrays.java","0"
"ContainerSimulator.java","0"
"Chunk.java","3"
"MD5MD5CRC32GzipFileChecksum.java","0"
"Path.java","3"
"ParsedConfigFile.java","10"
"Decompressor.java","0"
"ProtocolProxy.java","1"
"TestChRootedFileSystem.java","0"
"CopyListing.java","10"
"CompareUtils.java","0"
"AccessPrivilege.java","0"
"CapacitySchedulerMetrics.java","0"
"GangliaMetricsTestHelper.java","0"
"JobSubmitter.java","17"
"RoundRobinUserResolver.java","3"
"TestCachingKeyProvider.java","0"
"TestLocalFSContractOpen.java","0"
"TestTFileComparator2.java","12"
"SLSConfiguration.java","0"
"VerifierGSS.java","0"
"CompressionEmulationUtil.java","1"
"TestPrint0.java","0"
"TestIOUtils.java","44"
"LoadTypedBytes.java","4"
"FailureInjectingJavaKeyStoreProvider.java","1"
"DataInputBuffer.java","0"
"IdentityProvider.java","0"
"DelegationTokenAuthenticationHandler.java","16"
"ServletUtil.java","3"
"FilterExpression.java","0"
"TestGlobPattern.java","1"
"TestCompositeGroupMapping.java","0"
"BadFencingConfigurationException.java","0"
"TrashPolicy.java","0"
"RpcAuthInfo.java","0"
"GridmixTestUtils.java","9"
"QueueName.java","0"
"RpcNoSuchMethodException.java","0"
"ContextFactory.java","4"
"ParsedJob.java","0"
"SslSocketConnectorSecure.java","0"
"CanSetReadahead.java","0"
"NullContext.java","0"
"HarFileSystem.java","18"
"TestAsyncDiskService.java","1"
"TestClassWithNoPackage.java","0"
"PathIsNotDirectoryException.java","0"
"JMXJsonServlet.java","25"
"LocalDirAllocator.java","13"
"TestFilterFs.java","3"
"TestUserResolve.java","3"
"TestStaticMapping.java","0"
"ClassLoaderCheckMain.java","0"
"GangliaContext31.java","1"
"JBuffer.java","0"
"FileContextCreateMkdirBaseTest.java","4"
"TestWebDelegationToken.java","154"
"NativeAzureFileSystem.java","20"
"TestSwiftFileSystemBasicOps.java","37"
"DataOutputOutputStream.java","0"
"RefreshCallQueueProtocol.java","0"
"StressJobFactory.java","25"
"XMLUtils.java","0"
"Globber.java","2"
"GenericWritable.java","1"
"PlatformName.java","0"
"TestHostsFileReader.java","4"
"Display.java","2"
"TestConfigurationDeprecation.java","0"
"MachineNode.java","0"
"ComparableVersion.java","0"
"TestSocketIOWithTimeout.java","34"
"ProxyUsers.java","0"
"TestFairCallQueue.java","2"
"RetryPolicies.java","1"
"TestLocalFSContractSeek.java","0"
"MapWritable.java","0"
"ClientId.java","0"
"NativeFileSystemStore.java","0"
"GridmixJobSubmissionPolicy.java","0"
"CipherSuite.java","0"
"ThrottledInputStream.java","2"
"Tail.java","4"
"Signer.java","5"
"WhoServlet.java","0"
"ExceptionDiags.java","3"
"RMDIR3Request.java","0"
"TestTypedBytesStreaming.java","0"
"TestGroupsCaching.java","23"
"ProtocolInfo.java","0"
"TestFailoverProxy.java","14"
"FSDataInputStream.java","5"
"MockFileSystem.java","0"
"KeyProviderException.java","0"
"StringSignerSecretProviderCreator.java","0"
"TestRandomSignerSecretProvider.java","22"
"DirectDecompressor.java","0"
"CryptoFSDataInputStream.java","0"
"RefreshCallQueueProtocolPB.java","0"
"SleepJob.java","0"
"Task20LineHistoryEventEmitter.java","0"
"TextOutputReader.java","2"
"TestNetUtils.java","17"
"TestRpcReply.java","0"
"JobFactory.java","0"
"TestGenericOptionsParser.java","8"
"FileUtil.java","47"
"HealthCheckFailedException.java","0"
"VIntWritable.java","0"
"TestTFileUnsortedByteArrays.java","45"
"MetricsLongValue.java","0"
"CompressionCodecFactory.java","13"
"TestStringSignerSecretProvider.java","0"
"IndexedSorter.java","0"
"JarFinder.java","6"
"JobBase.java","0"
"AvroSerialization.java","0"
"GangliaContext.java","1"
"TestCLI.java","0"
"ContractOptions.java","0"
"XDR.java","0"
"TestVersionedWritable.java","1"
"TestFsPermission.java","2"
"Filter.java","0"
"TestTFileLzoCodecsByteArrays.java","0"
"TestNativeAzureFileSystemConcurrency.java","6"
"RandomSeedGenerator.java","1"
"ServletUtils.java","0"
"WasbFsck.java","0"
"DoubleWritable.java","0"
"AbstractFSContract.java","1"
"FSMainOperationsBaseTest.java","55"
"ServiceFailedException.java","0"
"TestUniqNames.java","0"
"SwiftContract.java","0"
"NodeName.java","0"
"FileSignerSecretProvider.java","6"
"MetricsTag.java","0"
"FsUrlStreamHandler.java","0"
"INode.java","4"
"SimpleTcpServer.java","0"
"TestLocalDirAllocator.java","77"
"SimpleUdpServer.java","0"
"SaslInputStream.java","7"
"FairSchedulerMetrics.java","0"
"CompressorStream.java","1"
"TestBandwidthGaugeUpdater.java","0"
"Lz4Compressor.java","1"
"TestAvroSerialization.java","0"
"DecayRpcScheduler.java","8"
"SimpleTcpClient.java","0"
"Ls.java","0"
"DeepCompare.java","0"
"AzureFileSystemInstrumentation.java","0"
"ShellCommandFencer.java","7"
"RawBytesMapApp.java","0"
"KeySampler.java","0"
"JsonObjectMapperParser.java","1"
"KMSServerJSONUtils.java","0"
"TestHttpExceptionUtils.java","6"
"TestJets3tNativeFileSystemStore.java","1"
"MetricsSink.java","0"
"GenerateDistCacheData.java","3"
"AzureBlobStorageTestAccount.java","0"
"SecurityInfo.java","0"
"TestHistograms.java","3"
"FSOutputSummer.java","0"
"TestArrayFile.java","26"
"TypedBytesInputWriter.java","0"
"TestWritable.java","0"
"PositionedReadable.java","0"
"DistCh.java","25"
"IpcException.java","0"
"TestStreamingBadRecords.java","0"
"LocalFSContract.java","0"
"DefaultDataType.java","0"
"OptionsParser.java","8"
"XAttrCodec.java","1"
"TypeID.java","0"
"RefreshUserMappingsProtocolPB.java","0"
"ViewFileSystem.java","10"
"FileAlreadyExistsException.java","0"
"SimpleUdpClient.java","8"
"MRAMSimulator.java","0"
"KMSAudit.java","2"
"RENAME3Response.java","0"
"ChunkedArrayList.java","0"
"ApiKeyAuthenticationRequest.java","0"
"READDIRPLUS3Request.java","0"
"TestMetricsAnnotations.java","0"
"RecordFactory.java","0"
"TreePath.java","0"
"OsSecureRandom.java","4"
"DecayRpcSchedulerMXBean.java","0"
"LightWeightCache.java","0"
"DNS.java","7"
"AbstractContractConcatTest.java","5"
"MD5MD5CRC32FileChecksum.java","2"
"MetricType.java","0"
"Reconfigurable.java","0"
"GSetByHashMap.java","0"
"XAttrCommands.java","1"
"GETATTR3Response.java","0"
"TestFileQueue.java","2"
"S3FileSystemContractBaseTest.java","0"
"S3InMemoryFileSystem.java","0"
"TestRetryCache.java","2"
"RegistrationClient.java","0"
"TestShellDecryptionKeyProvider.java","2"
"TestFailoverController.java","30"
"MutableCounter.java","0"
"HostsFileReader.java","3"
"SignalLogger.java","4"
"Verifier.java","0"
"TestDU.java","1"
"TestTFileComparators.java","6"
"FsUrlStreamHandlerFactory.java","2"
"TestFsShellCopy.java","0"
"MutableMetricsFactory.java","0"
"RecordTypeInfo.java","0"
"SaslPlainServer.java","13"
"ByteWritable.java","0"
"SimpleCharStream.java","3"
"MutableCounterLong.java","0"
"HttpServer2.java","20"
"BZip2Codec.java","0"
"TestDecayRpcScheduler.java","0"
"ChildReaper.java","2"
"TestSwiftContractOpen.java","0"
"Pair.java","0"
"TestPureJavaCrc32.java","1"
"BuiltInZlibInflater.java","1"
"AuthenticationFilter.java","11"
"CompositeGroupsMapping.java","1"
"BZip2DummyDecompressor.java","0"
"SequenceFile.java","30"
"S3NInMemoryFileSystem.java","0"
"TestMultipleArchiveFiles.java","0"
"TestProxyUserFromEnv.java","0"
"FilterFileSystem.java","1"
"FileEncryptionInfo.java","0"
"MetaBlockDoesNotExist.java","0"
"DelegationTokenAuthenticationFilter.java","3"
"FileName.java","5"
"GenericOptionsParser.java","3"
"TestRpcCallCache.java","0"
"StorageType.java","0"
"TestViewFsWithAuthorityLocalFs.java","0"
"DataOutputByteBuffer.java","0"
"ACCESS3Request.java","0"
"DebugJobFactory.java","0"
"NodeUpdateSchedulerEventWrapper.java","0"
"SwiftInvalidResponseException.java","2"
"SwiftBadRequestException.java","0"
"HAServiceProtocolClientSideTranslatorPB.java","6"
"TestPatternFilter.java","0"
"RetryCacheMetrics.java","0"
"CompressionInputStream.java","0"
"TestStreamingFailure.java","0"
"TestKerberosUtil.java","4"
"FileBasedKeyStoresFactory.java","3"
"TestFsOptions.java","0"
"MetricsRecords.java","0"
"ViewFsTestSetup.java","0"
"TestLocalFSFileContextCreateMkdir.java","0"
"StringInterner.java","0"
"ValueCountReduce.java","0"
"LoadSplit.java","0"
"TestBooleanWritable.java","0"
"TestGangliaContext.java","0"
"RetriableDirectoryCreateCommand.java","0"
"CryptoInputStream.java","31"
"DirectDecompressionCodec.java","0"
"TestAzureFileSystemInstrumentation.java","5"
"SwiftTestConstants.java","0"
"ReflectionUtils.java","11"
"VersionUtil.java","0"
"NetworkTopologyWithNodeGroup.java","18"
"TestConfiguration.java","38"
"Options.java","0"
"LocalFileSystemConfigKeys.java","0"
"S3AFileStatus.java","0"
"TestLineReader.java","0"
"PipeMapRunner.java","0"
"CryptoFSDataOutputStream.java","0"
"FSInputStream.java","2"
"AvroTestUtil.java","0"
"FileContextPermissionBase.java","16"
"NativeS3FileSystemContractBaseTest.java","0"
"TestS3AContractSeek.java","0"
"TestOptions.java","0"
"TestNfsTime.java","0"
"RollingWindowAverage.java","0"
"Compressor.java","0"
"TestIndexedSort.java","0"
"TestCodecFactory.java","1"
"ByteArray.java","0"
"MBeans.java","5"
"TestS3NContractSeek.java","0"
"AbstractClusterStory.java","0"
"TestTableMapping.java","0"
"TestShellBasedIdMapping.java","1"
"TestWritableUtils.java","4"
"TestDataChecksum.java","4"
"RetryCache.java","5"
"CLITestHelper.java","8"
"ChecksumException.java","0"
"NativeS3Contract.java","0"
"AbstractBondedFSContract.java","2"
"AbstractFSContractTestBase.java","0"
"OpensslSecureRandom.java","2"
"TestSwiftFileSystemDirectoriesHdfs2.java","0"
"FTPInputStream.java","0"
"TestS3AFastOutputStream.java","0"
"TokenMgrError.java","0"
"ClassLoaderCheckThird.java","0"
"CommonConfigurationKeys.java","0"
"LdapGroupsMapping.java","7"
"Writable.java","0"
"SequentialNumber.java","0"
"RefreshAuthorizationPolicyProtocolPB.java","0"
"TestAzureFileSystemErrorConditions.java","30"
"IdGenerator.java","0"
"SwiftThrottledRequestException.java","0"
"SwiftFileSystemBaseTest.java","3"
"Job20LineHistoryEventEmitter.java","0"
"TestNativeAzureFileSystemMocked.java","0"
"NotInMountpointException.java","0"
"JvmMetrics.java","0"
"MetricsSource.java","0"
"TestTFileByteArrays.java","52"
"TestDistCpSync.java","0"
"SwiftRestClient.java","40"
"WritableRpcEngine.java","7"
"FSWrapper.java","0"
"RackNode.java","0"
"TestStringInterner.java","0"
"Nfs3Interface.java","0"
"RawLocalFileSystem.java","32"
"TestChangeOrgNameAndDomain.java","0"
"TestS3NContractRootDir.java","0"
"AnnotatedSecurityInfo.java","0"
"DefaultJobPropertiesParser.java","0"
"LocatedFileStatus.java","0"
"MultipleIOException.java","0"
"UnreliableImplementation.java","0"
"CopyListingFileStatus.java","0"
"ConfigBuilder.java","1"
"MetricGaugeInt.java","0"
"VectorTypeID.java","0"
"TestHelper.java","0"
"DNSToSwitchMapping.java","0"
"JerseyResource.java","0"
"TestDumpTypedBytes.java","17"
"TestSocketFactory.java","0"
"LocalConfigKeys.java","0"
"TestShutdownThreadsHelper.java","1"
"TestCodecPool.java","0"
"Endpoint.java","0"
"RootDocProcessor.java","1"
"TestFileSystemInitialization.java","1"
"DelegateToFileSystem.java","0"
"SnapshotCommands.java","0"
"FileSystemTestHelper.java","3"
"TestSaslRPC.java","40"
"TokenComparator.java","0"
"PseudoDelegationTokenAuthenticationHandler.java","0"
"NfsFileType.java","0"
"PortmapMapping.java","0"
"DefaultFailoverProxyProvider.java","0"
"TestWasbFsck.java","0"
"TestHealthMonitor.java","0"
"FileSystemLinkResolver.java","2"
"HAServiceTarget.java","0"
"PipeMapper.java","7"
"DelegationTokenAuthenticator.java","3"
"FileContextUtilBase.java","1"
"TestSymlinkLocalFS.java","14"
"SecretManager.java","4"
"ObjectWritable.java","4"
"HttpInputStreamWithRelease.java","10"
"CLICommandTypes.java","0"
"FileBasedIPList.java","7"
"HarFs.java","0"
"TestRolloverSignerSecretProvider.java","22"
"CodeGenerator.java","0"
"Token.java","1"
"BloomMapFile.java","10"
"TestCacheableIPList.java","0"
"DistributedCacheEmulator.java","1"
"Closeable.java","0"
"FailoverProxyProvider.java","0"
"ResourceUsageMatcher.java","0"
"AtMostOnce.java","0"
"TestFilterFileSystem.java","3"
"JsonObjectMapperWriter.java","0"
"HAServiceProtocolHelper.java","3"
"TestVLong.java","0"
"TypedBytesReduceApp.java","0"
"JavaSerializationComparator.java","0"
"TestLoadBalancingKMSClientProvider.java","4"
"MetricGaugeLong.java","0"
"FilterFs.java","0"
"FastByteComparisons.java","7"
"JavaGenerator.java","0"
"GenericRefreshProtocolClientSideTranslatorPB.java","3"
"MD5MD5CRC32CastagnoliFileChecksum.java","0"
"TestFilePool.java","11"
"ArrayWritable.java","0"
"MapTaskAttemptInfo.java","0"
"Outputter.java","0"
"StatListener.java","0"
"ChRootedFileSystem.java","1"
"ComparatorData.java","0"
"AcceptAllFilter.java","0"
"MetricsException.java","0"
"TestDeprecatedKeys.java","2"
"UnreliableInterface.java","0"
"TestRollingWindowAverage.java","0"
"ExcludePrivateAnnotationsStandardDoclet.java","0"
"HttpRequestLog.java","2"
"Key.java","0"
"CGenerator.java","8"
"TestWeightedRoundRobinMultiplexer.java","0"
"FileContext.java","17"
"Idempotent.java","0"
"Tool.java","0"
"BoundedRangeFileInputStream.java","0"
"AbstractDelegationTokenIdentifier.java","1"
"MetricsSourceBuilder.java","8"
"ReadRecordFactory.java","0"
"And.java","0"
"RpcScheduler.java","0"
"DefaultOutputter.java","1"
"TestReconfiguration.java","23"
"TestJMXJsonServlet.java","0"
"TestSwiftConfig.java","0"
"TestStopWatch.java","7"
"FSINFO3Response.java","0"
"TestRawlocalContractMkdir.java","0"
"KeyShell.java","26"
"SecurityUtil.java","5"
"TestAzureConcurrentOutOfBandIo.java","5"
"Daemon.java","0"
"TestTextNonUTF8.java","1"
"ResourceUsageEmulatorPlugin.java","0"
"RccTask.java","0"
"SaslRpcServer.java","1"
"CopyOutputFormat.java","0"
"TestSwiftContractDelete.java","0"
"HAServiceProtocolServerSideTranslatorPB.java","7"
"S3AInputStream.java","2"
"GlobExpander.java","0"
"S3FileSystem.java","1"
"MetricsTimeVaryingRate.java","2"
"TestCryptoCodec.java","2"
"WordList.java","0"
"TestSequenceFileSerialization.java","0"
"TestCopyCommitter.java","104"
"COMMIT3Response.java","0"
"READDIR3Response.java","0"
"TestAuthenticationFilter.java","0"
"JFloat.java","0"
"TestS3InMemoryFileSystem.java","0"
"TestDefaultStringifier.java","0"
"TestTFileLzoCodecsStreams.java","0"
"TestJNIGroupsMapping.java","0"
"DistCpSync.java","12"
"ClientBaseWithFixes.java","24"
"EchoUserResolver.java","0"
"MsInfo.java","0"
"TestCredentialProviderFactory.java","10"
"TrApp.java","0"
"TaskInfo.java","0"
"AutoInputFormat.java","1"
"HadoopIllegalArgumentException.java","0"
"KMSAuthenticationFilter.java","0"
"IndexedSortable.java","0"
"TestGenericWritable.java","3"
"TestSecureIOUtils.java","8"
"GetUserMappingsProtocol.java","0"
"PseudoLocalFs.java","4"
"TestPath.java","3"
"MutableGauge.java","0"
"RccConstants.java","0"
"SaslPropertiesResolver.java","0"
"TestGraphiteMetrics.java","7"
"SwiftConfigurationException.java","0"
"TestReloadingX509TrustManager.java","29"
"AbstractContractOpenTest.java","10"
"TestStreamingExitStatus.java","0"
"ParsedLine.java","0"
"PageBlobOutputStream.java","14"
"TestFSMainOperationsSwift.java","0"
"OutputOnlyApp.java","0"
"CountingBloomFilter.java","0"
"TestSwiftContractMkdir.java","0"
"PipeMapRed.java","51"
"SpanReceiverInfoBuilder.java","0"
"StructureGenerator.java","1"
"LocalFs.java","0"
"MetricsFilter.java","0"
"TFileDumper.java","31"
"ChmodParser.java","0"
"TestTrash.java","26"
"TypedBytesOutputReader.java","0"
"ValueQueue.java","3"
"CanSetDropBehind.java","0"
"FSExceptionMessages.java","0"
"TestSwiftRestClient.java","2"
"TestS3NContractDelete.java","0"
"TestViewFileSystemDelegation.java","0"
"ByteBufferPool.java","0"
"FsAction.java","0"
"IOUtils.java","8"
"TestTFileSeek.java","12"
"TestUTF8.java","6"
"TestLog4Json.java","0"
"SecurityUtilTestHelper.java","0"
"HAServiceProtocol.java","0"
"MutableCounterInt.java","0"
"TestAltKerberosAuthenticationHandler.java","2"
"AzureFileSystemMetricsSystem.java","0"
"ManualTestKeytabLogins.java","0"
"SYMLINK3Request.java","0"
"JCompType.java","0"
"ZKUtil.java","0"
"TestLocalFSContractMkdir.java","0"
"MoreAsserts.java","0"
"AzureLinkedStack.java","0"
"TrashPolicyDefault.java","17"
"RpcServerException.java","0"
"RMNodeWrapper.java","0"
"IntWritable.java","0"
"TestFcCreateMkdirLocalFs.java","0"
"ObjectStringSerializer.java","0"
"CREATE3Response.java","0"
"TestCompressorDecompressor.java","2"
"MetricsSystemImpl.java","9"
"IdMappingServiceProvider.java","0"
"TestSerializationFactory.java","0"
"TestRetriableCommand.java","6"
"AzureException.java","0"
"FileContextURIBase.java","14"
"TestLocalFSContractCreate.java","0"
"DefaultInputDemuxer.java","1"
"TestLocalFsFCStatistics.java","0"
"RumenToSLSConverter.java","9"
"BCFile.java","12"
"DecompressorStream.java","0"
"TestKMS.java","205"
"StrictBufferedFSInputStream.java","0"
"IdentityHashStore.java","0"
"FileSystemStore.java","0"
"CredentialShell.java","21"
"PerformanceAdvisory.java","0"
"AbstractMetric.java","0"
"JvmPauseMonitor.java","2"
"TestLocalFileSystem.java","45"
"TestWriteManySmallFiles.java","0"
"TestS3NContractMkdir.java","0"
"TestRandomTextDataGenerator.java","0"
"UserName.java","0"
"TestCryptoStreamsWithOpensslAesCtrCryptoCodec.java","0"
"TestZKFailoverControllerStress.java","0"
"HAServiceProtocolPB.java","0"
"BloomFilter.java","0"
"RawlocalFSContract.java","0"
"TestReflectionUtils.java","3"
"Rcc.java","18"
"InputDemuxer.java","0"
"CompressDecompressTester.java","51"
"MetricsLists.java","0"
"FileChecksum.java","0"
"TestCopyFiles.java","162"
"MutableRates.java","1"
"TestOsSecureRandom.java","0"
"TestZKSignerSecretProvider.java","93"
"ZlibCompressor.java","2"
"TestHttpServerLifecycle.java","0"
"TestPseudoLocalFs.java","3"
"InvalidPathException.java","0"
"FailoverController.java","8"
"TestSortedMapWritable.java","0"
"MapAttempt20LineHistoryEventEmitter.java","0"
"TestViewFileSystemDelegationTokenSupport.java","0"
"S3AScaleTestBase.java","0"
"OpensslAesCtrCryptoCodec.java","6"
"TestLogLevel.java","0"
"RemoteIterator.java","0"
"TestShutdownHookManager.java","0"
"TestCredentialProvider.java","0"
"TestStreamingKeyValue.java","11"
"SwiftUtils.java","1"
"Command.java","15"
"DistCpConstants.java","0"
"PasswordAuthenticationRequest.java","0"
"TestSwiftObjectPath.java","0"
"JLong.java","0"
"ClassLoaderCheck.java","0"
"HttpExceptionUtils.java","12"
"Lz4Decompressor.java","1"
"RegexpAcrossOutputComparator.java","0"
"MetricCounterLong.java","0"
"MergeSort.java","0"
"Text.java","10"
"Wasb.java","0"
"NanoTimer.java","0"
"TestDistCpViewFs.java","93"
"FSTestWrapper.java","0"
"Folder.java","50"
"MKNOD3Response.java","0"
"PortmapResponse.java","0"
"TestHarFileSystem.java","9"
"ZombieCluster.java","0"
"RpcInvocationHandler.java","0"
"DynamicBloomFilter.java","0"
"MachineList.java","6"
"TestTFileSeqFileComparison.java","5"
"PathData.java","4"
"ElasticByteBufferPool.java","2"
"HashFunction.java","0"
"TestStreamJob.java","0"
"MetricsBufferBuilder.java","0"
"TestKeyProviderCryptoExtension.java","0"
"TestBlobMetadata.java","0"
"AvgRecordFactory.java","0"
"MutableStat.java","0"
"TotalHeapUsageEmulatorPlugin.java","0"
"Mkdir.java","0"
"ProtoUtil.java","0"
"KeyProviderExtension.java","0"
"KeyOnlyTextOutputReader.java","1"
"AvroFSInput.java","0"
"FSCmdExecutor.java","0"
"NodeInfo.java","0"
"TestNMSimulator.java","0"
"DfsTask.java","6"
"JvmMetricsInfo.java","0"
"AuthorizationException.java","0"
"StubContext.java","0"
"LineReader.java","0"
"HasFileDescriptor.java","0"
"TypedBytesRecordOutput.java","0"
"ParentNotDirectoryException.java","0"
"TestMove.java","0"
"LifecycleEvent.java","0"
"TestFilterExpression.java","0"
"TestLightWeightCache.java","0"
"GenerateData.java","1"
"ExpressionFactory.java","4"
"AvroSpecificSerialization.java","1"
"TestMetricsCache.java","0"
"TestGenericsUtil.java","7"
"S3Exception.java","0"
"IntrusiveCollection.java","6"
"ByteBufferReadable.java","0"
"TestAutoInputFormat.java","3"
"TestKerberosName.java","4"
"TestSymLink.java","24"
"TestS3NContractRename.java","0"
"QuickSort.java","0"
"TestDistCpWithXAttrs.java","2"
"PseudoDelegationTokenAuthenticator.java","1"
"ZKFCProtocol.java","0"
"TestS3ADeleteManyFiles.java","4"
"RpcProgram.java","1"
"CompressionOutputStream.java","0"
"Metrics.java","0"
"MutableGaugeLong.java","0"
"CLICommand.java","0"
"Portmap.java","1"
"PureJavaCrc32.java","0"
"SpanReceiverInfo.java","0"
"GroupMappingServiceProvider.java","0"
"TestKeyProviderDelegationTokenExtension.java","0"
"Service.java","0"
"SetFile.java","0"
"KeystoneApiKeyCredentials.java","0"
"TestFileUtil.java","60"
"ProxyServers.java","0"
"TestServletFilter.java","8"
"TestSwiftContractRootDir.java","0"
"TypedBytesWritableInput.java","2"
"CachingKeyProvider.java","3"
"TestLocal_S3FileContextURI.java","0"
"TestGetFileBlockLocations.java","4"
"TestSnappyCompressorDecompressor.java","80"
"TestChRootedFs.java","2"
"VersionInfo.java","3"
"TestViewfsFileStatus.java","2"
"UserIdentityProvider.java","0"
"TestIntegration.java","128"
"PseudoAuthenticationHandler.java","0"
"TestDistCacheEmulation.java","0"
"CopyMethod.java","0"
"TestWritableName.java","2"
"EventCounter.java","0"
"TestCodec.java","15"
"MigrationTool.java","20"
"KeyProviderCryptoExtension.java","0"
"ConfigUtil.java","1"
"FTPFileSystem.java","20"
"RpcClientUtil.java","1"
"UserResolver.java","0"
"TestSwitchMapping.java","0"
"DfsZeroLen.java","0"
"AclCommands.java","0"
"MBeanInfoBuilder.java","0"
"TestPseudoAuthenticationHandler.java","29"
"READ3Response.java","0"
"ClassName.java","0"
"TestViewFsConfig.java","0"
"TestHadoopArchives.java","70"
"TestLz4CompressorDecompressor.java","80"
"DomainSocketWatcher.java","37"
"PossiblyDecompressedInputStream.java","0"
"CombinedIPWhiteList.java","0"
"TestUniformSizeInputFormat.java","9"
"KeyAuthorizationKeyProvider.java","28"
"TestS3AContractOpen.java","0"
"Syncable.java","0"
"RawBytesInputWriter.java","0"
"FileQueue.java","0"
"Delete.java","2"
"TestGSet.java","14"
"TestSharedFileDescriptorFactory.java","2"
"Contracts.java","0"
"CREATE3Request.java","0"
"JobHistoryParserFactory.java","0"
"ChecksumFileSystem.java","11"
"UniqApp.java","0"
"Environment.java","5"
"TestGridmixRecord.java","3"
"RpcReply.java","0"
"ErrorMetricUpdater.java","0"
"DummyResourceCalculatorPlugin.java","0"
"KMSACLs.java","2"
"TraceAdminProtocol.java","0"
"JobPropertyParser.java","0"
"TestMD5Hash.java","2"
"DumpTypedBytes.java","4"
"ConnectionConfigurator.java","0"
"BlockCompressorStream.java","0"
"TestFrameDecoder.java","4"
"TestAclCommands.java","1"
"TestRpcAuthInfo.java","0"
"NetUtils.java","31"
"DataJoinMapperBase.java","0"
"JniBasedUnixGroupsNetgroupMapping.java","1"
"GSet.java","0"
"TestRawlocalContractRename.java","0"
"AuthenticationWrapper.java","0"
"KerberosAuthenticator.java","17"
"CLITestData.java","0"
"TrAppReduce.java","0"
"TestReadAndSeekPageBlobAfterWrite.java","7"
"TestScriptBasedMappingWithDependency.java","0"
"TestDynamicInputFormat.java","3"
"BinaryComparable.java","0"
"DNSToSwitchMappingWithDependency.java","0"
"PageBlobInputStream.java","5"
"AzureMetricsTestUtil.java","0"
"WccAttr.java","0"
"JVector.java","0"
"Waitable.java","0"
"PathIOException.java","0"
"TraceAdminProtocolTranslatorPB.java","10"
"TaggedMapOutput.java","0"
"TestSwiftFileSystemContract.java","6"
"SwiftNativeFileSystemStore.java","17"
"Node.java","0"
"TestDFVariations.java","7"
"UmaskParser.java","0"
"SaslOutputStream.java","2"
"PageBlobFormatHelpers.java","0"
"JField.java","0"
"InMemoryFileSystemStore.java","4"
"Version20LogInterfaceUtils.java","1"
"TestSLSWebApp.java","0"
"JarBuilder.java","11"
"TestS3AContractRootDir.java","0"
"Gridmix.java","52"
"TestDistCpWithRawXAttrs.java","2"
"TestINode.java","0"
"ReplayJobFactory.java","14"
"PathFinder.java","0"
"TestNodeFencer.java","0"
"TemporarySocketDirectory.java","0"
"GridmixSplit.java","0"
"TypedBytesInput.java","5"
"TestFsShellReturnCode.java","27"
"TestGetInstances.java","6"
"DfsBaseConditional.java","0"
"CommandFormat.java","0"
"TestRpcCall.java","0"
"TestFcLocalFsUtil.java","0"
"TestSequenceFile.java","74"
"LimitInputStream.java","0"
"S3ATestUtils.java","0"
"TestToken.java","0"
"Record.java","0"
"JniBasedUnixGroupsMappingWithFallback.java","0"
"TestS3AContractCreate.java","0"
"IdentifierResolver.java","0"
"JMap.java","0"
"WritableName.java","1"
"ShutdownHookManager.java","1"
"Seekable.java","0"
"FilterInitializer.java","0"
"KeyProvider.java","12"
"InputWriter.java","0"
"WritableSerialization.java","0"
"DefaultImpersonationProvider.java","0"
"TestHighRamJob.java","8"
"TestFileArgs.java","0"
"DeskewedJobTraceReader.java","0"
"CryptoProtocolVersion.java","0"
"ReadaheadPool.java","1"
"TestFileBasedCopyListing.java","109"
"TestRawBytesStreaming.java","15"
"FakeTimer.java","0"
"RpcMessage.java","0"
"TestSwiftFileSystemDirectories.java","2"
"SwiftConnectionClosedException.java","0"
"AuthenticationToken.java","0"
"TestMiniRPCBenchmark.java","0"
"TestConfServlet.java","2"
"TestBlobTypeSpeedDifference.java","1"
"CsvRecordInput.java","9"
"FileStatus.java","0"
"AbstractService.java","10"
"TestNetworkTopologyWithNodeGroup.java","2"
"MetricsSystem.java","0"
"WhitelistBasedResolver.java","0"
"Anonymizer.java","15"
"ThreadUtil.java","1"
"TestSwiftFileSystemExtendedContract.java","9"
"ComparatorBase.java","0"
"TestNativeAzureFileSystemFileNameCheck.java","6"
"DefaultStringifier.java","16"
"TestArrayPrimitiveWritable.java","1"
"RpcInfo.java","0"
"DUHelper.java","0"
"TimedOutTestsListener.java","0"
"CompositeContext.java","7"
"HadoopKerberosName.java","1"
"PermissionParser.java","0"
"BaseExpression.java","0"
"TestHardLink.java","0"
"RawBytesReduceApp.java","1"
"User.java","0"
"TestFcMainOperationsLocalFs.java","0"
"Groups.java","3"
"HttpRequestLogAppender.java","0"
"CommandFactory.java","1"
"TestIdentityHashStore.java","0"
"BlobMaterialization.java","0"
"Lz4Codec.java","0"
"GETATTR3Request.java","0"
"AbstractContractDeleteTest.java","3"
"TestRpcDeniedReply.java","0"
"TestSwiftContractCreate.java","0"
"TestPathFilter.java","5"
"TestKeyShell.java","0"
"KMSWebApp.java","35"
"JobBuilder.java","0"
"TestFind.java","4"
"RpcCall.java","0"
"UtilTest.java","2"
"TestApplicationClassLoader.java","0"
"Errno.java","0"
"CredentialsGSS.java","0"
"DfsExists.java","0"
"TestLightWeightGSet.java","0"
"TestFileSystemCaching.java","6"
"MountResponse.java","0"
"CredentialsNone.java","0"
"S3Credentials.java","0"
"TestGetGroups.java","0"
"SwiftAuthenticationFailedException.java","0"
"PathExistsException.java","0"
"KMSRESTConstants.java","0"
"ParseException.java","0"
"TestContainerChecks.java","10"
"MountInterface.java","0"
"TestKMSACLs.java","0"
"TestS3ABlocksize.java","0"
"LogAdapter.java","0"
"TestPortmap.java","7"
"DummySharedResource.java","0"
"FairCallQueueMXBean.java","0"
"FsShell.java","4"
"ShellBasedUnixGroupsNetgroupMapping.java","1"
"NativeCrc32.java","0"
"BreakableStateChangeListener.java","0"
"TaskRunner.java","1"
"DistTool.java","2"
"AbstractContractMkdirTest.java","4"
"RolloverSignerSecretProvider.java","0"
"TestScriptBasedMapping.java","0"
"TestRawlocalContractDelete.java","0"
"TestDomainSocketWatcher.java","4"
"EagerKeyGeneratorKeyProviderCryptoExtension.java","3"
"SimpleBufferedOutputStream.java","0"
"TestWasbUriAndConfiguration.java","20"
"SampleQuantiles.java","0"
"RetriableCommand.java","1"
"TestFTPContractRename.java","4"
"RpcCallCache.java","0"
"GridmixJob.java","12"
"SetAttr3.java","0"
"TestIPC.java","105"
"TFile.java","49"
"LoggingStateChangeListener.java","0"
"CommonConfigurationKeysPublic.java","0"
"HttpUserGroupInformation.java","0"
"TestActiveStandbyElector.java","9"
"KerberosUtil.java","0"
"TestResourceUsageEmulators.java","12"
"FtpConfigKeys.java","0"
"TestZlibCompressorDecompressor.java","57"
"Find.java","0"
"MetricsConfig.java","17"
"TokenInfo.java","0"
"TestPathExceptions.java","0"
"TestText.java","17"
"SaslRpcClient.java","2"
"TestCallQueueManager.java","2"
"GangliaMetricVisitor.java","0"
"WritableFactory.java","0"
"Duration.java","0"
"SwiftScaleTestBase.java","0"
"StreamAggregate.java","0"
"PipeReducer.java","9"
"ResponseReceivedMetricUpdater.java","0"
"PathNotFoundException.java","0"
"KeyOnlyTextInputWriter.java","0"
"UnexpectedServerException.java","0"
"JobMonitor.java","13"
"MetricsSystemMXBean.java","0"
"TestXDR.java","0"
"BZip2Constants.java","0"
"TestS3AFileSystemContract.java","0"
"MetaBlockAlreadyExists.java","0"
"SwiftOperationFailedException.java","0"
"TestSSLFactory.java","17"
"OpensslCipher.java","3"
"Bzip2Factory.java","4"
"DefaultRumenSerializer.java","0"
"HeapSort.java","0"
"DefaultAnonymizableDataType.java","0"
"BandwidthGaugeUpdater.java","2"
"TestSSLHttpServer.java","0"
"StorageInterfaceImpl.java","0"
"InvalidRequestException.java","0"
"CallQueueManager.java","7"
"TestMetricsCollectorImpl.java","0"
"TestServiceLifecycle.java","11"
"FifoSchedulerMetrics.java","0"
"UTF8.java","9"
"TestAuthToken.java","14"
"MetricsDynamicMBeanBase.java","2"
"CopyCommitter.java","22"
"MetricsRecordBuilderImpl.java","0"
"CommandExecutor.java","1"
"TestStreamingStatus.java","6"
"TestProxyUsers.java","4"
"TestAuthenticationToken.java","0"
"AuthenticationResponse.java","0"
"BatchedRemoteIterator.java","0"
"ReduceTaskAttemptInfo.java","0"
"TestSLSRunner.java","0"
"CryptoOutputStream.java","4"
"OutputRecord.java","0"
"BinaryRecordInput.java","0"
"MiniRPCBenchmark.java","29"
"TestNetgroupCache.java","0"
"WRITE3Response.java","0"
"CanUnbuffer.java","0"
"Schedulable.java","0"
"TestCommandFactory.java","0"
"PartialListing.java","0"
"WordListAnonymizerUtility.java","0"
"LossyRetryInvocationHandler.java","0"
"FileSystemTestWrapper.java","3"
"TestSequenceFileSync.java","6"
"RpcDeniedReply.java","0"
"Test.java","0"
"CloseableReferenceCount.java","0"
"TestLocalFSContractAppend.java","0"
"TestTextCommand.java","0"
"TestSampleStat.java","0"
"TestFsShell.java","1"
"TestDiskChecker.java","6"
"FenceMethod.java","0"
"LoggedTaskAttempt.java","0"
"TestMultipleCachefiles.java","30"
"NoCacheFilter.java","0"
"CopyMapper.java","21"
"TestSleepJob.java","0"
"MetricsBuffer.java","0"
"AbstractContractRootDirectoryTest.java","4"
"TestSecurityUtil.java","4"
"NativeCodeLoader.java","3"
"InterfaceStability.java","0"
"DefaultAnonymizingRumenSerializer.java","0"
"TestArrayWritable.java","3"
"TypedBytesWritable.java","9"
"StreamPumper.java","1"
"TestJaasConfiguration.java","0"
"TestInterns.java","0"
"AbstractContractSeekTest.java","18"
"DataType.java","0"
"BloomFilterCommonTester.java","36"
"GridmixKey.java","7"
"JobConfigurationParser.java","7"
"MetricsRegistry.java","0"
"TestV2LsOperations.java","0"
"CBZip2OutputStream.java","7"
"TestS3_LocalFileContextURI.java","0"
"TestNativeCodeLoader.java","0"
"PATHCONF3Response.java","0"
"MetricsInfoImpl.java","0"
"TypedBytesWritableOutput.java","0"
"NativeIOException.java","0"
"MetricGaugeDouble.java","0"
"GetUserMappingsProtocolClientSideTranslatorPB.java","1"
"TestMachineList.java","2"
"TestKeyAuthorizationKeyProvider.java","22"
"KeyProviderFactory.java","3"
"NFS3Request.java","0"
"TestAuthenticatedURL.java","2"
"TestNativeAzureFileSystemOperationsMocked.java","0"
"FsConstants.java","0"
"Bzip2Decompressor.java","0"
"TestFileContextResolveAfs.java","0"
"DelegationTokenManager.java","1"
"SampleTaggedMapOutput.java","0"
"DelegationTokenIdentifier.java","0"
"DefaultCodec.java","0"
"TestRetriableFileCopyCommand.java","1"
"TestSLSUtils.java","0"
"AuthenticationRequestWrapper.java","0"
"TestStreamXmlMultipleRecords.java","0"
"Client.java","40"
"WhoClient.java","10"
"Stringifier.java","0"
"TestCredShell.java","0"
"GenericRefreshProtocol.java","0"
"TestAccessControlList.java","4"
"TestStreamXmlRecordReader.java","0"
"TestViewFsURIs.java","0"
"SampleDataJoinMapper.java","0"
"GzipCodec.java","0"
"TestClassUtil.java","0"
"KMSJSONReader.java","0"
"RequestWithHandle.java","0"
"Interns.java","0"
"RegexpComparator.java","0"
"RemoteException.java","3"
"ReconfigurableBase.java","2"
"CoreTestDriver.java","5"
"GlobbedCopyListing.java","0"
"ImpersonationProvider.java","0"
"InMemoryNativeFileSystemStore.java","4"
"TestRandomSeedGenerator.java","0"
"LongWritable.java","0"
"TestDNS.java","8"
"SocksSocketFactory.java","0"
"S3AContract.java","0"
"RequestLoggerFilter.java","2"
"TestTaskRunner.java","0"
"InMemoryBlockBlobStore.java","0"
"FSLinkResolver.java","2"
"MetricsRecordFiltered.java","0"
"LoggedNetworkTopology.java","0"
"TestRestClientBindings.java","8"
"BuiltInGzipDecompressor.java","1"
"TestOutOfBandAzureBlobOperationsLive.java","0"
"SocketOutputStream.java","1"
"CDFPiecewiseLinearRandomGenerator.java","0"
"LoadGenerator.java","25"
"TestDataJoin.java","8"
"ReconfigurationTaskStatus.java","0"
"TestViewFsLocalFs.java","0"
"AzureNativeFileSystemStore.java","108"
"SelfRenewingLease.java","5"
"TestCryptoStreams.java","0"
"TestLocalFSFileContextMainOperations.java","0"
"TestWhitelistBasedResolver.java","0"
"LoggedTask.java","0"
"FtpFs.java","0"
"TestFcLocalFsPermission.java","0"
"CreateFlag.java","0"
"DurationStats.java","0"
"ParsedTask.java","0"
"SecureIOUtils.java","16"
"MetricsConfigException.java","0"
"TaskAttempt20LineEventEmitter.java","0"
"ReconfigurationServlet.java","1"
"HadoopStreaming.java","0"
"CRC.java","0"
"HtmlQuoting.java","2"
"DynamicInputFormat.java","2"
"Histogram.java","0"
"RandomTextDataGenerator.java","0"
"ReloadingX509TrustManager.java","4"
"FSError.java","0"
"RpcDetailedMetrics.java","0"
"MD5Hash.java","1"
"NoEmitMetricsContext.java","0"
"TestKMSWithZK.java","13"
"MetricsBase.java","0"
"CompressionCodec.java","2"
"TestSwiftFileSystemBlocksize.java","0"
"JobConfPropertyNames.java","0"
"SimpleKeyProvider.java","0"
"TestCount.java","0"
"FileSystem.java","9"
"RetryProxy.java","0"
"ScriptBasedMappingWithDependency.java","0"
"TestGridmixMemoryEmulation.java","2"
"CBZip2InputStream.java","6"
"IdMappingConstant.java","0"
"TestMultipleProtocolServer.java","3"
"ExcludePrivateAnnotationsJDiffDoclet.java","0"
"SinkQueue.java","3"
"BZip2DummyCompressor.java","0"
"SwiftNativeInputStream.java","8"
"MoveCommands.java","0"
"TestStat.java","4"
"TestEnumSetWritable.java","2"
"GetUserMappingsProtocolPB.java","0"
"TestLocalFileSystemPermission.java","16"
"Shell.java","25"
"TestNfsExports.java","0"
"TestExternalCall.java","8"
"RefreshCallQueueProtocolClientSideTranslatorPB.java","1"
"FsShellPermissions.java","3"
"InputBuffer.java","0"
"TestDelegationTokenRenewer.java","0"
"RpcClientException.java","0"
"TestBloomMapFile.java","63"
"BlockDecompressorStream.java","2"
"DelegationKey.java","0"
"RetouchedBloomFilter.java","0"
"ServiceOperations.java","1"
"HadoopArchives.java","39"
"KMSConfiguration.java","3"
"SYMLINK3Response.java","0"
"TestNativeAzureFSPageBlobLive.java","0"
"DynamicInputChunk.java","0"
"TestSeek.java","11"
"BreakableService.java","0"
"TestIname.java","0"
"TestObjectWritableProtos.java","0"
"InputStriper.java","0"
"PathIsDirectoryException.java","0"
"AbstractDNSToSwitchMapping.java","0"
"FileContextTestWrapper.java","3"
"Encryptor.java","0"
"MetricsSinkAdapter.java","8"
"TraceAdmin.java","4"
"SshFenceByTcpPort.java","21"
"RpcMetrics.java","0"
"RegexFilter.java","0"
"TestRawlocalContractCreate.java","0"
"NativeLibraryChecker.java","0"
"PortmapRequest.java","0"
"Jets3tFileSystemStore.java","42"
"SnappyDecompressor.java","6"
"TestTimedOutTestsListener.java","6"
"TestFTPContractMkdir.java","0"
"ZKDelegationTokenSecretManager.java","60"
"KerberosSecurityTestcase.java","0"
"NfsExports.java","1"
"TestXAttrCommands.java","0"
"TestRetryProxy.java","15"
"AuthenticationRequest.java","0"
"Deserializer.java","0"
"TestTypedBytesWritable.java","0"
"ShellBasedIdMapping.java","14"
"TestCompressionEmulationUtils.java","2"
"SharedFileDescriptorFactory.java","4"
"TestCryptoStreamsNormal.java","0"
"ReadOption.java","0"
"ProtocolMetaInfoPB.java","0"
"ApiKeyCredentials.java","0"
"Consts.java","0"
"ServiceStateChangeListener.java","0"
"TestName.java","0"
"TestUserFromEnv.java","0"
"MetricGaugeFloat.java","0"
"SimpleTcpClientHandler.java","0"
"UnresolvedLinkException.java","0"
"TestLogResources.java","0"
"RpcEngine.java","0"
"Progressable.java","0"
"TestStaticUserWebFilter.java","0"
"TestBoundedByteArrayOutputStream.java","5"
"ShellDecryptionKeyProvider.java","1"
"AuthenticatorTestCase.java","28"
"FsUrlConnection.java","2"
"RpcException.java","0"
"SwiftObjectPath.java","0"
"AbstractPatternFilter.java","0"
"TestAvroFSInput.java","0"
"Stat.java","0"
"TestStreamDataProtocol.java","12"
"Index.java","0"
"TestMetricsServlet.java","0"
"AdminAuthorizedServlet.java","0"
"DefaultMetricsFactory.java","0"
"KMSExceptionsProvider.java","0"
"SwiftProtocolConstants.java","0"
"Expression.java","0"
"RefreshRegistry.java","3"
"Servers.java","0"
"TestBlockLocation.java","0"
"AnonymousAWSCredentialsProvider.java","0"
"MBeanUtil.java","4"
"TestZKUtil.java","4"
"TestS3Credentials.java","2"
"Nfs3FileAttributes.java","0"
"S3FileSystemException.java","0"
"ZlibDecompressor.java","5"
"TestOutOfBandAzureBlobOperations.java","2"
"LoggedDiscreteCDF.java","0"
"StreamKeyValUtil.java","0"
"TestChunkedArrayList.java","0"
"Count.java","0"
"TestFileSink.java","4"
"FloatWritable.java","0"
"DataAnonymizer.java","0"
"UnsupportedFileSystemException.java","0"
"WritableUtils.java","8"
"SerializationFactory.java","2"
"JniBasedUnixGroupsNetgroupMappingWithFallback.java","0"
"TestViewFileSystemWithAuthorityLocalFileSystem.java","0"
"TestSwiftContractRename.java","0"
"CodeBuffer.java","0"
"TestFileStatus.java","0"
"ProviderUtils.java","0"
"CryptoStreamsTestBase.java","23"
"TestMultithreadedTestUtil.java","4"
"JobTraceReader.java","0"
"TestLocalFSContractDelete.java","0"
"Name.java","0"
"ZKFCTestUtil.java","0"
"MetricsCache.java","0"
"TestSignalLogger.java","2"
"JobHistoryUtils.java","1"
"RetryUtils.java","0"
"TestCompressorStream.java","4"
"TestGlobalStateChangeListener.java","0"
"SecurityHandler.java","0"
"TestKeyOnlyTextOutputReader.java","0"
"MockStorageInterface.java","14"
"RetriableException.java","0"
"MetricsCollector.java","0"
"WccData.java","0"
"DurationStatsTable.java","0"
"TestSshFenceByTcpPort.java","2"
"AbstractContractAppendTest.java","7"
"ConfServlet.java","1"
"ParsedTaskAttempt.java","0"
"CsvRecordOutput.java","1"
"TestRawLocalContractUnderlyingFileBehavior.java","0"
"LogLevel.java","7"
"BasicAWSCredentialsProvider.java","0"
"DirectBufferPool.java","0"
"AccessControlList.java","0"
"MountEntry.java","0"
"TestDelegateToFileSystem.java","0"
"SerializationTestUtil.java","0"
"TestReadPastBuffer.java","0"
"ReconfigurationUtil.java","0"
"AbstractDelegationTokenSelector.java","0"
"XAttrSetFlag.java","0"
"ProgramDriver.java","1"
"PathPermissionException.java","0"
"PolicyProvider.java","0"
"TestTFileStreams.java","37"
"DataJoinJob.java","11"
"TestNativeAzureFileSystemMetricsSystem.java","0"
"FsPermission.java","1"
"BytesWritable.java","0"
"KerberosInfo.java","0"
"FileContextMainOperationsBaseTest.java","69"
"READLINK3Response.java","0"
"TestFTPContractDelete.java","0"
"NMSimulator.java","0"
"SingleEventEmitter.java","0"
"KeyProviderDelegationTokenExtension.java","0"
"FCStatisticsBaseTest.java","0"
"TestUGIWithExternalKdc.java","2"
"TestStringUtils.java","22"
"SwiftFileStatus.java","0"
"JobProperties.java","0"
"AclEntry.java","3"
"InterfaceAudience.java","0"
"MiniKMS.java","13"
"LOOKUP3Response.java","0"
"CumulativeCpuUsageEmulatorPlugin.java","1"
"RpcProgramPortmap.java","0"
"TestStreamingOutputKeyValueTypes.java","0"
"RetryPolicy.java","0"
"TestAnd.java","0"
"ClassLoaderCheckSecond.java","0"
"READDIRPLUS3Response.java","0"
"TestTraceUtils.java","0"
"JceAesCtrCryptoCodec.java","5"
"KerberosTestUtils.java","7"
"TestProgress.java","0"
"TestClusterTopology.java","0"
"TestHttpCookieFlag.java","0"
"GetUserMappingsProtocolServerSideTranslatorPB.java","1"
"AltKerberosAuthenticationHandler.java","0"
"TestS3NContractCreate.java","0"
"TestMapWritable.java","0"
"AsyncDiskService.java","0"
"TopologyBuilder.java","0"
"NfsTime.java","0"
"Configured.java","0"
"RawComparator.java","0"
"BinaryRecordOutput.java","0"
"ProtobufRpcEngine.java","6"
"ServicePlugin.java","0"
"CryptoStreamUtils.java","0"
"package-info.java","0"
"SubmitterUserResolver.java","0"
"AbstractFileSystem.java","4"
"AnonymizableDataType.java","0"
"HttpConfig.java","0"
"LINK3Request.java","0"
"MiniKdc.java","9"
"RefreshHandler.java","0"
"TestHttpRequestLog.java","0"
"TestKeyProvider.java","2"
"Metric.java","0"
"TestContentSummary.java","0"
"StreamBaseRecordReader.java","1"
"S3NativeFileSystemConfigKeys.java","0"
"TestOptionsParser.java","34"
"TestKMSAudit.java","0"
"ClusterSummarizer.java","4"
"StandbyException.java","0"
"MapReduceJobPropertiesParser.java","5"
"AbstractMapWritable.java","6"
"Classpath.java","3"
"DelayEchoApp.java","1"
"TraceAdminProtocolPB.java","0"
"DirectoryListingStartAfterNotFoundException.java","0"
"FTPContract.java","0"
"TestViewFsTrash.java","0"
"TestDistCpUtils.java","1"
"DebugJobProducer.java","0"
"TestSigner.java","10"
"SnappyCodec.java","0"
"RemoveScheme.java","0"
"TestSampleQuantiles.java","0"
"TestTFile.java","6"
"TestNativeAzureFileSystemContractMocked.java","0"
"TestClasspath.java","14"
"HttpServer.java","19"
"TestFcPermissionsLocalFs.java","0"
"BoundedByteArrayOutputStream.java","0"
"FileHandle.java","2"
"HadoopLogsAnalyzer.java","16"
"GangliaSink31.java","0"
"TestDataByteBuffers.java","0"
"TypedBytesRecordInput.java","0"
"NullContextWithUpdateThread.java","0"
"TestProtoUtil.java","0"
"TestDistCpWithAcls.java","2"
"TestSwiftFileSystemLsOperations.java","0"
"TraceBuilder.java","12"
"TestUnconsumedInput.java","12"
"AclUtil.java","0"
"RecordOutput.java","0"
"TestCopy.java","1"
"KMSClientProvider.java","27"
"Hadoop20JHParser.java","5"
"RetryInvocationHandler.java","5"
"MutableQuantiles.java","0"
"TestPiecewiseLinearInterpolation.java","0"
"DeflateCodec.java","0"
"MutableGaugeInt.java","0"
"UnitTestcaseTimeLimit.java","0"
"GenericRefreshProtocolServerSideTranslatorPB.java","5"
"ServiceAssert.java","0"
"TestShell.java","3"
"AvroReflectSerializable.java","0"
"TestRpcAcceptedReply.java","0"
"TestGangliaSink.java","0"
"SwiftException.java","0"
"SnappyCompressor.java","2"
"ServiceStateModel.java","0"
"TestMetricsSourceAdapter.java","0"
"TestDelegationTokenAuthenticationHandlerWithMocks.java","2"
"JenkinsHash.java","0"
"TestCopyPreserveFlag.java","0"
"LogRecordType.java","0"
"READDIR3Request.java","0"
"DataGenerator.java","1"
"VersionInfoMojo.java","9"
"TestCommandFormat.java","1"
"TestFTPContractOpen.java","0"
"TestLogalyzer.java","0"
"StopWatch.java","0"
"SwiftInternalStateException.java","0"
"TestCredentials.java","0"
"SwiftNativeFileSystem.java","10"
"CredentialProviderFactory.java","4"
"ScopedAclEntries.java","0"
"TestSetFile.java","22"
"Serializer.java","0"
"ProtocolTranslator.java","0"
"JString.java","0"
"DiskChecker.java","1"
"SelfThrottlingIntercept.java","1"
"ZeroCopyUnavailableException.java","0"
"SETATTR3Response.java","0"
"IntermediateRecordFactory.java","0"
"FsStatus.java","0"
"MetricsRecordImpl.java","0"
"MetricsInfo.java","0"
"SymlinkBaseTest.java","90"
"WeightedRoundRobinMultiplexer.java","0"
"StatePool.java","0"
"HardLink.java","6"
"NetgroupCache.java","0"
"DataOutputBuffer.java","0"
"S3AFastOutputStream.java","8"
"AclStatus.java","0"
"StandardSocketFactory.java","0"
"TestHttpServerWebapps.java","5"
"TestCopyListing.java","95"
"DF.java","6"
"DeepInequalityException.java","0"
"MethodMetric.java","6"
"NativeIO.java","31"
"FilterContainer.java","0"
"FsServerDefaults.java","0"
"TestUserGroupInformation.java","8"
"RefreshUserMappingsProtocolServerSideTranslatorPB.java","2"
"KeyStoreTestUtil.java","5"
"DeserializerComparator.java","4"
"ZKFCProtocolClientSideTranslatorPB.java","3"
"TestAcl.java","0"
"TraceUtils.java","0"
"FsUsage.java","0"
"ViewFsBaseTest.java","2"
"RMDIR3Response.java","0"
"RPCCallBenchmark.java","7"
"FTPException.java","0"
"Utils.java","0"
"RPC.java","7"
"DistCpOptionSwitch.java","0"
"TestHttpServer.java","19"
"RecordComparator.java","0"
"TestHarFileSystemBasics.java","27"
"Logalyzer.java","13"
"Type.java","0"
"TestTruncatedInputBug.java","15"
"TestZKFailoverController.java","148"
"TestOutputRecord.java","0"
"StderrApp.java","1"
"Authenticator.java","0"
"AbstractMetricsContext.java","3"
"RandomDatum.java","0"
"OutputReader.java","0"
"CommonJobTest.java","22"
"ProtocolSignature.java","1"
"RefreshUserMappingsProtocolClientSideTranslatorPB.java","2"
"RawLocalFs.java","0"
"ZKFCProtocolServerSideTranslatorPB.java","4"
"SampleDataJoinReducer.java","0"
"DomainSocket.java","47"
"JType.java","0"
"AMSimulator.java","0"
"TestResult.java","0"
"Block.java","0"
"FSINFO3Request.java","0"
"TestNativeAzureFileSystemContractLive.java","0"
"AbstractGangliaSink.java","3"
"TestBlobDataValidation.java","4"
"COMMIT3Request.java","0"
"Truncate.java","2"
"AuthenticationHandler.java","0"
"ContentSummary.java","0"
"TestMetricsConfig.java","0"
"GlobPattern.java","0"
"VLongWritable.java","0"
"CodecPool.java","0"
"SimpleCopyListing.java","3"
"AclEntryType.java","0"
"DistCp.java","16"
"PathAccessDeniedException.java","0"
"TestStreamingCounters.java","0"
"JavaSerialization.java","1"
"CompressedWritable.java","4"
"KeyStoneAuthRequest.java","0"
"TestCopyOutputFormat.java","42"
"SysSecurityHandler.java","0"
"State.java","0"
"VersionedProtocol.java","0"
"LightWeightGSet.java","0"
"REMOVE3Response.java","0"
"BooleanWritable.java","0"
"TestRunJar.java","0"
"TestStreamingCombiner.java","0"
"CppGenerator.java","12"
"Progressive.java","0"
"ServiceAuthorizationManager.java","1"
"TestFTPContractCreate.java","0"
"TestFileHandle.java","0"
"S3AOutputStream.java","12"
"Statistics.java","7"
"TestThrottledInputStream.java","16"
"TestSwiftFileSystemDelete.java","0"
"BlockingSerializer.java","0"
"TestAfsCheckPath.java","0"
"TestOpensslSecureRandom.java","0"
"MetricsRecordBuilder.java","0"
"UserGroupInformation.java","78"
"SSLHostnameVerifier.java","6"
"TestJUnitSetup.java","1"
"SplitCompressionInputStream.java","0"
"READLINK3Request.java","0"
"WritableComparable.java","0"
"RandomAlgorithms.java","0"
"TestSwiftFileSystemConcurrency.java","6"
"TestNativeCrc32.java","0"
"MetricsSourceAdapter.java","1"
"ActiveStandbyElector.java","29"
"TestRPCCallBenchmark.java","0"
"RpcNoSuchProtocolException.java","0"
"GangliaConf.java","0"
"DistCpUtils.java","6"
"KerberosDelegationTokenAuthenticationHandler.java","0"
"TestPrint.java","0"
"Touchz.java","0"
"Credentials.java","0"
"TestFileSystemCanonicalization.java","1"
"Catalog.java","0"
"TestRawlocalContractOpen.java","0"
"Serialization.java","0"
"MockitoMaker.java","0"
"TestGzipInput.java","0"
"TestSymlinkLocalFSFileSystem.java","4"
"Timer.java","0"
"BufferedFSInputStream.java","0"
"ClientCache.java","0"
"TestRandomAlgorithm.java","0"
"DistCpTestUtils.java","0"
"CommandUtils.java","0"
"TokenIdentifier.java","1"
"ProtocolMetaInterface.java","0"
"TestDistCh.java","27"
"Print.java","0"
"TestHtmlQuoting.java","0"
"PasswordCredentials.java","0"
"FSSTAT3Response.java","0"
"TestNativeIO.java","66"
"AbstractContractCreateTest.java","13"
"TestServer.java","21"
"FileSink.java","1"
"TestHttpRequestLogAppender.java","0"
"ByteBufferUtil.java","1"
"TestGlobbedCopyListing.java","6"
"HttpServerFunctionalTest.java","1"
"DynamicRecordReader.java","0"
"MutableMetric.java","0"
"DfsIsDir.java","0"
"TestOpensslCipher.java","10"
"TestServiceAuthorization.java","30"
"TestViewFileSystemLocalFileSystem.java","0"
"TestS3AContractDelete.java","0"
"HistoryEventEmitter.java","1"
"SocketInputStream.java","0"
"FileMetadata.java","0"
"FileBasedCopyListing.java","3"
"ArrayPrimitiveWritable.java","0"
"WRITE3Request.java","0"
"HistogramRawTestData.java","0"
"ContractTestUtils.java","13"
"TestKeyProviderFactory.java","50"
"ACCESS3Response.java","0"
"CachedDNSToSwitchMapping.java","0"
"DataJoinReducerBase.java","0"
"IncludePublicAnnotationsStandardDoclet.java","0"
"ApplicationClassLoader.java","8"
"RpcAcceptedReply.java","0"
"TestIdentityProviders.java","1"
"RpcConstants.java","0"
"LoggedJob.java","0"
"TestSwiftFileSystemRename.java","1"
"ParsedHost.java","0"
"ConnectTimeoutException.java","0"
"RetriableFileCopyCommand.java","20"
"RandomDistribution.java","0"
"TestDistCpSystem.java","24"
"SplittableCompressionCodec.java","0"
"TestTFileJClassComparatorByteArrays.java","0"
"TestInMemoryS3FileSystemContract.java","0"
"MockitoUtil.java","0"
"TestMutableMetrics.java","0"
"DataChecksum.java","5"
"ZombieJob.java","3"
"TestJarFinder.java","0"
"FindOptions.java","0"
"AbstractContractRenameTest.java","6"
"JobCreator.java","0"
"TestRPC.java","108"
"MountdBase.java","4"
"TestGridMixClasses.java","0"
"ZKFCRpcServer.java","0"
"TestS3AConfiguration.java","12"
"TestStreamAggregate.java","12"
"TestLoadTypedBytes.java","16"
"ResourceSchedulerWrapper.java","41"
"JavaKeyStoreProvider.java","27"
"ProtocMojo.java","15"
"Compression.java","2"
"TestFileSignerSecretProvider.java","0"
"MKDIR3Response.java","0"
"SwiftUnsupportedFeatureException.java","0"
"GenericTestUtils.java","10"
"ZKFCProtocolPB.java","0"
"TestStreamReduceNone.java","11"
"TestMetricsRegistry.java","1"
"CopyCommands.java","13"
"CommandWithDestination.java","16"
"TableMapping.java","2"
"StateDeserializer.java","1"
"TestFileContextDeleteOnExit.java","0"
"SwiftConnectionException.java","0"
"RENAME3Request.java","0"
"TestMRFramework.java","0"
"S3InputStream.java","0"
"DefaultMetricsSystem.java","2"
"StabilityOptions.java","0"
"ExitUtil.java","0"
"KMSJMXServlet.java","0"
"StreamInputFormat.java","2"
"PathIsNotEmptyDirectoryException.java","0"
"TestHash.java","0"
"LINK3Response.java","0"
"AbstractMetricsRecord.java","0"
"SortedMapWritable.java","0"
"SwiftTestUtils.java","8"
"ZombieJobProducer.java","0"
"ResetableIterator.java","0"
"StaticUserWebFilter.java","0"
"CredentialsSys.java","3"
"TestInMemoryNativeS3FileSystemContract.java","0"
"CipherOption.java","0"
"SpanReceiverHost.java","10"
"LoggedSingleRelativeRanking.java","0"
"RefreshAuthorizationPolicyProtocol.java","0"
"TestRPCWaitForProxy.java","6"
"GangliaSink30.java","16"
"Buffer.java","0"
"MutableRate.java","0"
"KMSMDCFilter.java","8"
"ArrayFile.java","0"
"RefreshUserMappingsProtocol.java","0"
"TestWinUtils.java","34"
"TestMiniKdc.java","21"
"TestRawlocalContractSeek.java","0"
"SetReplication.java","2"
"ShutdownThreadsHelper.java","3"
"TestChildReaper.java","39"
"TestCompositeService.java","11"
"MetricsServlet.java","2"
"TestMetricsSystemImpl.java","16"
"MetricsCollectorImpl.java","0"
"TestJvmMetrics.java","0"
"Nfs3Status.java","0"
"AvroReflectSerialization.java","1"
"TestBloomFilters.java","0"
"DiffInfo.java","0"
"MetricsTimeVaryingLong.java","1"
"FSInputChecker.java","3"
"Tenant.java","0"
"EnumSetWritable.java","0"
"ViewFs.java","2"
"TextInputWriter.java","0"
"S3AFileSystem.java","37"
"ClusterStory.java","0"
"TestWritableSerialization.java","0"
"PathFilter.java","0"
"FileSystemContractBaseTest.java","18"
"MKDIR3Request.java","0"
"TestProxyServers.java","0"
"Jets3tNativeFileSystemStore.java","51"
"Result.java","0"
"TwoDArrayWritable.java","1"
"DummyHAService.java","9"
"TestRetryCacheMetrics.java","0"
"MetricsRecord.java","0"
"ClassWithNoPackage.java","0"
"Jets3tNativeS3FileSystemContractTest.java","0"
"UserProvider.java","0"
"S3FileSystemConfigKeys.java","0"
"ResourceUsageMetrics.java","0"
"BlockLocation.java","0"
"OutputBuffer.java","0"
"JFile.java","0"
"Constants.java","0"
"CLICommandFS.java","0"
"JByte.java","0"
"TestDelegationToken.java","71"
"LoadBalancingKMSClientProvider.java","8"
"TestGangliaMetrics.java","0"
"DU.java","3"
"TestConfigurationFieldsBase.java","1"
"CompositeService.java","0"
"Trash.java","2"
"JInt.java","0"
"ZKFailoverController.java","23"
"MurmurHash.java","0"
"TestLdapGroupsMapping.java","3"
"TestNativeAzureFileSystemContractEmulator.java","0"
"TestDoAsEffectiveUser.java","40"
"WritableComparator.java","6"
"ConcatenatedInputFilesDemuxer.java","0"
"SyncableDataOutputStream.java","0"
"MetricsIntValue.java","1"
"TestMapFile.java","177"
"ScriptBasedMapping.java","2"
"NetUtilsTestResolver.java","2"
"StreamXmlRecordReader.java","0"
"SwiftObjectFileStatus.java","0"
"Hash.java","0"
"FairCallQueue.java","4"
"PipeCombiner.java","1"
"AesCtrCryptoCodec.java","0"
"TestDirectBufferPool.java","0"
"VersionedWritable.java","0"
"FailApp.java","0"
"AuthenticationException.java","0"
"ProtobufHelper.java","0"
"RpcUtil.java","3"
"LoggedLocation.java","0"
"MetricsUtil.java","3"
"SerialJobFactory.java","16"
"MetricsVisitor.java","0"
"AuthenticatedURL.java","1"
"NativeAzureFileSystemBaseTest.java","36"
"UTF8ByteArrayUtils.java","0"
"RpcMultiplexer.java","0"
"TestDelegationTokenManager.java","2"
"TestListFiles.java","0"
"TestFileSystemTokens.java","0"
"ArrayListBackedIterator.java","0"
"StreamJob.java","20"
"MiniZKFCCluster.java","4"
"PureJavaCrc32C.java","0"
"ChRootedFs.java","1"
"TestIPCServerResponder.java","7"
"FailoverFailedException.java","0"
"FileContextTestHelper.java","3"
"TestStreamingSeparator.java","12"
"Pre21JobHistoryConstants.java","0"
"TestProtoBufRpc.java","5"
"GenericsUtil.java","0"
"GenericRefreshProtocolPB.java","0"
"TestSwiftFileSystemBlockLocation.java","4"
"JobHistoryParser.java","0"
"HAAdmin.java","10"
"HttpBodyContent.java","0"
"AuthToken.java","0"
"HealthMonitor.java","6"
"TestFTPFileSystem.java","0"
"KMS.java","1"
"ReduceAttempt20LineHistoryEventEmitter.java","0"
"TaskAttemptInfo.java","0"
"PriorityQueue.java","0"
"TestRPCCompatibility.java","5"
"TestKerberosAuthenticationHandler.java","21"
"TestNativeLibraryChecker.java","3"
"Nfs3Constant.java","0"
"PermissionStatus.java","0"
"TestSwiftFileSystemRead.java","2"
"MultithreadedTestUtil.java","1"
"Jets3tS3FileSystemContractTest.java","0"
"TestGlobalFilter.java","4"
"KeyStoresFactory.java","0"
"FSDataOutputStream.java","1"
"KerberosName.java","4"
"S3OutputStream.java","0"
"DoNotPool.java","0"
"SendRequestIntercept.java","1"
"TestLoadJob.java","0"
"TestCredentialsSys.java","0"
"ProtocolMetaInfoServerSideTranslatorPB.java","4"
"TestSwiftFileSystemPartitionedUploads.java","52"
"TestNativeAzureFileSystemUploadLogic.java","0"
"RefreshResponse.java","0"
"ServiceStateException.java","0"
"NetworkTopology.java","33"
"ChecksumFs.java","13"
"Progress.java","0"
"RefreshAuthorizationPolicyProtocolServerSideTranslatorPB.java","1"
"ExactComparator.java","0"
"SignerSecretProvider.java","0"
"CDFRandomGenerator.java","0"
"LocalFileSystem.java","18"
"Util.java","0"
"JobStory.java","0"
"GetGroupsTestBase.java","3"
"SSLFactory.java","1"
"PATHCONF3Request.java","0"
"XmlRecordInput.java","7"
"JRecord.java","1"
"Time.java","0"
"StringSignerSecretProvider.java","0"
"RunJar.java","10"
"JobName.java","0"
"StaticMapping.java","0"
"TestHAAdmin.java","0"
"ActiveStandbyElectorTestUtil.java","4"
"FilePool.java","3"
"JobStoryProducer.java","0"
"SETATTR3Request.java","0"
"ClassUtil.java","1"
"TableListing.java","0"
"DataInputByteBuffer.java","0"
"TestS3NContractOpen.java","0"
"Updater.java","0"
"Nfs3Base.java","2"
"SampleStat.java","0"
"NativeS3FileSystem.java","18"
"JBoolean.java","0"
"PrintJarMainClass.java","2"
"SocketInputWrapper.java","0"
"TestRecordFactory.java","0"
"Decryptor.java","0"
"RccTokenManager.java","17"
"TestCryptoStreamsForLocalFS.java","0"
"TestActiveStandbyElectorRealZK.java","10"
"ToolRunner.java","0"
"TestRawlocalContractAppend.java","0"
"Configurable.java","0"
"Server.java","84"
"MapTypeID.java","0"
"ShellBasedUnixGroupsMapping.java","1"
"TestStreamingOutputOnlyKeys.java","0"
"GridmixRecord.java","3"
"KMSJSONWriter.java","0"
"ViewFileSystemTestSetup.java","0"
"DelegationTokenRenewer.java","11"
"TestTFileSplit.java","0"
"TestFSMainOperationsLocalFileSystem.java","0"
"TestMetricsVisitor.java","0"
"TestNativeAzureFileSystemLive.java","0"
"JDouble.java","0"
"ZlibFactory.java","0"
"TestValueQueue.java","0"
"TypedBytesOutput.java","0"
"TestFileContext.java","2"
"TypedBytesMapApp.java","0"
"CacheableIPList.java","0"
"UnsupportedCodecException.java","0"
"TestSymlinkLocalFSFileContext.java","0"
"GetGroups.java","0"
"SwiftNativeOutputStream.java","11"
"TokenRenewer.java","0"
"StreamUtil.java","14"
"TestPseudoAuthenticator.java","10"
"StorageInterface.java","0"
"HAServiceStatus.java","0"
"FieldTypeInfo.java","0"
"TestCopyMapper.java","211"
"TestSwiftContractSeek.java","0"
"VerifierNone.java","0"
"TestBytesWritable.java","0"
"DelegationTokenAuthenticatedURL.java","6"
"MetricsPlugin.java","0"
"VersionMismatchException.java","0"
"MetricValue.java","0"
"TestConfigurationSubclass.java","2"
"JniBasedUnixGroupsMapping.java","1"
"ViewFsFileStatus.java","0"
"Configuration.java","47"
"MetricCounterInt.java","0"
"GetGroupsBase.java","0"
"ReconfigurationException.java","0"
"JSONUtil.java","5"
"ViewFileSystemBaseTest.java","0"
"READ3Request.java","0"
"TestSinkQueue.java","6"
"ExecutionSummarizer.java","1"
"Roles.java","0"
"TestTFileNoneCodecsStreams.java","0"
"UniqueNames.java","0"
"StringUtils.java","3"
"AclEntryScope.java","0"
"RestClientBindings.java","0"
"AbstractDelegationTokenSecretManager.java","6"
"StructTypeID.java","0"
"RawComparable.java","0"
"Exec.java","13"
"RefreshCallQueueProtocolServerSideTranslatorPB.java","1"
"MetricsContext.java","0"
"TraceAdminProtocolServerSideTranslatorPB.java","10"
"NFS3Response.java","0"
"RefreshAuthorizationPolicyProtocolClientSideTranslatorPB.java","1"
"KerberosAuthenticationHandler.java","20"
"NodeFencer.java","3"
"CLITestCmd.java","0"
"TestLocalFSContractRename.java","0"
"SwiftJsonMarshallingException.java","0"
"TestShellCommandFencer.java","6"
"XmlRecordOutput.java","2"
"TestRpcMessage.java","0"
"BuiltInZlibDeflater.java","1"
"FsCommand.java","0"
"MKNOD3Request.java","0"
"KVGenerator.java","0"
"InodeTree.java","0"
"SocketIOWithTimeout.java","11"
"SignerException.java","0"
"FileSetUtils.java","0"
"TestFileBasedIPList.java","4"
"TestStreamingStderr.java","0"
"MetricsTimeVaryingInt.java","1"
"TestDomainSocket.java","88"
"TestChecksumFileSystem.java","5"
"RewindableInputStream.java","2"
"MetricsAnnotations.java","0"
"TestNativeAzureFileSystemBlockLocations.java","0"
"RandomSignerSecretProvider.java","0"
"CredentialProvider.java","0"
"MetricsAsserts.java","0"
"TestAMSimulator.java","0"
"ShortWritable.java","0"
"LOOKUP3Request.java","0"
"Quantile.java","0"
"SchedulerMetrics.java","0"
"TestGroupFallback.java","0"
"TestTFileNoneCodecsJClassComparatorByteArrays.java","0"
"TestStreamingBackground.java","0"
"SubstringComparator.java","0"
"TestKerberosAuthenticator.java","5"
"PathOperationException.java","0"
"TestUGILoginFromKeytab.java","0"
"ZKSignerSecretProvider.java","16"
"TestPathData.java","2"
"TestS3AContractRename.java","0"
"LoadJob.java","12"
"TokenSelector.java","0"
"KerberosDelegationTokenAuthenticator.java","0"
"AccessToken.java","0"
"DistCpOptions.java","0"
"TestGridmixSummary.java","5"
"NodeBase.java","0"
"TestVersionUtil.java","0"
"DistCpV1.java","48"
"REMOVE3Request.java","0"
"WritableFactories.java","0"
"CryptoCodec.java","4"
"TestStreaming.java","0"
"RawBytesOutputReader.java","1"
"Log4Json.java","1"
"CurrentJHParser.java","3"
"HasEnhancedByteBufferAccess.java","0"
"RpcResponse.java","0"
"Summarizer.java","0"
"TestLocalFSContractLoaded.java","0"
"GlobFilter.java","0"
"SLSWebApp.java","7"
"TestS3FileSystem.java","0"
"PseudoAuthenticator.java","0"
"TestZKDelegationTokenSecretManager.java","11"
"AuthenticationFilterInitializer.java","1"
"Bzip2Compressor.java","0"
"SLSUtils.java","6"
"TestS3AContractMkdir.java","0"
"NullWritable.java","0"
"TestBlockDecompressorStream.java","1"
"FSSTAT3Request.java","0"
"AccessControlException.java","0"
"UniformSizeInputFormat.java","6"
"ClusterTopologyReader.java","2"
"SLSRunner.java","4"
"IPList.java","0"
"GraphiteSink.java","7"
"TestGridmixSubmission.java","15"
"TestGridmixStatistics.java","0"
"TestGlobExpander.java","0"
"TestS3NInMemoryFileSystem.java","0"
