InterfaceAudience.java,18
InterfaceStability.java,13
StabilityOptions.java,5
WhoClient.java,5
AuthenticatedURL.java,13
Authenticator.java,2
KerberosAuthenticator.java,42
PseudoAuthenticator.java,10
AltKerberosAuthenticationHandler.java,11
AuthenticationFilter.java,189
AuthenticationHandler.java,24
AuthenticationToken.java,164
KerberosAuthenticationHandler.java,13
PseudoAuthenticationHandler.java,26
AuthToken.java,218
FileSignerSecretProvider.java,84
KerberosName.java,4
KerberosUtil.java,10
RandomSignerSecretProvider.java,4
Signer.java,5
StringSignerSecretProvider.java,9
ZKSignerSecretProvider.java,11
TestPseudoAuthenticator.java,5
TestAuthenticationFilter.java,233
TestAuthenticationToken.java,100
TestPseudoAuthenticationHandler.java,9
StringSignerSecretProviderCreator.java,33
TestAuthToken.java,127
TestFileSignerSecretProvider.java,51
TestKerberosUtil.java,14
Null.java,20
Configuration.java,213
ReconfigurableBase.java,2
ReconfigurationServlet.java,4
AesCtrCryptoCodec.java,27
CipherSuite.java,3
CryptoInputStream.java,3
CryptoOutputStream.java,22
CryptoStreamUtils.java,7
UnsupportedCodecException.java,60
JavaKeyStoreProvider.java,33
KeyProvider.java,6
KeyShell.java,32
KMSClientProvider.java,137
LoadBalancingKMSClientProvider.java,347
ValueQueue.java,22
AbstractFileSystem.java,29
ByteBufferReadable.java,11
CanUnbuffer.java,36
ChecksumFileSystem.java,24
ChecksumFs.java,5
CommonConfigurationKeys.java,17
CommonConfigurationKeysPublic.java,7
ContentSummary.java,155
CreateFlag.java,24
DelegateToFileSystem.java,14
FSDataInputStream.java,14
FSOutputSummer.java,2
FileContext.java,70
FileSystem.java,75
FilterFileSystem.java,14
FilterFs.java,8
HarFileSystem.java,31
HardLink.java,313
LocalDirAllocator.java,2
MD5MD5CRC32FileChecksum.java,5
Path.java,1
RawLocalFileSystem.java,140
FTPFileSystem.java,31
AclEntry.java,9
AclStatus.java,79
AclCommands.java,32
Command.java,28
CommandFactory.java,1
Display.java,12
FsCommand.java,3
FsUsage.java,2
Ls.java,2
Stat.java,37
Test.java,2
Truncate.java,117
XAttrCommands.java,10
And.java,84
BaseExpression.java,302
Expression.java,107
ExpressionFactory.java,156
FilterExpression.java,144
Find.java,449
FindOptions.java,271
Name.java,101
Print.java,76
Result.java,88
ChRootedFs.java,6
ViewFileSystem.java,13
ViewFs.java,17
ActiveStandbyElector.java,4
HAAdmin.java,20
HealthMonitor.java,35
SshFenceByTcpPort.java,2
StreamPumper.java,4
ZKFailoverController.java,4
HtmlQuoting.java,19
HttpServer.java,9
HttpServer2.java,2
DefaultStringifier.java,3
FastByteComparisons.java,21
IOUtils.java,36
LongWritable.java,4
MapFile.java,143
SequenceFile.java,4
Text.java,2
WritableComparator.java,1
BZip2Codec.java,2
CodecPool.java,54
CompressionCodecFactory.java,28
DecompressorStream.java,2
TFile.java,2
TFileDumper.java,11
NativeIO.java,52
SerializationFactory.java,2
Client.java,16
ProtobufRpcEngine.java,9
RPC.java,9
RpcClientUtil.java,21
RpcConstants.java,4
Server.java,48
WritableRpcEngine.java,8
JMXJsonServlet.java,68
LogLevel.java,3
FileContext.java,154
GangliaContext.java,39
GangliaContext31.java,31
AbstractMetricsContext.java,12
CompositeContext.java,2
MetricsCollectorImpl.java,2
MetricsConfig.java,2
MetricsSinkAdapter.java,2
MetricsSourceAdapter.java,2
MetricsSystemImpl.java,2
MetricsRegistry.java,2
MutableCounterInt.java,2
MutableCounterLong.java,2
MutableGaugeInt.java,2
MutableGaugeLong.java,2
FileSink.java,2
GraphiteSink.java,2
AbstractGangliaSink.java,2
NetUtils.java,5
NetworkTopology.java,12
NetworkTopologyWithNodeGroup.java,2
ScriptBasedMappingWithDependency.java,3
SocketIOWithTimeout.java,12
TableMapping.java,19
DomainSocketWatcher.java,64
Buffer.java,8
Utils.java,8
CGenerator.java,10
CppGenerator.java,10
Rcc.java,5
AuthenticationFilterInitializer.java,41
Credentials.java,4
Groups.java,205
LdapGroupsMapping.java,16
NetgroupCache.java,61
SaslPropertiesResolver.java,4
SaslRpcClient.java,18
SaslRpcServer.java,8
SecurityUtil.java,29
ShellBasedIdMapping.java,397
UserGroupInformation.java,43
WhitelistBasedResolver.java,3
CredentialShell.java,39
JavaKeyStoreProvider.java,18
UserProvider.java,4
ServiceAuthorizationManager.java,58
FileBasedKeyStoresFactory.java,4
SSLFactory.java,5
SSLHostnameVerifier.java,10
ZKDelegationTokenSecretManager.java,158
DelegationTokenAuthenticationFilter.java,22
DelegationTokenAuthenticationHandler.java,3
DelegationTokenAuthenticator.java,3
SpanReceiverHost.java,123
TraceAdmin.java,9
TraceUtils.java,65
ApplicationClassLoader.java,40
ComparableVersion.java,7
FileBasedIPList.java,55
GenericOptionsParser.java,20
HostsFileReader.java,4
JvmPauseMonitor.java,6
LogAdapter.java,74
MachineList.java,3
NativeLibraryChecker.java,14
PrintJarMainClass.java,17
ProtoUtil.java,4
ReflectionUtils.java,14
ServletUtil.java,46
Shell.java,21
SignalLogger.java,8
StopWatch.java,108
StringUtils.java,56
BloomFilter.java,2
ChildReaper.java,234
TestConfiguration.java,141
TestConfigurationFieldsBase.java,417
TestReconfiguration.java,5
TestCryptoCodec.java,104
TestKeyProviderFactory.java,59
TestKeyShell.java,3
TestLoadBalancingKMSClientProvider.java,166
TestOsSecureRandom.java,14
FileContextCreateMkdirBaseTest.java,11
FileSystemContractBaseTest.java,4
FileSystemTestHelper.java,27
FileSystemTestWrapper.java,28
SymlinkBaseTest.java,3
TestContentSummary.java,52
TestDelegateToFileSystem.java,52
TestFileContext.java,41
TestHarFileSystem.java,1
TestHardLink.java,91
AbstractContractDeleteTest.java,27
AbstractContractMkdirTest.java,19
AbstractContractRenameTest.java,41
ContractOptions.java,7
ContractTestUtils.java,139
TestFTPFileSystem.java,33
LoadGenerator.java,343
TestCount.java,6
MockFileSystem.java,86
TestAnd.java,263
TestFilterExpression.java,145
TestFind.java,900
TestHelper.java,35
TestIname.java,93
TestName.java,93
TestPrint.java,56
TestPrint0.java,0
TestResult.java,172
ClientBaseWithFixes.java,13
DummyHAService.java,73
MiniZKFCCluster.java,9
TestHealthMonitor.java,4
TestZKFailoverController.java,10
HttpServerFunctionalTest.java,32
TestHttpServer.java,109
TestSSLHttpServer.java,15
TestIOUtils.java,44
TestMapFile.java,61
TestUTF8.java,8
TestCodecFactory.java,3
TestCodecPool.java,47
TestSerializationFactory.java,11
TestIPC.java,59
TestRPC.java,68
TestRPCWaitForProxy.java,130
TestSaslRPC.java,2
TestJMXJsonServlet.java,48
TestGangliaContext.java,41
MetricsRecords.java,2
TestGraphiteMetrics.java,2
TestMetricsSourceAdapter.java,2
TestMetricsSystemImpl.java,2
TestMetricsRegistry.java,2
TestGangliaSink.java,2
TestNetUtils.java,11
TestSocketIOWithTimeout.java,7
TestTableMapping.java,43
TestDomainSocketWatcher.java,65
TestAuthenticationFilter.java,12
TestGroupsCaching.java,284
TestSecurityUtil.java,12
TestShellBasedIdMapping.java,158
TestUGILoginFromKeytab.java,91
TestUserGroupInformation.java,5
TestCredShell.java,22
TestServiceAuthorization.java,189
KeyStoreTestUtil.java,73
TestZKDelegationTokenSecretManager.java,275
GenericTestUtils.java,42
TestJUnitSetup.java,39
TimedOutTestsListener.java,6
TestTraceUtils.java,51
TestApplicationClassLoader.java,34
TestChunkedArrayList.java,170
TestDataChecksum.java,10
TestStopWatch.java,62
TestStringUtils.java,21
TestWinUtils.java,68
TestBloomFilters.java,11
TestChildReaper.java,208
KMSACLs.java,56
KMSConfiguration.java,2
KMSJSONWriter.java,4
KeyAuthorizationKeyProvider.java,143
TestKMS.java,404
TestKMSACLs.java,18
MiniKdc.java,27
TestChangeOrgNameAndDomain.java,32
TestMiniKdc.java,22
MountResponse.java,3
MountdBase.java,26
NfsExports.java,7
FileHandle.java,3
Nfs3Base.java,3
Nfs3FileAttributes.java,3
CREATE3Request.java,3
LINK3Request.java,3
LOOKUP3Request.java,3
MKDIR3Request.java,3
MKNOD3Request.java,3
REMOVE3Request.java,3
RENAME3Request.java,3
RMDIR3Request.java,3
SYMLINK3Request.java,3
RpcProgram.java,4
RpcUtil.java,2
SimpleTcpServer.java,31
SimpleUdpServer.java,33
XDR.java,5
CredentialsSys.java,3
TestNfsExports.java,22
HttpFSFileSystem.java,62
HttpFSUtils.java,3
HttpsFSFileSystem.java,8
CheckUploadContentTypeFilter.java,8
FSOperations.java,48
HttpFSAuthenticationFilter.java,10
HttpFSExceptionProvider.java,1
HttpFSParametersProvider.java,24
HttpFSServer.java,36
HttpFSServerWebApp.java,4
XException.java,4
BaseService.java,16
Server.java,45
FileSystemAccessService.java,8
FileSystemReleaseFilter.java,6
HostnameFilter.java,6
MDCFilter.java,6
ServerWebApp.java,20
Check.java,2
ConfigurationUtils.java,2
EnumParam.java,2
EnumSetParam.java,3
JSONMapProvider.java,3
JSONProvider.java,3
Parameters.java,4
ParametersProvider.java,3
BaseTestHttpFSWith.java,40
TestHttpFSServer.java,6
NfsConfigKeys.java,26
AsyncDataService.java,3
Nfs3.java,3
Nfs3HttpServer.java,3
Nfs3Metrics.java,3
Nfs3Utils.java,3
OpenFileCtx.java,3
PrivilegedNfsGatewayStarter.java,3
RpcProgramNfs3.java,3
WriteCtx.java,3
WriteManager.java,3
TestDFSClientCache.java,3
TestNfs3HttpServer.java,3
TestRpcProgramNfs3.java,3
BookKeeperJournalManager.java,47
TestBookKeeperHACheckpoints.java,2
TestBookKeeperJournalManager.java,153
TestBookKeeperSpeculativeRead.java,167
Hdfs.java,9
BlockReaderFactory.java,26
BlockReaderLocal.java,84
BlockReaderLocalLegacy.java,32
BlockStorageLocationUtil.java,19
ClientContext.java,14
DFSClient.java,676
DFSConfigKeys.java,70
DFSInotifyEventInputStream.java,205
DFSInputStream.java,524
DFSOutputStream.java,792
DFSPacket.java,343
DFSUtil.java,15
DistributedFileSystem.java,301
HdfsConfiguration.java,2
KeyProviderCache.java,109
LeaseRenewer.java,14
PeerCache.java,21
RemoteBlockReader.java,24
RemoteBlockReader2.java,2
StorageType.java,35
XAttrHelper.java,19
BlockReportOptions.java,59
HdfsAdmin.java,35
HdfsDataInputStream.java,8
HdfsDataOutputStream.java,8
Event.java,99
EventBatch.java,41
{EventBatchList.java => EventsList.java,26
BlockListAsLongs.java,634
BlockStoragePolicy.java,2
CacheDirectiveIterator.java,10
CachePoolIterator.java,14
ClientDatanodeProtocol.java,7
ClientProtocol.java,71
DatanodeID.java,33
DatanodeInfo.java,37
DatanodeInfoWithStorage.java,67
EncryptionZoneIterator.java,15
HdfsConstants.java,3
LastBlockWithStatus.java,46
LocatedBlock.java,58
LocatedBlocks.java,9
QuotaByStorageTypeExceededException.java,56
DataTransferProtoUtil.java,34
DataTransferProtocol.java,13
PacketReceiver.java,2
PipelineAck.java,111
Receiver.java,14
Sender.java,18
InvalidMagicNumberException.java,14
SaslDataTransferClient.java,3
SaslDataTransferServer.java,6
 ...ientDatanodeProtocolServerSideTranslatorPB.java,18
ClientDatanodeProtocolTranslatorPB.java,16
 ...ientNamenodeProtocolServerSideTranslatorPB.java,50
ClientNamenodeProtocolTranslatorPB.java,56
DatanodeProtocolClientSideTranslatorPB.java,36
DatanodeProtocolServerSideTranslatorPB.java,25
 ...nterDatanodeProtocolServerSideTranslatorPB.java,6
InterDatanodeProtocolTranslatorPB.java,5
PBHelper.java,512
IPCLoggerChannel.java,8
Journal.java,30
JournalNode.java,1
Balancer.java,45
BalancingPolicy.java,2
Dispatcher.java,28
NameNodeConnector.java,26
BlockCollection.java,12
BlockIdManager.java,208
{BlockInfoContiguous.java => BlockInfo.java,86
 ...uction.java => BlockInfoUnderConstruction.java,40
BlockManager.java,796
BlockPlacementPolicy.java,3
BlockPlacementPolicyDefault.java,11
BlockPlacementPolicyWithNodeGroup.java,4
BlockStoragePolicySuite.java,6
BlocksMap.java,44
CacheReplicationMonitor.java,26
CorruptReplicasMap.java,42
DatanodeDescriptor.java,173
DatanodeManager.java,239
DatanodeStorageInfo.java,49
DecommissionManager.java,619
HeartbeatManager.java,12
InvalidateBlocks.java,8
MutableBlockCollection.java,31
PendingReplicationBlocks.java,12
UnderReplicatedBlocks.java,86
HdfsServerConstants.java,12
JspHelper.java,397
Storage.java,26
StorageInfo.java,4
BPOfferService.java,13
BPServiceActor.java,233
BPServiceActorAction.java,32
BlockMetadataHeader.java,2
BlockPoolSliceScanner.java,833
BlockPoolSliceStorage.java,180
BlockReceiver.java,166
BlockScanner.java,340
BlockSender.java,41
ChunkChecksum.java,4
DataBlockScanner.java,328
DataNode.java,565
DataNodeFaultInjector.java,4
DataNodeMXBean.java,7
DataStorage.java,636
DataXceiver.java,354
DataXceiverServer.java,6
DatanodeJspHelper.java,670
DirectoryScanner.java,60
ErrorReportAction.java,83
ReplicaHandler.java,49
ReplicaInPipeline.java,6
ReplicaInPipelineInterface.java,5
ReplicaNotFoundException.java,2
ReportBadBlockAction.java,108
SecureDataNodeStarter.java,48
ShortCircuitRegistry.java,17
StorageLocation.java,6
VolumeScanner.java,741
FsDatasetSpi.java,128
FsVolumeReference.java,48
FsVolumeSpi.java,122
ReplicaInputStreams.java,12
RollingLogs.java,73
RoundRobinVolumeChoosingPolicy.java,1
BlockPoolSlice.java,20
FsDatasetAsyncDiskService.java,47
FsDatasetImpl.java,1157
FsVolumeImpl.java,478
FsVolumeList.java,336
RamDiskAsyncLazyPersistService.java,23
RollingLogsImpl.java,241
VolumeFailureInfo.java,82
DataNodeMetrics.java,48
FSDatasetMBean.java,19
DatanodeHttpServer.java,174
SimpleHttpProxyHandler.java,161
URLDispatcher.java,59
DatanodeWebHdfsMethods.java,477
OpenEntity.java,93
DataNodeUGIProvider.java,70
ExceptionHandler.java,116
HdfsWriter.java,82
ParameterParser.java,207
WebHdfsHandler.java,270
Mover.java,47
AclEntryStatusFormat.java,136
AclFeature.java,61
AclStorage.java,91
BackupImage.java,31
BackupNode.java,8
Checkpointer.java,10
ContentCounts.java,146
ContentSummaryComputationContext.java,28
DefaultINodeAttributesProvider.java,45
DirectoryWithQuotaFeature.java,262
EditLogFileOutputStream.java,6
EditLogOutputStream.java,6
EncryptionZoneManager.java,21
FSClusterStats.java,20
FSDirAclOp.java,249
FSDirAttrOp.java,487
FSDirConcatOp.java,243
FSDirDeleteOp.java,249
FSDirMkdirOp.java,244
FSDirRenameOp.java,768
FSDirSnapshotOp.java,238
FSDirStatAndListingOp.java,508
FSDirSymlinkOp.java,129
FSDirXAttrOp.java,463
FSDirectory.java,3200
FSEditLog.java,71
FSEditLogLoader.java,277
FSEditLogOp.java,619
FSEditLogOpCodes.java,3
FSImage.java,135
FSImageFormat.java,93
FSImageFormatPBINode.java,120
FSImageFormatProtobuf.java,23
FSImageSerialization.java,18
FSImageUtil.java,4
FSNDNCacheOp.java,124
FSNamesystem.java,3789
FSNamesystemLock.java,22
FSPermissionChecker.java,254
FileJournalManager.java,4
FileUnderConstructionFeature.java,17
INode.java,189
INodeAttributeProvider.java,135
INodeAttributes.java,12
INodeDirectory.java,172
INodeDirectoryAttributes.java,34
INodeFile.java,395
INodeFileAttributes.java,5
INodeMap.java,27
INodeReference.java,124
INodeSymlink.java,27
INodeWithAdditionalFields.java,9
INodesInPath.java,376
ImageServlet.java,20
InotifyFSEditLogOpTranslator.java,102
LeaseManager.java,94
MetaRecoveryContext.java,6
NNConf.java,104
NNUpgradeUtil.java,41
NameNode.java,113
NameNodeHttpServer.java,4
NameNodeLayoutVersion.java,7
NameNodeMXBean.java,11
NameNodeRpcServer.java,607
NameNodeStatusMXBean.java,7
NamenodeFsck.java,184
NamenodeJspHelper.java,1155
Namesystem.java,4
Quota.java,12
QuotaByStorageTypeEntry.java,86
QuotaCounts.java,177
SecondaryNameNode.java,6
SequentialBlockIdGenerator.java,2
StoragePolicySummary.java,257
TransferFsImage.java,26
XAttrPermissionFilter.java,2
EditLogTailer.java,28
HAState.java,17
StandbyCheckpointer.java,12
FSNamesystemMBean.java,20
NameNodeMetrics.java,30
AbstractINodeDiff.java,11
AbstractINodeDiffList.java,69
DirectorySnapshottableFeature.java,17
DirectoryWithSnapshotFeature.java,150
FSImageFormatPBSnapshot.java,73
FileDiff.java,52
FileDiffList.java,110
FileWithSnapshotFeature.java,140
Snapshot.java,8
SnapshotDiffInfo.java,9
SnapshotManager.java,53
TopAuditLogger.java,82
TopConf.java,64
TopMetrics.java,131
RollingWindow.java,189
RollingWindowManager.java,346
NamenodeWebHdfsMethods.java,30
BlockCommand.java,2
BlockRecoveryCommand.java,20
BlockReportContext.java,52
BlocksWithLocations.java,2
DatanodeProtocol.java,15
DatanodeRegistration.java,22
DatanodeStorage.java,21
InterDatanodeProtocol.java,3
NamespaceInfo.java,52
ServerCommand.java,8
StorageBlockReport.java,8
VolumeFailureSummary.java,72
DfsClientShmManager.java,3
ShortCircuitCache.java,23
ShortCircuitReplica.java,12
AdminHelper.java,192
CacheAdmin.java,264
CryptoAdmin.java,130
DFSAdmin.java,208
DFSHAAdmin.java,4
DFSZKFailoverController.java,9
DFSck.java,80
DebugAdmin.java,361
GetConf.java,17
GetStoragePolicies.java,65
StoragePolicyAdmin.java,231
OfflineEditsVisitorFactory.java,7
DelimitedImageVisitor.java,2
FSImageHandler.java,168
FSImageLoader.java,43
FileDistributionCalculator.java,13
FileDistributionVisitor.java,4
LsImageVisitor.java,6
OfflineImageViewerPB.java,67
PBImageDelimitedTextWriter.java,134
PBImageTextWriter.java,589
PBImageXmlWriter.java,13
WebImageViewer.java,109
LsSnapshottableDir.java,2
SnapshotDiff.java,2
ByteArrayManager.java,15
ChunkedArrayList.java,44
EnumCounters.java,42
LongBitFormat.java,4
ReferenceCountMap.java,118
RwLock.java,9
AuthFilter.java,3
ByteRangeInputStream.java,38
JsonUtil.java,248
ParamFilter.java,3
URLConnectionFactory.java,7
WebHdfsFileSystem.java,55
EnumParam.java,3
EnumSetParam.java,3
IntegerParam.java,3
LengthParam.java,5
LongParam.java,3
NewLengthParam.java,49
OffsetParam.java,5
PostOpParam.java,2
ShortParam.java,3
UserProvider.java,3
TestEnhancedByteBufferAccess.java,66
TestHDFSFileContextMainOperations.java,32
TestSymlinkHdfs.java,3
TestUnbuffer.java,127
 ...stHdfsTextCommand.java => TestTextCommand.java,11
AppendTestUtil.java,56
DFSTestUtil.java,170
MiniDFSCluster.java,129
MiniDFSClusterWithNodeGroup.java,4
TestAppendSnapshotTruncate.java,497
TestBlockReaderFactory.java,3
TestBlockReaderLocal.java,4
TestBlockReaderLocalLegacy.java,63
TestBlockStoragePolicy.java,1
TestCrcCorruption.java,3
TestDFSInotifyEventInputStream.java,218
TestDFSOutputStream.java,31
TestDFSPacket.java,93
TestDFSPermission.java,18
TestDFSShell.java,35
TestDFSUpgrade.java,50
TestDFSUpgradeFromImage.java,19
TestDataTransferKeepalive.java,8
TestDataTransferProtocol.java,45
TestDatanodeBlockScanner.java,496
TestDatanodeDeath.java,17
TestDatanodeLayoutUpgrade.java,2
TestDatanodeStartupFixesLegacyStorageIDs.java,139
TestDecommission.java,459
TestEncryptionZones.java,37
TestEncryptionZonesWithHA.java,4
TestEncryptionZonesWithKMS.java,13
TestFetchImage.java,9
TestFileAppend.java,165
TestFileAppend2.java,2
TestFileAppend3.java,3
TestFileAppend4.java,4
TestFileAppendRestart.java,10
TestFileCorruption.java,17
TestFileCreation.java,5
TestFileCreationDelete.java,9
TestFileStatus.java,23
TestGetBlocks.java,18
TestHFlush.java,140
TestInjectionForSimulatedStorage.java,4
TestKeyProviderCache.java,124
TestLease.java,4
TestLeaseRecovery.java,6
TestLeaseRenewer.java,10
TestMissingBlocksAlert.java,62
TestMultiThreadedHflush.java,11
TestParallelReadUtil.java,4
TestPipelines.java,10
TestRenameWhileOpen.java,11
TestReplication.java,44
TestReservedRawPaths.java,6
TestRollingUpgrade.java,52
TestSafeMode.java,17
TestStoragePolicyCommands.java,47
TestWriteBlockGetsBlockLengthHint.java,3
UpgradeUtilities.java,2
TestBlockListAsLongs.java,240
TestPacketReceiver.java,5
TestSaslDataTransfer.java,28
TestPBHelper.java,2
TestNNWithQJM.java,58
TestJournalNode.java,15
TestBalancer.java,97
TestBalancerWithMultipleNameNodes.java,8
BlockManagerTestUtil.java,18
TestBlockInfo.java,18
TestBlockInfoUnderConstruction.java,37
TestBlockManager.java,96
TestBlocksWithNotEnoughRacks.java,2
TestComputeInvalidateWork.java,173
TestDatanodeDescriptor.java,12
TestDatanodeManager.java,84
TestHeartbeatHandling.java,32
TestHostFileManager.java,3
TestNameNodePrunesMissingStorages.java,252
TestNodeCount.java,4
TestOverReplicatedBlocks.java,28
TestPendingInvalidateBlock.java,4
TestReplicationPolicy.java,43
TestReplicationPolicyConsiderLoad.java,16
TestReplicationPolicyWithNodeGroup.java,4
TestUnderReplicatedBlockQueues.java,19
TestJspHelper.java,216
BlockReportTestBase.java,57
DataNodeTestUtils.java,85
SimulatedFSDataset.java,178
TestBPOfferService.java,171
TestBlockHasMultipleReplicasOnSameDN.java,13
TestBlockRecovery.java,61
TestBlockReplacement.java,111
TestBlockScanner.java,815
TestCachingStrategy.java,38
TestDataDirs.java,2
TestDataNodeExit.java,16
TestDataNodeHotSwapVolumes.java,412
TestDataNodeMetrics.java,107
TestDataNodeVolumeFailure.java,88
TestDataNodeVolumeFailureReporting.java,424
TestDataNodeVolumeFailureToleration.java,8
TestDataStorage.java,26
TestDatanodeJsp.java,188
TestDatanodeProtocolRetryPolicy.java,236
TestDirectoryScanner.java,41
TestDiskError.java,4
TestDnRespectsBlockReportSplitThreshold.java,9
TestFsDatasetCache.java,3
TestHSync.java,19
TestIncrementalBrVariations.java,13
TestMultipleNNDataBlockScanner.java,245
TestNNHandlesBlockReportPerStorage.java,7
TestNNHandlesCombinedBlockReport.java,4
TestSimulatedFSDataset.java,4
TestStorageReport.java,9
TestTriggerBlockReport.java,134
ExternalDatasetImpl.java,436
ExternalReplica.java,65
ExternalReplicaInPipeline.java,101
ExternalVolumeImpl.java,100
TestExternalDataset.java,88
FsDatasetTestUtil.java,43
LazyPersistTestCase.java,58
TestFsDatasetImpl.java,268
TestFsVolumeList.java,123
TestInterDatanodeProtocol.java,13
TestLazyPersistFiles.java,69
TestRbwSpaceReservation.java,67
TestScrLazyPersistFiles.java,16
TestWriteToReplica.java,14
TestDatanodeWebHdfsMethods.java,54
TestParameterParser.java,86
TestMover.java,64
TestStorageMover.java,2
CreateEditsLog.java,8
FSAclBaseTest.java,337
FSImageTestUtil.java,7
NNThroughputBenchmark.java,50
NameNodeAdapter.java,12
TestAddBlock.java,12
TestAddBlockRetry.java,18
TestAuditLogger.java,104
TestBlockUnderConstruction.java,10
TestCacheDirectives.java,3
TestCheckpoint.java,29
 ...alformedURLs.java => TestClusterJspHelper.java,50
TestCommitBlockSynchronization.java,21
TestCorruptFilesJsp.java,131
TestDeadDatanode.java,43
TestDecommissioningStatus.java,99
TestDefaultBlockPlacementPolicy.java,22
TestDeleteRace.java,32
TestDiskspaceQuotaUpdate.java,166
TestEditLog.java,15
TestEditLogRace.java,43
TestFSDirectory.java,47
TestFSImage.java,54
TestFSImageWithSnapshot.java,2
TestFSNamesystemMBean.java,69
TestFSPermissionChecker.java,20
TestFavoredNodesEndToEnd.java,29
TestFileContextAcl.java,6
TestFileTruncate.java,1242
TestFsLimits.java,4
TestFsck.java,409
TestFsckWithMultipleNameNodes.java,158
TestHDFSConcat.java,95
TestHostsFiles.java,27
TestINodeAttributeProvider.java,229
TestINodeFile.java,24
TestLeaseManager.java,27
TestListCorruptFileBlocks.java,7
TestMetaSave.java,23
TestNameNodeAcl.java,6
TestNameNodeJspHelper.java,372
TestNameNodeMXBean.java,244
TestNameNodeRecovery.java,3
TestNamenodeCapacityReport.java,81
TestNamenodeRetryCache.java,137
TestProcessCorruptBlocks.java,4
TestQuotaByStorageType.java,786
TestSaveNamespace.java,11
TestSecondaryWebUi.java,31
TestSequentialBlockId.java,42
TestSnapshotPathINodes.java,202
TestStoragePolicySummary.java,201
TestTruncateQuotaUpdate.java,248
TestDNFencing.java,36
TestDNFencingWithReplication.java,4
TestDelegationTokensWithHA.java,2
TestEditLogsDuringFailover.java,2
TestHAAppend.java,52
TestHAMetrics.java,13
TestHASafeMode.java,5
TestHAWebUI.java,74
TestPendingCorruptDnMessages.java,2
TestPipelinesFailover.java,15
TestRetryCacheWithHA.java,19
TestStandbyBlockManagement.java,20
TestStandbyCheckpoints.java,25
TestStandbyIsHot.java,7
TestNameNodeMetrics.java,38
SnapshotTestHelper.java,47
TestAclWithSnapshot.java,192
TestNestedSnapshots.java,41
TestOpenFilesWithSnapshot.java,3
TestRenameWithSnapshots.java,115
TestSnapshot.java,8
TestSnapshotBlocksMap.java,24
TestSnapshotDeletion.java,178
TestSnapshotFileLength.java,67
TestSnapshotManager.java,20
TestSnapshotReplication.java,11
TestXAttrWithSnapshot.java,71
TestRollingWindow.java,84
TestRollingWindowManager.java,102
TestWebHdfsDataLocality.java,8
TestShortCircuitCache.java,64
TestShortCircuitLocalRead.java,2
TestDebugAdmin.java,119
TestOfflineEditsViewer.java,9
TestOfflineImageViewer.java,91
TestOfflineImageViewerForAcl.java,5
TestByteArrayManager.java,43
TestChunkedArrayList.java,93
TestFSMainOperationsWebHdfs.java,80
TestJsonUtil.java,22
TestWebHDFS.java,45
TestWebHDFSAcl.java,6
TestWebHdfsFileSystemContract.java,4
TestWebHdfsWithMultipleNameNodes.java,13
TestTraceAdmin.java,12
TestTracing.java,179
TestTracingShortCircuitLocalRead.java,8
MapReduceChildJVM.java,34
TaskAttemptListenerImpl.java,4
JobHistoryEventHandler.java,26
JobEndNotifier.java,2
MRAppMaster.java,2
MRClientService.java,2
ContainerLauncherImpl.java,2
RMCommunicator.java,2
RMContainerAllocator.java,2
RMContainerRequestor.java,2
ClientHSPolicyProvider.java,17
DefaultSpeculator.java,2
AppController.java,2
CountersBlock.java,2
NavBlock.java,2
TestJobHistoryEventHandler.java,14
TestMRClientService.java,2
TestRuntimeEstimators.java,2
TestMapReduceChildJVM.java,2
TestContainerLauncher.java,2
TestRMContainerAllocator.java,2
TestAMWebApp.java,2
TypeConverter.java,3
package-info.java,2
JHAdminConfig.java,2
MRApps.java,2
TestTypeConverter.java,6
DistributedCache.java,2
ClusterStatus.java,4
FileInputFormat.java,12
FileOutputFormat.java,6
IFile.java,2
IndexCache.java,2
JobACLsManager.java,1
JobClient.java,8
JobConf.java,47
JobEndNotifier.java,27
LineRecordReader.java,1
MapTask.java,9
Mapper.java,2
Merger.java,11
QueueManager.java,34
RecordReader.java,2
Reducer.java,14
Task.java,28
TaskCompletionEvent.java,32
TaskLog.java,4
TaskLogAppender.java,2
Job.java,4
ChainMapper.java,40
ChainReducer.java,44
CombineFileInputFormat.java,4
CombineFileRecordReader.java,5
InputSampler.java,2
MultipleOutputs.java,29
MultithreadedMapRunner.java,8
TokenCountMapper.java,2
ValueAggregatorJob.java,2
ValueAggregatorReducer.java,3
DBInputFormat.java,6
Cluster.java,1
ClusterMetrics.java,6
CryptoUtils.java,10
Job.java,54
JobContext.java,2
JobResourceUploader.java,363
JobSubmissionFiles.java,2
JobSubmitter.java,329
MRJobConfig.java,66
Mapper.java,9
Reducer.java,12
TaskCompletionEvent.java,32
FileSystemCounterGroup.java,4
package-info.java,2
DistributedCache.java,9
ValueAggregatorJob.java,4
Chain.java,9
ChainMapper.java,10
ChainReducer.java,14
DBInputFormat.java,38
DBWritable.java,2
DataDrivenDBInputFormat.java,5
OracleDataDrivenDBInputFormat.java,2
FieldSelectionHelper.java,2
CombineFileRecordReader.java,5
DelegatingInputFormat.java,2
FileInputFormat.java,12
LineRecordReader.java,1
ControlledJob.java,2
Parser.java,2
TupleWritable.java,2
MultithreadedMapper.java,6
FileOutputCommitter.java,213
FileOutputFormat.java,2
MultipleOutputs.java,13
BinaryPartitioner.java,2
InputSampler.java,2
TotalOrderPartitioner.java,2
SecureShuffleUtils.java,15
JobContextImpl.java,2
Fetcher.java,73
InMemoryReader.java,4
OnDiskMapOutput.java,9
ShuffleSchedulerImpl.java,9
CLI.java,30
ConfigUtil.java,6
ResourceBundles.java,2
TestFileOutputCommitter.java,134
TestLineRecordReader.java,58
TestDbClasses.java,8
TestLineRecordReader.java,38
TestFileOutputCommitter.java,244
TestFetcher.java,105
TestMerger.java,2
TestShuffleScheduler.java,68
TestCLI.java,45
CompletedJob.java,2
HSProxies.java,2
HistoryClientService.java,2
HistoryFileManager.java,2
HistoryServerLeveldbStateStoreService.java,379
JobHistoryServer.java,2
HSAdmin.java,2
package-info.java,2
HSAdminProtocol.java,2
HSAdminRefreshProtocol.java,2
 ...AdminRefreshProtocolClientSideTranslatorPB.java,3
HSAdminRefreshProtocolPB.java,4
 ...AdminRefreshProtocolServerSideTranslatorPB.java,3
HSAdminServer.java,2
HsNavBlock.java,2
TestHistoryServerLeveldbStateStoreService.java,207
TestJobHistoryEntities.java,2
TestJobHistoryServer.java,2
TestHSAdminServer.java,2
ClientServiceDelegate.java,6
ResourceMgrDelegate.java,12
YARNRunner.java,14
RandomTextWriterJob.java,2
TestDFSIO.java,103
TestFileSystem.java,4
LoadGeneratorMR.java,483
ArgumentParser.java,2
ConfigExtractor.java,59
ConfigMerger.java,35
ConfigOption.java,9
Constants.java,10
OperationData.java,3
OperationFactory.java,3
OperationOutput.java,4
SliveTest.java,3
TestSlive.java,27
TruncateOp.java,114
NNBench.java,4
FileBench.java,17
TestClientRedirect.java,8
TestClientServiceDelegate.java,44
TestMRTimelineEventHandling.java,12
TestMapRed.java,3
TestMiniMRChildTask.java,35
TestMiniMRClientCluster.java,2
TestYARNRunner.java,26
LargeSorter.java,3
RandomTextWriter.java,6
RandomWriter.java,7
TestClientProtocolProviderImpls.java,71
TestLargeSort.java,1
TestMapReduce.java,12
TestCombineFileInputFormat.java,36
TestMRJobs.java,2
MapredTestDriver.java,12
UserNamePermission.java,2
ShuffleHandler.java,4
BaileyBorweinPlouffe.java,2
DBCountPageView.java,2
Grep.java,6
Join.java,2
MultiFileWordCount.java,4
QuasiMonteCarlo.java,6
RandomTextWriter.java,6
RandomWriter.java,7
SecondarySort.java,4
Sort.java,2
WordCount.java,2
WordMean.java,3
WordMedian.java,3
WordStandardDeviation.java,3
DistributedPentomino.java,2
DistBbp.java,2
DistSum.java,3
Parser.java,5
Bellard.java,9
Modular.java,2
GenSort.java,2
TeraGen.java,4
TeraOutputFormat.java,27
TestTeraSort.java,42
ProtocMojo.java,7
Exec.java,11
FileSetUtils.java,4
VersionInfoMojo.java,7
DfsTask.java,6
HadoopArchives.java,33
TestHadoopArchives.java,77
Jets3tFileSystemStore.java,3
S3Credentials.java,3
S3FileSystem.java,3
BasicAWSCredentialsProvider.java,3
Constants.java,3
S3AFastOutputStream.java,3
S3AFileStatus.java,3
S3AFileSystem.java,3
S3AInputStream.java,3
S3AOutputStream.java,3
NativeS3FileSystem.java,3
TestS3AContractRename.java,3
S3FileSystemContractBaseTest.java,3
S3AFileSystemContractBaseTest.java,3
S3ATestUtils.java,3
TestS3ABlocksize.java,3
TestS3AConfiguration.java,3
TestS3AFastOutputStream.java,3
TestS3AFileSystemContract.java,3
S3AScaleTestBase.java,3
TestS3ADeleteManyFiles.java,3
NativeS3FileSystemContractBaseTest.java,3
TestJets3tNativeFileSystemStore.java,3
AzureLinkedStack.java,217
AzureNativeFileSystemStore.java,2627
BlobMaterialization.java,42
FileMetadata.java,120
KeyProvider.java,43
NativeAzureFileSystem.java,2428
NativeFileSystemStore.java,110
PageBlobFormatHelpers.java,58
PageBlobInputStream.java,455
PageBlobOutputStream.java,584
PartialListing.java,61
SelfRenewingLease.java,203
SelfThrottlingIntercept.java,196
SendRequestIntercept.java,168
ShellDecryptionKeyProvider.java,62
SimpleKeyProvider.java,43
StorageInterface.java,694
StorageInterfaceImpl.java,468
SyncableDataOutputStream.java,62
Wasb.java,47
WasbFsck.java,196
AzureFileSystemInstrumentation.java,394
AzureFileSystemMetricsSystem.java,69
BandwidthGaugeUpdater.java,289
ErrorMetricUpdater.java,82
ResponseReceivedMetricUpdater.java,146
RollingWindowAverage.java,103
AzureBlobStorageTestAccount.java,876
InMemoryBlockBlobStore.java,192
MockStorageInterface.java,584
NativeAzureFileSystemBaseTest.java,1517
TestAzureConcurrentOutOfBandIo.java,193
TestAzureFileSystemErrorConditions.java,240
TestBlobDataValidation.java,236
TestBlobMetadata.java,272
TestBlobTypeSpeedDifference.java,160
TestContainerChecks.java,175
TestNativeAzureFSPageBlobLive.java,43
TestNativeAzureFileSystemBlockLocations.java,139
TestNativeAzureFileSystemConcurrency.java,187
TestNativeAzureFileSystemContractEmulator.java,50
TestNativeAzureFileSystemContractLive.java,76
TestNativeAzureFileSystemContractMocked.java,56
TestNativeAzureFileSystemFileNameCheck.java,141
TestNativeAzureFileSystemLive.java,107
TestNativeAzureFileSystemMocked.java,63
TestNativeAzureFileSystemOperationsMocked.java,78
TestNativeAzureFileSystemUploadLogic.java,186
TestOutOfBandAzureBlobOperations.java,174
TestOutOfBandAzureBlobOperationsLive.java,203
TestReadAndSeekPageBlobAfterWrite.java,365
TestShellDecryptionKeyProvider.java,82
TestWasbFsck.java,134
TestWasbUriAndConfiguration.java,395
AzureMetricsTestUtil.java,83
TestAzureFileSystemInstrumentation.java,573
TestBandwidthGaugeUpdater.java,78
TestNativeAzureFileSystemMetricsSystem.java,88
TestRollingWindowAverage.java,42
CopyListing.java,18
CopyListingFileStatus.java,8
DiffInfo.java,90
DistCp.java,67
DistCpConstants.java,3
DistCpOptionSwitch.java,14
DistCpOptions.java,34
DistCpSync.java,211
FileBasedCopyListing.java,4
OptionsParser.java,26
SimpleCopyListing.java,2
CopyCommitter.java,4
CopyMapper.java,5
CopyOutputFormat.java,4
RetriableFileCopyCommand.java,3
UniformSizeInputFormat.java,4
DynamicInputFormat.java,4
DynamicRecordReader.java,12
DistCpUtils.java,18
RetriableCommand.java,2
ThrottledInputStream.java,10
TestDistCpSync.java,387
TestOptionsParser.java,75
DistCh.java,23
DistCpV1.java,1
DistTool.java,8
Logalyzer.java,13
CompressionEmulationUtil.java,8
DistributedCacheEmulator.java,10
GenerateDistCacheData.java,6
Gridmix.java,36
GridmixJob.java,6
GridmixJobSubmissionPolicy.java,3
PseudoLocalFs.java,2
Statistics.java,26
ResourceUsageEmulatorPlugin.java,2
TestCompressionEmulationUtils.java,2
RestClientBindings.java,6
SwiftRestClient.java,6
SwiftNativeFileSystem.java,6
SwiftNativeFileSystemStore.java,13
SwiftTestUtils.java,6
TestSwiftFileSystemExtendedContract.java,4
Hadoop20JHParser.java,20
HadoopLogsAnalyzer.java,35
InputDemuxer.java,4
JobBuilder.java,2
LoggedTask.java,3
LoggedTaskAttempt.java,3
MapAttempt20LineHistoryEventEmitter.java,20
ParsedConfigFile.java,11
RandomSeedGenerator.java,4
ReduceAttempt20LineHistoryEventEmitter.java,20
MapReduceJobPropertiesParser.java,5
package-info.java,8
NodeInfo.java,3
RMNodeWrapper.java,3
ResourceSchedulerWrapper.java,6
Environment.java,7
ApplicationBaseProtocol.java,335
ApplicationClientProtocol.java,311
ApplicationHistoryProtocol.java,303
ClientSCMProtocol.java,90
ClientSCMProtocolPB.java,28
AllocateRequest.java,25
AllocateResponse.java,68
FinishApplicationMasterRequest.java,25
FinishApplicationMasterResponse.java,7
GetApplicationsRequest.java,1
GetClusterMetricsResponse.java,4
GetContainerStatusesRequest.java,2
GetContainerStatusesResponse.java,2
GetLabelsToNodesRequest.java,41
GetLabelsToNodesResponse.java,45
GetQueueInfoRequest.java,2
GetQueueInfoResponse.java,11
KillApplicationResponse.java,9
RegisterApplicationMasterRequest.java,33
RegisterApplicationMasterResponse.java,11
ReleaseSharedCacheResourceRequest.java,67
ReleaseSharedCacheResourceResponse.java,37
StartContainerRequest.java,9
UseSharedCacheResourceRequest.java,70
UseSharedCacheResourceResponse.java,55
ApplicationAttemptReport.java,23
ApplicationReport.java,47
ApplicationSubmissionContext.java,51
Container.java,49
ContainerId.java,5
ContainerLaunchContext.java,35
ContainerReport.java,44
ContainerStatus.java,21
LocalResource.java,38
LocalResourceType.java,32
LocalResourceVisibility.java,31
LogAggregationContext.java,106
NodeReport.java,25
PreemptionMessage.java,32
QueueACL.java,13
QueueInfo.java,25
QueueState.java,15
ReservationRequest.java,17
ReservationRequestInterpreter.java,38
ResourceRequest.java,70
YarnConfiguration.java,300
SCMAdminProtocol.java,53
SCMAdminProtocolPB.java,31
RunSharedCacheCleanerTaskRequest.java,37
RunSharedCacheCleanerTaskResponse.java,58
UpdateNodeResourceRequest.java,4
ApplicationMaster.java,51
TestDistributedShell.java,5
UnmanagedAMLauncher.java,9
SCMAdmin.java,183
AHSClient.java,24
AMRMClient.java,7
NMClient.java,4
NMTokenCache.java,58
SharedCacheClient.java,108
YarnClient.java,54
AMRMClientAsync.java,11
AMRMClientAsyncImpl.java,13
AMRMClientImpl.java,50
SharedCacheClientImpl.java,166
YarnClientImpl.java,139
ApplicationCLI.java,127
ClusterCLI.java,157
LogsCLI.java,11
NodeCLI.java,15
QueueCLI.java,5
RMAdminCLI.java,114
ProtocolHATestBase.java,6
TestAHSClient.java,6
TestAMRMClient.java,72
TestNMClient.java,10
TestSharedCacheClientImpl.java,170
TestYarnClient.java,297
TestClusterCLI.java,158
TestLogsCLI.java,1
TestRMAdminCLI.java,134
TestYarnCLI.java,148
ContainerLogAppender.java,18
ContainerRollingLogAppender.java,11
ApplicationClientProtocolPBClientImpl.java,19
ClientSCMProtocolPBClientImpl.java,93
ApplicationClientProtocolPBServiceImpl.java,21
ClientSCMProtocolPBServiceImpl.java,78
GetApplicationsRequestPBImpl.java,6
GetLabelsToNodesRequestPBImpl.java,121
GetLabelsToNodesResponsePBImpl.java,184
RegisterApplicationMasterResponsePBImpl.java,3
ReleaseSharedCacheResourceRequestPBImpl.java,122
ReleaseSharedCacheResourceResponsePBImpl.java,53
UseSharedCacheResourceRequestPBImpl.java,120
UseSharedCacheResourceResponsePBImpl.java,79
ApplicationSubmissionContextPBImpl.java,3
ContainerReportPBImpl.java,19
LocalResourcePBImpl.java,20
LogAggregationContextPBImpl.java,39
PriorityPBImpl.java,2
ResourceRequestPBImpl.java,4
ServerProxy.java,1
TimelineClientImpl.java,212
AsyncDispatcher.java,22
AggregatedLogFormat.java,52
LogCLIHelpers.java,4
CommonNodeLabelsManager.java,361
NodeLabel.java,113
NodeLabelsStore.java,10
AccessType.java,33
AdminACLsManager.java,31
ConfiguredYarnAuthorizer.java,97
PrivilegedEntity.java,83
YarnAuthorizationProvider.java,112
YARNDelegationTokenIdentifier.java,36
SCMAdminProtocolPBClientImpl.java,73
SCMAdminProtocolPBServiceImpl.java,57
RunSharedCacheCleanerTaskRequestPBImpl.java,53
RunSharedCacheCleanerTaskResponsePBImpl.java,66
ApplicationACLsManager.java,8
SharedCacheChecksum.java,43
SharedCacheChecksumFactory.java,84
Graph.java,17
VisualizeStateMachine.java,2
AbstractLivelinessMonitor.java,8
ConverterUtils.java,9
CpuTimeTracker.java,100
FSDownload.java,10
LinuxResourceCalculatorPlugin.java,65
ProcfsBasedProcessTree.java,257
ResourceCalculatorPlugin.java,12
ResourceCalculatorProcessTree.java,124
StringHelper.java,6
Times.java,3
WindowsBasedProcessTree.java,56
Resources.java,5
ResponseInfo.java,6
WebApps.java,11
YarnWebParams.java,5
HamletGen.java,6
AggregatedLogsBlock.java,10
WebAppUtils.java,19
HtmlBlock.java,2
JQueryUI.java,3
NavBlock.java,2
TestContainerLogAppender.java,47
TestPBImplRecords.java,12
TestTimelineClient.java,76
TestYarnConfigurationFields.java,106
DrainDispatcher.java,50
TestAggregatedLogFormat.java,3
NodeLabelTestBase.java,33
TestCommonNodeLabelsManager.java,275
TestFileSystemNodeLabelsStore.java,23
TestYARNTokenIdentifier.java,31
TestConverterUtils.java,15
TestFSDownload.java,33
TestLinuxResourceCalculatorPlugin.java,4
TestProcfsBasedProcessTree.java,181
TestResourceCalculatorProcessTree.java,15
TestWindowsBasedProcessTree.java,19
JerseyTestBase.java,42
RegistryCli.java,425
RegistryUtils.java,11
RegistryOperationsClient.java,2
CuratorService.java,5
RegistrySecurity.java,33
ZookeeperConfigOptions.java,3
MicroZookeeperService.java,10
RegistryAdminService.java,6
package-info.java,9
TestRegistryCli.java,197
ApplicationHistoryClientService.java,184
ApplicationHistoryManager.java,126
ApplicationHistoryManagerImpl.java,2
ApplicationHistoryManagerOnTimelineStore.java,42
ApplicationHistoryServer.java,7
AHSView.java,28
AHSWebApp.java,16
AHSWebServices.java,10
AppAttemptPage.java,17
AppPage.java,21
LeveldbTimelineStore.java,486
MemoryTimelineStore.java,14
TimelineDataManager.java,50
TimelineReader.java,3
LeveldbTimelineStateStore.java,420
MemoryTimelineStateStore.java,96
TimelineStateStore.java,193
TimelineDelegationTokenIdentifierData.java,63
TimelineAuthenticationFilterInitializer.java,51
 ...imelineDelegationTokenSecretManagerService.java,192
LeveldbUtils.java,141
CrossOriginFilter.java,18
TimelineWebServices.java,3
TestApplicationHistoryClientService.java,20
 ...stApplicationHistoryManagerOnTimelineStore.java,48
TestApplicationHistoryServer.java,46
TestAHSWebApp.java,27
TestAHSWebServices.java,30
TestLeveldbTimelineStore.java,97
TestTimelineDataManager.java,26
TimelineStoreTestUtils.java,36
TestLeveldbTimelineStateStore.java,213
TestTimelineAuthenticationFilter.java,221
TestTimelineWebServices.java,4
ZKClient.java,9
ApplicationContext.java,122
SCMUploaderProtocol.java,83
SCMUploaderProtocolPB.java,28
SCMUploaderProtocolPBClientImpl.java,93
SCMUploaderProtocolPBServiceImpl.java,79
RegisterNodeManagerRequest.java,3
SCMUploaderCanUploadRequest.java,49
SCMUploaderCanUploadResponse.java,52
SCMUploaderNotifyRequest.java,67
SCMUploaderNotifyResponse.java,51
NodeHeartbeatResponsePBImpl.java,3
SCMUploaderCanUploadRequestPBImpl.java,78
SCMUploaderCanUploadResponsePBImpl.java,75
SCMUploaderNotifyRequestPBImpl.java,93
SCMUploaderNotifyResponsePBImpl.java,73
NodeHealthStatus.java,24
ApplicationMetricsConstants.java,6
ContainerMetricsConstants.java,2
RMAuthenticationFilter.java,2
RMAuthenticationFilterInitializer.java,31
SharedCacheUtil.java,91
BuilderUtils.java,14
AppAttemptBlock.java,140
AppBlock.java,182
AppsBlock.java,53
ContainerBlock.java,36
WebPageUtils.java,86
WebServices.java,86
AppInfo.java,11
ContainerInfo.java,5
ContainerExecutor.java,59
DefaultContainerExecutor.java,35
DeletionService.java,40
DirectoryCollection.java,2
DockerContainerExecutor.java,16
LinuxContainerExecutor.java,12
NodeManager.java,4
NodeStatusUpdaterImpl.java,39
WindowsSecureContainerExecutor.java,44
AuxServices.java,2
ContainerManagerImpl.java,17
ApplicationImpl.java,2
ContainerImpl.java,249
LocalResourceRequest.java,11
ResourceLocalizationService.java,134
SharedCacheUploadEvent.java,58
SharedCacheUploadEventType.java,28
SharedCacheUploadService.java,126
SharedCacheUploader.java,289
AppLogAggregatorImpl.java,41
NonAggregatingLogHandler.java,63
ContainerMetrics.java,235
ContainerStartMonitoringEvent.java,7
ContainersMonitorImpl.java,80
NodeManagerMetrics.java,44
NMLeveldbStateStoreService.java,95
NMNullStateStoreService.java,16
NMStateStoreService.java,35
CgroupsLCEResourcesHandler.java,113
NodeManagerHardwareUtils.java,16
ProcessIdFileReader.java,12
ContainerLogsPage.java,4
NavBlock.java,2
TestContainerExecutor.java,53
TestDockerContainerExecutorWithMocks.java,6
TestLinuxContainerExecutorWithMocks.java,49
TestLocalDirsHandlerService.java,12
TestNodeManagerResync.java,1
TestNodeStatusUpdater.java,115
TestContainerManagerRecovery.java,10
TestContainer.java,29
TestLocalResourcesTrackerImpl.java,5
TestResourceLocalizationService.java,288
TestSharedCacheUploadService.java,50
TestSharedCacheUploader.java,241
TestLogAggregationService.java,102
TestNonAggregatingLogHandler.java,79
TestContainerMetrics.java,110
TestNodeManagerMetrics.java,24
NMMemoryStateStoreService.java,79
TestNMLeveldbStateStoreService.java,58
TestCgroupsLCEResourcesHandler.java,80
TestNMWebServices.java,4
TestNMWebServicesApps.java,4
TestNMWebServicesContainers.java,4
AdminService.java,158
ApplicationMasterService.java,23
ClientRMService.java,56
ClusterMetrics.java,13
NodesListManager.java,10
RMActiveServiceContext.java,457
RMAppManager.java,23
RMContext.java,3
RMContextImpl.java,276
RMSecretManagerService.java,12
RMServerUtils.java,25
ResourceManager.java,71
ResourceTrackerService.java,43
ApplicationMasterLauncher.java,1
ApplicationFinishedEvent.java,9
ContainerCreatedEvent.java,8
SystemMetricsPublisher.java,15
ProportionalCapacityPreemptionPolicy.java,232
MemoryRMNodeLabelsManager.java,10
RMNodeLabelsManager.java,101
FileSystemRMStateStore.java,461
LeveldbRMStateStore.java,692
MemoryRMStateStore.java,123
NullRMStateStore.java,14
RMStateStore.java,531
RMStateStoreAMRMTokenEvent.java,46
RMStateStoreAppAttemptEvent.java,8
RMStateStoreAppEvent.java,8
RMStateStoreEventType.java,11
RMStateStoreRMDTEvent.java,45
RMStateStoreRMDTMasterKeyEvent.java,39
RMStateStoreRemoveAppEvent.java,8
RMStateUpdateAppAttemptEvent.java,9
RMStateUpdateAppEvent.java,8
ZKRMStateStore.java,176
ApplicationAttemptStateData.java,36
ApplicationStateData.java,25
ApplicationAttemptStateDataPBImpl.java,60
AbstractReservationSystem.java,109
AbstractSchedulerPlanFollower.java,411
CapacityOverTimePolicy.java,14
CapacityReservationSystem.java,113
CapacitySchedulerPlanFollower.java,361
FairReservationSystem.java,90
FairSchedulerPlanFollower.java,141
NoOverCommitPolicy.java,4
Planner.java,3
ReservationConstants.java,28
ReservationSchedulerConfiguration.java,159
SharingPolicy.java,3
SimpleCapacityReplanner.java,14
ResourceWeights.java,3
RMApp.java,3
RMAppImpl.java,24
AMLivelinessMonitor.java,6
RMAppAttempt.java,11
RMAppAttemptImpl.java,110
RMAppAttemptMetrics.java,31
RMContainer.java,1
RMContainerImpl.java,31
RMNodeImpl.java,162
RMNodeReconnectEvent.java,9
AbstractYarnScheduler.java,153
AppSchedulingInfo.java,46
NodeType.java,9
ResourceLimits.java,40
ResourceUsage.java,299
SchedulerApplicationAttempt.java,33
SchedulerNode.java,31
SchedulerUtils.java,38
YarnScheduler.java,16
AbstractCSQueue.java,378
CSQueue.java,46
CSQueueUtils.java,230
CapacityHeadroomProvider.java,16
CapacityScheduler.java,176
CapacitySchedulerConfiguration.java,214
CapacitySchedulerContext.java,2
LeafQueue.java,732
ParentQueue.java,239
PlanQueue.java,15
QueueCapacities.java,257
ReservationQueue.java,10
UserInfo.java,15
FiCaSchedulerApp.java,19
FiCaSchedulerNode.java,11
NodeLabelsUpdateSchedulerEvent.java,37
SchedulerEventType.java,1
AllocationConfiguration.java,81
AllocationFileLoaderService.java,61
FSAppAttempt.java,27
FSLeafQueue.java,302
FSQueue.java,22
FairScheduler.java,189
FairSchedulerConfiguration.java,4
MaxRunningAppsEnforcer.java,48
QueueManager.java,15
QueuePlacementRule.java,30
ReservationQueueConfiguration.java,116
SchedulingPolicy.java,11
ComputeFairShares.java,19
FifoScheduler.java,28
AMRMTokenSecretManager.java,14
DelegationTokenRenewer.java,184
NMTokenSecretManagerInRM.java,2
QueueACLsManager.java,7
RMAuthenticationHandler.java,157
RMContainerTokenSecretManager.java,4
RMDelegationTokenSecretManager.java,15
AppAttemptPage.java,56
AppBlock.java,191
AppPage.java,28
AppsBlock.java,128
AppsBlockWithMetrics.java,1
CapacitySchedulerPage.java,84
ContainerPage.java,44
DefaultSchedulerPage.java,5
FairSchedulerAppsBlock.java,14
FairSchedulerPage.java,52
JAXBContextResolver.java,2
MetricsOverviewTable.java,31
NavBlock.java,5
NodeLabelsPage.java,91
NodesPage.java,152
RMAppAttemptBlock.java,179
RMAppBlock.java,94
RMWebApp.java,13
RMWebServices.java,162
RmController.java,14
RmView.java,31
AppInfo.java,25
AppQueue.java,46
CapacitySchedulerLeafQueueInfo.java,36
ClusterMetricsInfo.java,3
FairSchedulerLeafQueueInfo.java,14
FairSchedulerQueueInfo.java,43
SchedulerInfo.java,44
UserMetricsInfo.java,3
YarnTestDriver.java,60
MockAM.java,54
MockNM.java,6
MockNodes.java,47
MockRM.java,17
ParameterizedSchedulerTestBase.java,12
TestAppManager.java,13
TestApplicationCleanup.java,121
TestClientRMService.java,107
TestClusterMetrics.java,60
TestContainerResourceUsage.java,3
TestFifoScheduler.java,24
TestRMHA.java,66
TestRMNodeTransitions.java,4
TestRMRestart.java,207
TestResourceTrackerService.java,31
TestWorkPreservingRMRestart.java,140
MockAsm.java,7
TestAMRMRPCNodeUpdates.java,9
TestAMRestart.java,14
TestSystemMetricsPublisher.java,26
TestProportionalCapacityPreemptionPolicy.java,425
TestRMNodeLabelsManager.java,174
RMStateStoreTestBase.java,139
TestFSRMStateStore.java,66
TestLeveldbRMStateStore.java,139
TestZKRMStateStore.java,181
TestZKRMStateStorePerf.java,277
TestZKRMStateStoreZKClientConnections.java,33
ReservationSystemTestUtil.java,175
TestCapacityOverTimePolicy.java,21
TestCapacityReservationSystem.java,33
TestCapacitySchedulerPlanFollower.java,211
TestFairReservationSystem.java,128
TestFairSchedulerPlanFollower.java,203
TestGreedyReservationAgent.java,30
TestNoOverCommitPolicy.java,15
TestSchedulerPlanFollowerBase.java,191
TestSimpleCapacityReplanner.java,8
MockRMApp.java,7
TestRMAppTransitions.java,54
TestAMLivelinessMonitor.java,81
TestRMAppAttemptTransitions.java,45
TestRMContainerImpl.java,6
TestAbstractYarnScheduler.java,354
TestResourceUsage.java,138
TestSchedulerUtils.java,54
TestApplicationLimits.java,276
TestCSQueueUtils.java,250
TestCapacityScheduler.java,528
TestCapacitySchedulerDynamicBehavior.java,3
TestCapacitySchedulerNodeLabelUpdate.java,194
TestChildQueueOrder.java,36
TestContainerAllocation.java,50
TestLeafQueue.java,382
TestParentQueue.java,111
TestQueueCapacities.java,127
TestQueueMappings.java,2
TestQueueParsing.java,136
TestReservations.java,142
FairSchedulerTestBase.java,26
PeriodGroupsMapping.java,44
TestAllocationFileLoaderService.java,105
TestContinuousScheduling.java,117
TestFSLeafQueue.java,93
TestFairScheduler.java,677
TestFairSchedulerConfiguration.java,6
TestFairSchedulerPreemption.java,3
TestMaxRunningAppsEnforcer.java,64
TestQueuePlacementPolicy.java,49
TestFifoScheduler.java,51
TestAMRMTokens.java,45
TestClientToAMTokens.java,3
TestDelegationTokenRenewer.java,177
TestAppPage.java,94
TestNodesPage.java,47
TestRMWebApp.java,54
TestRMWebAppFairScheduler.java,24
TestRMWebServices.java,67
TestRMWebServicesApps.java,14
TestRMWebServicesAppsModification.java,306
TestRMWebServicesCapacitySched.java,29
TestRMWebServicesDelegationTokens.java,10
TestRMWebServicesFairScheduler.java,11
TestRMWebServicesNodeLabels.java,24
TestRMWebServicesNodes.java,11
AppChecker.java,65
CleanerService.java,218
CleanerTask.java,308
ClientProtocolService.java,192
RemoteAppChecker.java,102
SCMAdminProtocolService.java,144
SharedCacheManager.java,163
SharedCacheUploaderService.java,140
CleanerMetrics.java,150
ClientSCMMetrics.java,90
SharedCacheUploaderMetrics.java,82
InMemorySCMStore.java,520
SCMStore.java,213
SharedCacheResource.java,64
SharedCacheResourceReference.java,86
SCMController.java,43
SCMMetricsInfo.java,70
SCMOverviewPage.java,95
SCMWebServer.java,91
DummyAppChecker.java,43
TestCleanerTask.java,152
TestClientSCMProtocolService.java,278
TestRemoteAppChecker.java,107
TestSCMAdminProtocolService.java,135
TestSharedCacheUploaderService.java,188
TestCleanerMetrics.java,64
SCMStoreBaseTest.java,41
TestInMemorySCMStore.java,317
MiniYARNCluster.java,10
ProxyUriUtils.java,13
ProxyUtils.java,127
WebAppProxy.java,14
WebAppProxyServer.java,22
WebAppProxyServlet.java,207
AmFilterInitializer.java,2
AmIpFilter.java,50
TestWebAppProxyServlet.java,107
TestAmFilter.java,39